baseline,,sample_5_in_1000,,
Wavelength (nm),Abs,Wavelength (nm),Abs,
800.0101318,0.001244878396,800.0101318,0.001026685233,
799.0389404,-0.001152672572,799.0389404,-0.001265479717,
798.0673218,-0.001223922591,798.0673218,-0.0007755754632,
796.9564209,-0.0009552281699,796.9564209,-0.000906046771,
795.9840088,-0.001423825044,795.9840088,-0.002164720325,
795.0111694,-0.001604808727,795.0111694,-5.140649228E-5,
794.0380249,-0.0002756498288,794.0380249,0.002252266277,
793.0644531,-0.0005032938789,793.0644531,0.001344343647,
791.951355,-0.001138524385,791.951355,-0.001551986672,
790.9769897,-0.0005356643815,790.9769897,-0.0006251619197,
790.0022583,0.0001590466272,790.0022583,-0.0002554193779,
789.0271606,8.662309119E-5,789.0271606,0.001270865439,
788.0516968,0.0006784054567,788.0516968,-0.001278229989,
786.9364014,0.0003940596071,786.9364014,0.001644512988,
785.960144,-0.00126702839,785.960144,-0.0006004497991,
784.9835205,0.001330581727,784.9835205,0.002132561989,
784.0064697,0.0001274035312,784.0064697,0.00191722461,
783.0291138,-0.001589540509,783.0291138,-0.0008542763535,
782.0513306,-0.003987183794,782.0513306,-0.001186904963,
780.9334717,7.313401875E-5,780.9334717,0.001586753991,
779.9549561,-9.623336518E-5,779.9549561,0.0006437432021,
778.9760132,0.0002289699623,778.9760132,0.0009704612312,
777.9967651,0.0001748172363,777.9967651,0.002282529138,
777.0170898,-0.001279881806,777.0170898,0.0008770992281,
776.0371094,-0.000365925167,776.0371094,0.001891094842,
775.0567017,-0.0001910999417,775.0567017,0.0007123444811,
773.9358521,0.0009041018202,773.9358521,0.001290570945,
772.9547119,0.0009084079065,772.9547119,0.002003008733,
771.9731445,-0.0001737636194,771.9731445,0.0003140844638,
770.991272,-0.0004298049607,770.991272,0.001044381643,
770.0090332,0.000578574196,770.0090332,-0.0004111850867,
769.0264282,5.832500392E-5,769.0264282,-0.0003628731647,
768.043396,1.755104131E-5,768.043396,0.001033301814,
767.0600586,6.497863797E-5,767.0600586,0.0005622964818,
765.935791,0.0003137218009,765.935791,0.001471051364,
764.9517212,0.0005233411794,764.9517212,0.001180579653,
763.9672241,-0.001119263587,763.9672241,-0.0002326007816,
762.9823608,-0.001318801194,762.9823608,-5.471949044E-5,
761.9971924,-0.0009147262317,761.9971924,-0.0007036832394,
761.0116577,0.0004457779869,761.0116577,0.002064022236,
760.0256958,-0.0008096826496,760.0256958,0.0008156038821,
759.0394287,-0.001360813738,759.0394287,-0.000541093701,
758.0527954,0.0005055623478,758.0527954,0.002128920285,
757.0657959,-0.0001037903276,757.0657959,0.002733001951,
755.9373779,-8.815866022E-5,755.9373779,0.002191980835,
754.949646,-8.738223551E-5,754.949646,0.002046206268,
753.9615479,0.0004933301243,753.9615479,0.002262336202,
752.9730835,-0.0003294034104,752.9730835,0.0009175129817,
751.9842529,5.87392351E-5,751.9842529,0.0005033335765,
750.9950562,-0.0002683028288,750.9950562,0.002216567518,
750.0055542,0.000397686963,750.0055542,0.00287788664,
749.015625,-3.50999544E-5,749.015625,0.001367636025,
748.0253906,0.0009666734259,748.0253906,0.002256975975,
747.03479,-0.0007153129554,747.03479,0.002307953779,
746.0438843,0.0001567937288,746.0438843,0.002705598716,
745.0525513,-0.001067466917,745.0525513,0.002525411779,
744.0609131,-0.0008046700968,744.0609131,0.002488701371,
743.0689087,-2.112243601E-5,743.0689087,0.003304275684,
741.9347534,-0.001229859539,741.9347534,0.003007075749,
740.9420166,-0.0003462679451,740.9420166,0.004602546338,
739.9489136,0.0006431210204,739.9489136,0.004840997979,
738.9554443,-0.0004599570821,738.9554443,0.002847842639,
737.9616699,-0.0005790970172,737.9616699,0.004309476819,
736.9675293,0.001090649865,736.9675293,0.004409384914,
735.9730225,-0.000336387282,735.9730225,0.00378557737,
734.9782104,-0.0002772537409,734.9782104,0.003280774923,
733.9830322,-0.0001139868473,733.9830322,0.003201883286,
732.9874878,-0.0005724272924,732.9874878,0.003512681928,
731.9915771,-0.001015199232,731.9915771,0.004150602035,
730.9953613,-0.0007408454549,730.9953613,0.003311161883,
729.9987793,-0.00062878069,729.9987793,0.003844804596,
729.0018921,-0.001033586566,729.0018921,0.002755508991,
728.0046387,0.0006092392141,728.0046387,0.004429024179,
727.007019,0.0004430571862,727.007019,0.003999204841,
726.0090942,-0.0004049782874,726.0090942,0.005349636078,
725.0108032,-0.001164083602,725.0108032,0.003830441041,
724.012146,0.0001456070895,724.012146,0.003799129976,
723.0131836,-0.0002696998126,723.0131836,0.003481941763,
722.013855,0.000354471762,722.013855,0.004758708179,
721.0142212,-0.0006212329026,721.0142212,0.003980290145,
720.0142212,0.000418311567,720.0142212,0.004306888673,
719.013916,0.0006627721014,719.013916,0.00514165638,
718.0131836,-0.0003938575683,718.0131836,0.004407083616,
717.012207,-0.0003380427079,717.012207,0.004123579711,
716.0108643,0.0001825085346,716.0108643,0.005190066062,
715.0091553,6.76194104E-5,715.0091553,0.005759205669,
714.0071411,0.0005119896377,714.0071411,0.005293007009,
713.0047607,0.000824343937,713.0047607,0.005746614654,
712.0020752,-0.0004355976416,712.0020752,0.004529875237,
710.9990234,-0.0002876014041,710.9990234,0.005543085281,
709.9956665,-0.0001944636169,709.9956665,0.005139403511,
708.9919434,4.988512592E-5,708.9919434,0.004485226702,
707.987915,9.193080041E-5,707.987915,0.005310720764,
706.9835815,0.0001437426836,706.9835815,0.005622875411,
705.9788208,-0.0001498539059,705.9788208,0.005500089377,
704.9738159,0.000663394283,704.9738159,0.005337659735,
703.9684448,-2.764533383E-5,703.9684448,0.004944982007,
702.9627075,-0.0004147022264,702.9627075,0.00559017621,
701.956665,0.0008751279092,701.956665,0.005710496567,
700.9503174,-0.000884295674,700.9503174,0.004875734914,
699.9436035,-0.0002004146954,699.9436035,0.005051243119,
698.9365845,0.0004327700881,698.9365845,0.005686969962,
697.9292603,-0.0001509924914,697.9292603,0.005073425826,
697.0655518,0.0001695602987,697.0655518,0.005515714176,
696.0575562,3.160791675E-5,696.0575562,0.005324242637,
695.0492554,0.000888901297,695.0492554,0.00647581229,
694.0406494,0.0006311700563,694.0406494,0.006683406886,
693.0316772,-0.0003160561901,693.0316772,0.00548407156,
692.0223999,0.0003904582118,692.0223999,0.00583431311,
691.0128174,0.0002915997757,691.0128174,0.005475787912,
690.0028687,-0.0005513316719,690.0028687,0.004896023776,
688.9926147,-0.0001009435437,688.9926147,0.006128046196,
687.9819946,0.0002115398675,687.9819946,0.006129096728,
686.9711304,0.0004638394166,686.9711304,0.006608468015,
685.9598389,-0.0001375362481,685.9598389,0.005714457016,
684.9483032,-0.0006306418218,684.9483032,0.006387669127,
683.9364624,-0.001251231995,683.9364624,0.004994678777,
683.0688477,-0.000554899394,683.0688477,0.00680550281,
682.0563965,-0.0007120049559,682.0563965,0.005557060242,
681.0435791,-0.0006101693725,681.0435791,0.006261698902,
680.0304565,-0.000616321573,680.0304565,0.005282945,
679.0170288,-0.000459750212,679.0170288,0.006509025116,
678.0032349,-7.242290303E-5,678.0032349,0.006204267964,
676.9891357,-0.0003013116657,676.9891357,0.006080109626,
675.9747314,-0.0001728838542,675.9747314,0.007037195843,
674.960022,0.0007710764185,674.960022,0.00697761029,
673.9450073,-0.0007186725852,673.9450073,0.006249750033,
672.9296265,-0.0006169936387,672.9296265,0.006289668847,
672.059082,-0.0008493159548,672.059082,0.006416487973,
671.0431519,-0.0005263051135,671.0431519,0.006674600765,
670.0268555,-0.0009414352244,670.0268555,0.005916072056,
669.0103149,0.0006372621283,669.0103149,0.007432428654,
667.9934082,0.0008458187804,667.9934082,0.007856356911,
666.9761963,-0.0004847806122,666.9761963,0.008037028834,
665.9586792,-0.0001636720117,665.9586792,0.008116540499,
664.9407959,0.0001639926777,664.9407959,0.008033996448,
664.0681152,-2.195074558E-5,664.0681152,0.007060584612,
663.0497437,-0.0004876765888,663.0497437,0.006939705927,
662.0310059,4.884956797E-5,662.0310059,0.007770568132,
661.0119629,-0.000222355302,661.0119629,0.007727799006,
659.9925537,0.0004115229531,659.9925537,0.007139286026,
658.9729004,-0.0002191988315,658.9729004,0.008271886036,
657.9529419,-0.0001211294366,657.9529419,0.007496870123,
656.9326172,-0.0001409521064,656.9326172,0.008070413955,
656.0578613,-0.00087044877,656.0578613,0.008277505636,
655.0369873,0.0005024524289,655.0369873,0.008064612746,
654.0158081,-0.0002543845621,654.0158081,0.007914665155,
652.9943237,-0.0001834409923,652.9943237,0.00768192485,
651.9725342,0.0001546185231,651.9725342,0.007098604925,
650.9504395,-0.0002476580848,650.9504395,0.009202064015,
649.9280396,3.727739386E-5,649.9280396,0.007463897578,
649.0514526,-0.0004078230995,649.0514526,0.007937653922,
648.0284424,-0.0006242313539,648.0284424,0.007311446592,
647.005188,-0.0002530910133,647.005188,0.007675706409,
645.9815674,0.001149640651,645.9815674,0.009561113082,
644.9577026,0.0001083462921,644.9577026,0.007855012082,
643.9334717,-0.000270527642,643.9334717,0.007885193452,
643.0553589,-0.0006173038273,643.0553589,0.007334297523,
642.0306396,2.076104283E-5,642.0306396,0.008258245885,
641.0055542,-0.000365925167,641.0055542,0.008236849681,
639.9801636,-0.0006305901334,639.9801636,0.008136400953,
638.9545288,-0.0002906539012,638.9545288,0.007566562388,
637.9285278,-0.0007828622474,637.9285278,0.00842103269,
637.0488892,-3.023375939E-5,637.0488892,0.008923657238,
636.0223999,-0.0005183935282,636.0223999,0.00808639545,
634.9955444,3.305764039E-5,634.9955444,0.008472898044,
633.9684448,-0.0001407968375,633.9684448,0.009162326343,
632.940979,-0.0004675077216,632.940979,0.008588817902,
632.0601196,0.0006253891042,632.0601196,0.008951614611,
631.0321045,-0.0008452855982,631.0321045,0.00868226774,
630.0038452,0.001913220505,630.0038452,0.009254286997,
628.9752808,0.0001514593168,628.9752808,0.008773043752,
627.9464111,-0.0008087524911,627.9464111,0.009011973627,
627.06427,-0.0002580581931,627.06427,0.009385095909,
626.0348511,-6.626757113E-6,626.0348511,0.008782421239,
625.005127,1.141586199E-5,625.005127,0.00900861714,
623.9750977,-2.697234049E-5,623.9750977,0.008711846545,
622.9448242,6.306279829E-5,622.9448242,0.008496786468,
622.0614624,-0.0001544082334,622.0614624,0.009418161586,
621.0306396,-0.000539128785,621.0306396,0.009095893241,
619.9994507,8.688199887E-5,619.9994507,0.009452367201,
618.9680176,-0.0009533684351,618.9680176,0.009488295764,
617.9362793,-0.0002367920388,617.9362793,0.009020061232,
617.0517578,9.092103573E-5,617.0517578,0.009418479167,
616.0194702,0.0001965448464,616.0194702,0.009506287053,
614.9868774,-1.75503319E-5,614.9868774,0.01007186901,
613.9540405,0.0003893700195,613.9540405,0.01020472683,
613.0685425,0.0001045401223,613.0685425,0.01105784997,
612.0351563,-0.0004195124202,612.0351563,0.01087206788,
611.0014648,-0.0007293715025,611.0014648,0.01101273764,
609.9674683,0.0003433836682,609.9674683,0.01129535586,
608.9332275,-3.484111585E-5,608.9332275,0.011021154,
608.0465088,-0.0001399169996,608.0465088,0.0120825367,
607.0117188,-0.0005739267217,607.0117188,0.01222660765,
605.9766235,-0.0002850662568,605.9766235,0.01268664002,
604.9412842,-0.0001058089474,604.9412842,0.01342118625,
604.0535889,0.0003811568895,604.0535889,0.01364705991,
603.0177002,-8.17919572E-5,603.0177002,0.01382951718,
601.9815674,-0.0004234949884,601.9815674,0.01415967848,
600.9450684,-0.0006170970155,600.9450684,0.01478213258,
600.0564575,0.000514995947,600.0564575,0.01570020616,
599.0194702,0.0001406094525,599.0194702,0.01617320441,
597.9822388,-0.0001562195976,597.9822388,0.01703321747,
596.9446411,0.0008994845557,596.9446411,0.01775199361,
596.0551147,0.0004633211356,596.0551147,0.01808887534,
595.0170288,-0.0003131073317,595.0170288,0.0193445012,
593.9786987,0.000308566785,593.9786987,0.021072492,
592.9400635,-0.000200000708,592.9400635,0.02259259671,
592.0495605,-0.0002753394074,592.0495605,0.02256088518,
591.010437,-0.0002335321769,591.010437,0.02483050339,
589.9710083,0.0003488499497,589.9710083,0.0265574716,
588.9312744,0.0001061454386,588.9312744,0.02808875591,
588.039917,-0.000221889597,588.039917,0.02955324203,
586.9996948,-0.0004711278598,586.9996948,0.03168709204,
585.9591675,-0.0004511133593,585.9591675,0.03464363888,
585.0670776,-0.0001395547151,585.0670776,0.03714068979,
584.026062,0.0008536257083,584.026062,0.04090861976,
582.9848022,-0.0006516819121,582.9848022,0.04324541613,
581.9432373,-0.0003955127613,581.9432373,0.04619625956,
581.0502319,-0.0003351457126,581.0502319,0.04982851073,
580.0081787,3.67855173E-5,580.0081787,0.05325538293,
578.9658203,0.0001648990292,578.9658203,0.056391038,
578.0721436,-0.0002557815751,578.0721436,0.05806434527,
577.0292969,2.236605178E-5,577.0292969,0.06142127514,
575.9862061,0.0002634437406,575.9862061,0.06409490108,
574.9428101,0.0001549292647,574.9428101,0.06619882584,
574.0482178,-0.0002861527319,574.0482178,0.06854808331,
573.0043335,-0.0002040370309,573.0043335,0.06981462985,
571.960144,-0.0002856353531,571.960144,0.07154914737,
571.0649414,0.0003492126416,571.0649414,0.07197450101,
570.0202637,0.0003123229544,570.0202637,0.072272636,
568.9753418,-0.0004202365235,568.9753418,0.07182854414,
567.9301147,-8.536353562E-5,567.9301147,0.07147528976,
567.0339966,-1.698086271E-5,567.0339966,0.07093639672,
565.9882813,-0.0002099362318,565.9882813,0.07024406642,
564.9423218,-3.820600978E-5,564.9423218,0.06880936027,
564.0455933,-0.0001029621781,564.0455933,0.06808692217,
562.9990845,0.001069681952,562.9990845,0.06668958813,
561.9523926,3.784693399E-5,561.9523926,0.06471871585,
561.0549927,5.268114182E-5,561.0549927,0.06414858252,
560.0077515,9.594399307E-5,560.0077515,0.06302979589,
558.9602661,-0.0003658217029,558.9602661,0.06102719158,
558.0621948,0.0001165542708,558.0621948,0.06068439782,
557.0142212,-0.0002338943887,557.0142212,0.06035231426,
555.9659424,-2.107066757E-5,555.9659424,0.06044271961,
555.0672607,-0.0002868253505,555.0672607,0.05909312516,
554.0185547,-0.0006100143073,554.0185547,0.05841710046,
552.9695435,0.0001176158767,552.9695435,0.05846235156,
552.0701904,0.0001147158764,552.0701904,0.05840208381,
551.020752,-0.0001117094725,551.020752,0.05885280669,
549.9710083,-8.12743383E-5,549.9710083,0.05936987326,
549.0710449,3.795048906E-5,549.0710449,0.06014376134,
548.020813,-0.0006149773835,548.020813,0.05970414728,
546.9703369,-3.504818596E-5,546.9703369,0.06151393056,
546.0697021,-0.001146941097,546.0697021,0.06242759153,
545.0187988,-0.0002963967272,545.0187988,0.06343630701,
543.9675903,-0.0005012254114,543.9675903,0.0647078082,
543.0663452,-1.258039811E-5,543.0663452,0.0666000396,
542.0146484,-0.0001763511827,542.0146484,0.06716252863,
540.9627075,0.0007375995046,540.9627075,0.0674791187,
540.0608521,0.0002740117488,540.0608521,0.06752901524,
539.0084229,-0.0003527859517,539.0084229,0.06860683113,
537.9557495,4.486269972E-5,537.9557495,0.06922034919,
537.0532837,-4.338271538E-5,537.0532837,0.06861720234,
536.0001221,-0.0003581141063,536.0001221,0.06878233701,
534.9467163,4.628657916E-5,534.9467163,0.06874603778,
534.0436401,-0.000179352719,534.0436401,0.06830444187,
532.9897461,-3.753303099E-5,532.9897461,0.06868181378,
531.9356689,-0.0002382926032,531.9356689,0.06734896451,
531.0319214,-0.0003155388404,531.0319214,0.06651037186,
529.977356,-0.0008062720299,529.977356,0.06456034631,
529.0732422,0.0002553624799,529.0732422,0.06452256441,
528.0181885,-0.0003269719891,528.0181885,0.06325983256,
526.9628906,-0.001007813029,526.9628906,0.06213798746,
526.0581665,-0.000321177853,526.0581665,0.06051770225,
525.0023804,-0.000173608365,525.0023804,0.0601737611,
523.9464111,-0.0001210776827,523.9464111,0.05809212849,
523.0410767,-0.0008269419195,523.0410767,0.05639793351,
521.9846191,-0.0002802545787,521.9846191,0.05584305525,
520.9279175,-0.001115442254,520.9279175,0.05341287702,
520.0219727,-0.0004705072497,520.0219727,0.05228105187,
518.9647827,-0.0002292373974,518.9647827,0.05131711811,
518.0584717,-4.607457959E-5,518.0584717,0.05040906742,
517.0008545,-7.169821038E-5,517.0008545,0.04889922962,
515.9429932,-0.0003323004348,515.9429932,0.04770731926,
515.0360718,-7.506866041E-6,515.0360718,0.04691043869,
513.9777222,0.0001971922902,513.9777222,0.0461259,
513.0704346,-0.0003547517117,513.0704346,0.04514590278,
512.0116577,-0.00029117128,512.0116577,0.04483693838,
510.9526672,0.000244846713,510.9526672,0.04371728003,
510.0447693,-0.0001256840769,510.0447693,0.04314491153,
508.985321,-0.0001750574011,508.985321,0.04240686819,
507.9256287,-9.012559167E-5,507.9256287,0.04175185785,
507.0171204,-0.0001329299848,507.0171204,0.04141829908,
505.9570007,-0.0002821171656,505.9570007,0.04073611647,
505.0481262,-0.0002603865287,505.0481262,0.04028082639,
503.9875488,2.117523763E-5,503.9875488,0.04048431665,
502.9267273,-0.0001529073779,502.9267273,0.03986664116,
502.0172729,-0.0006556106382,502.0172729,0.03961968422,
500.9560242,-0.0006411878276,500.9560242,0.03925463557,
500.0462036,-0.0002383960964,500.0462036,0.03927633911,
498.9844971,-0.0001430223056,498.9844971,0.03964554518,
498.0742798,-0.0007617251249,498.0742798,0.03876310587,
497.012146,-0.0002700619807,497.012146,0.03898831457,
495.9497986,-0.0001077757988,495.9497986,0.03900405765,
495.0390015,-6.885612947E-6,495.0390015,0.03922128677,
493.9762268,-0.0006336919032,493.9762268,0.03866304085,
493.0650635,-0.0001471626747,493.0650635,0.03879415616,
492.0018311,0.0002167973144,492.0018311,0.03924494609,
490.9383545,-7.382050535E-5,490.9383545,0.03962305561,
490.0266418,-0.0001358800801,490.0266418,0.03958565369,
488.9627686,-7.651218039E-5,488.9627686,0.0388953574,
488.0506592,4.121241727E-5,488.0506592,0.03990318999,
486.9863586,-0.0001563231053,486.9863586,0.03982930258,
486.0738831,-0.0002180604206,486.0738831,0.0400470309,
485.0091553,-0.0001575134374,485.0091553,0.04091956839,
483.9441833,-0.0001501126681,483.9441833,0.04038242996,
483.0311584,-1.998350854E-5,483.0311584,0.04071664438,
481.9657593,-0.0003249026486,481.9657593,0.04067923129,
481.0523682,-0.0006273848703,481.0523682,0.0411098972,
479.9865417,-0.0006783553399,479.9865417,0.0424470529,
479.0728149,-0.0002027433511,479.0728149,0.04267143831,
478.0065918,6.710161688E-5,478.0065918,0.0431416519,
476.9401245,-0.0001298246061,476.9401245,0.04377917945,
476.0258179,-8.991854702E-5,476.0258179,0.04450232536,
474.9589233,-0.0001124858463,474.9589233,0.04514098912,
474.044281,-2.215782297E-5,474.044281,0.04628500342,
472.9769897,-0.0004033231235,472.9769897,0.0465156436,
472.0619812,-0.0001950328588,472.0619812,0.04815519601,
470.9942627,8.134132804E-5,470.9942627,0.04955551028,
469.9263306,6.306279829E-5,469.9263306,0.05102050304,
469.0108032,-0.0002769433195,469.0108032,0.05296425521,
467.9424438,-0.0002728041727,467.9424438,0.05415454507,
467.0265503,-0.0002161975572,467.0265503,0.05598947778,
465.9577942,-9.773441707E-5,465.9577942,0.05749418586,
465.0415344,0.0001318831492,465.0415344,0.05981170759,
463.9723816,-0.0008497809758,463.9723816,0.0622782968,
463.0557861,-0.0003501477186,463.0557861,0.06457079202,
461.9862061,0.0001591760956,461.9862061,0.06775687635,
461.0692749,-0.0002192505635,461.0692749,0.0701777041,
459.9992981,-9.587104432E-5,459.9992981,0.07369096577,
458.9291077,-0.0002764259116,458.9291077,0.07755371183,
458.0116272,-4.524631731E-5,458.0116272,0.08136241883,
456.94104,-0.0003914264671,456.94104,0.08472736925,
456.0232239,0.0001472902513,456.0232239,0.08896876127,
454.95224,-5.523714208E-5,454.95224,0.09277322888,
454.0340576,-0.000984775601,454.0340576,0.09592770785,
452.962677,-0.0004062196531,452.962677,0.1021296009,
452.0441589,-0.0001014611407,452.0441589,0.1068704128,
450.9723816,-0.0002496243105,450.9723816,0.1128986031,
450.0535583,8.413021533E-6,450.0535583,0.1174335256,
448.9813538,-6.263952673E-5,448.9813538,0.1248000115,
448.0621948,-0.0003907540522,448.0621948,0.1323153377,
446.989624,-0.0001040491261,446.989624,0.1402287632,
446.0700989,7.494634337E-5,446.0700989,0.1472543925,
444.9971313,5.646096542E-5,444.9971313,0.1565264612,
443.9239502,-0.0003086581128,443.9239502,0.1675940305,
443.0039368,-0.0001617571688,443.0039368,0.1781613678,
441.9303589,-2.578165913E-5,441.9303589,0.1908823103,
441.0100098,-0.0004436141753,441.0100098,0.2023530304,
439.9360657,1.931136103E-5,439.9360657,0.2203625292,
439.0153809,-0.0002266501542,439.0153809,0.2345906496,
437.94104,-0.0005111540086,437.94104,0.2541970015,
437.0200195,-0.0008557747351,437.0200195,0.2763860822,
435.945282,-0.0001665183954,435.945282,0.30058375,
435.0239563,-0.0003606488463,435.0239563,0.3224651217,
433.9488525,-0.0007448767428,433.9488525,0.3535173535,
433.0271606,-8.153314411E-5,433.0271606,0.3804722428,
431.9516907,-9.183370275E-5,431.9516907,0.4152542353,
431.0296936,-3.230448783E-5,431.0296936,0.449619323,
429.9538269,0.0002857974614,429.9538269,0.4841513336,
429.0315247,8.853091458E-6,429.0315247,0.5140289068,
427.9552917,-0.0002642153413,427.9552917,0.5493836999,
427.0326538,0.0001310545485,427.0326538,0.5807147622,
425.9560242,0.0001133176629,425.9560242,0.6143866777,
425.0330811,-0.0002563507296,425.0330811,0.6405975819,
423.9560852,-5.850189609E-6,423.9560852,0.6723178029,
423.0328064,0.0001892935688,423.0328064,0.6915733814,
421.9554443,-0.0001353107655,421.9554443,0.7077744007,
421.0318604,-0.0002037265513,421.0318604,0.718423903,
419.9541321,0.0002614493133,419.9541321,0.7219824195,
419.0302124,-0.0004986397689,419.0302124,0.7211007476,
417.9521484,0.0002292548597,417.9521484,0.7113392949,
417.0278931,-0.0007216186495,417.0278931,0.7002568245,
415.9494629,0.000219905196,415.9494629,0.6826015115,
415.0249023,0.0001822754566,415.0249023,0.6608906984,
413.946106,-0.0004811088729,413.946106,0.6353672743,
413.0212402,-0.0003823227307,413.0212402,0.6156054139,
411.9420776,-0.0001248042099,411.9420776,0.587400198,
411.0169067,9.552027223E-6,411.0169067,0.5630505085,
409.9373779,-0.001232698909,409.9373779,0.5310043097,
409.0119019,0.0004537850327,409.0119019,0.511929214,
407.9320068,-0.0004010990087,407.9320068,0.4829153419,
407.0062256,-0.0003855814866,407.0062256,0.4624723792,
405.9259644,-0.0001299798751,405.9259644,0.439620018,
404.9998779,-0.0002136102412,404.9998779,0.4160622954,
404.0736694,0.0004117043281,404.0736694,0.4000311792,
402.9928894,-0.0002026915899,402.9928894,0.3803134561,
402.0663452,2.290968587E-5,402.0663452,0.3662210107,
400.9852295,0.0003593423171,400.9852295,0.3490623534,
400.0584106,-0.0001549775188,400.0584106,0.3338547945,
398.9769287,0.0001917538029,398.9769287,0.3197103441,
398.0498047,-0.0003330246836,398.0498047,0.3063845038,
396.9679871,0.0003896809358,396.9679871,0.2936225832,
396.0405579,-0.000175833673,396.0405579,0.2847183049,
394.958374,-2.081181992E-5,394.958374,0.2727809846,
394.0306702,-0.000108500426,394.0306702,0.2608774602,
392.9481506,-0.0003436814004,392.9481506,0.2518160343,
392.0201111,0.0002934130025,392.0201111,0.2424423695,
390.9372559,-0.0003973748535,390.9372559,0.2334314734,
390.0089417,0.0002696860756,390.0089417,0.2257448733,
388.9257507,0.0004910236457,388.9257507,0.2167284191,
387.9971619,-0.0002842384274,387.9971619,0.2121149302,
387.0684204,-0.0006223185337,387.0684204,0.2047197074,
385.9847107,-0.0002003629343,385.9847107,0.2001177818,
385.0556946,6.8655012E-5,385.0556946,0.194736883,
383.9716492,-7.248065117E-7,383.9716492,0.1897767633,
383.0423279,-0.0002247355878,383.0423279,0.1865510643,
381.9579468,0.0004451301647,381.9579468,0.1837618798,
381.0283508,0.0001891640713,381.0283508,0.1820950061,
379.943634,-1.278748005E-5,379.943634,0.1800732166,
379.0137634,-0.0001328782382,379.0137634,0.1776130199,
377.9287109,-0.0005465229624,377.9287109,0.1772963405,
376.9985352,-5.073353532E-5,376.9985352,0.1764817685,
376.0682373,-0.0007065261016,376.0682373,0.1765047014,
374.9827271,-0.0004385456559,374.9827271,0.1768736094,
374.052124,-0.001243385253,374.052124,0.17736426,
372.9662781,8.701145271E-5,372.9662781,0.1789363772,
372.0354004,0.000344782602,372.0354004,0.1807692647,
370.9492493,-4.105320477E-5,370.9492493,0.1824759245,
370.0180969,0.0005987408222,370.0180969,0.1837665886,
368.9315796,0.0003642906668,368.9315796,0.1865330189,
368.0001831,0.0004345579946,368.0001831,0.1883491725,
367.068634,-0.000170969055,367.068634,0.1908835918,
365.9816589,-0.0007625520229,365.9816589,0.1926207393,
365.0498352,-0.0002451744513,365.0498352,0.1949373931,
363.9625244,-0.0001612914057,363.9625244,0.1973114461,
363.030426,-0.000175626672,363.030426,0.1980997473,
361.9428406,-0.0006083599292,361.9428406,0.1993033886,
361.0104675,-0.0006342088454,361.0104675,0.1998124123,
359.9225159,-0.0003851159418,359.9225159,0.2008022964,
358.9898987,-0.0003950472455,358.9898987,0.200751543,
358.0571289,-0.0001872187422,358.0571289,0.2004920542,
356.96875,-0.0007071980508,356.96875,0.1986942738,
356.0357056,-0.0002568163909,356.0357056,0.1973183453,
354.9470215,-0.0002623526962,354.9470215,0.1959408969,
354.0137024,3.308352825E-5,354.0137024,0.1938222647,
352.9247131,0.000324135588,352.9247131,0.191505298,
351.9911194,0.0002945009619,351.9911194,0.1888106167,
351.0574341,0.0002996557741,351.0574341,0.1859078258,
349.9679871,-0.0003836159012,349.9679871,0.182078287,
349.0340271,-2.024235619E-5,349.0340271,0.1794679016,
347.9442749,0.0001027794569,347.9442749,0.1745595038,
347.0100708,-0.000588093244,347.0100708,0.1721006632,
346.0757141,0.0004050971766,346.0757141,0.168903634,
344.9855347,0.000107388274,344.9855347,0.1655439138,
344.0509338,-5.741128189E-5,344.0509338,0.1622160226,
342.9604187,-9.561223851E-5,342.9604187,0.1571770757,
342.0255737,0.0004529558355,342.0255737,0.1539266855,
340.9347534,-4.384861677E-5,340.9347534,0.1501536518,
339.9996643,0.0004747232888,339.9996643,0.1469798535,
339.0644226,-9.178194159E-5,339.0644226,0.1433319002,
337.973175,-2.899131687E-5,337.973175,0.1387964636,
337.0377197,-0.0001243383886,337.0377197,0.1356244236,
335.946167,-6.243246753E-5,335.946167,0.1311076581,
335.010437,-0.0002875496575,335.010437,0.127618283,
334.074585,-0.0004124264524,334.074585,0.1243675128,
332.9826355,0.0001647954487,332.9826355,0.120664835,
332.0465393,3.497335274E-5,332.0465393,0.116957128,
330.9542847,-0.0002543328155,330.9542847,0.1134110317,
330.0179138,-7.651218039E-5,330.0179138,0.1105683967,
328.9253845,-0.0001989139855,328.9253845,0.1065462753,
327.9888,-0.0008179506403,327.9888,0.1029534265,
327.0520935,-0.0002586273476,327.0520935,0.1013337895,
325.9591064,0.0004466331156,325.9591064,0.09787192941,
325.0221558,0.0001807734516,325.0221558,0.09569755197,
323.928894,-0.0001048255217,323.928894,0.09296445549,
322.9916992,0.000480528106,322.9916992,0.08997850865,
322.0544128,-0.0001708655473,322.0544128,0.0878059715,
320.9607544,-0.0003151767014,320.9607544,0.08790966123,
320.0231934,-0.0005157563137,320.0231934,0.08467537165,
318.9292603,0.0003314668429,318.9292603,0.08321465552,
317.9914551,7.070033462E-5,317.9914551,0.08282890171,
317.0535583,-9.250659787E-5,317.0535583,0.08185262233,
315.959198,-0.000423960475,315.959198,0.08159016073,
315.0210876,-3.245978951E-5,315.0210876,0.08175446093,
313.9264526,-0.0003807709436,313.9264526,0.08210551739,
312.9880676,0.0001040740608,312.9880676,0.08418108523,
312.0495911,-0.0001228374313,312.0495911,0.08482123166,
310.9545593,-0.0002352914744,310.9545593,0.08702949435,
310.0158386,-0.0001990692399,310.0158386,0.08975189179,
309.0770264,-0.0002586273476,309.0770264,0.09296920151,
307.9815979,-0.0001485600515,307.9815979,0.09895667434,
307.0425415,-0.0001374327403,307.0425415,0.1039630398,
305.9468689,0.000354419928,305.9468689,0.1124103218,
305.0075684,0.0001852018177,305.0075684,0.1197508574,
304.0681763,0.0002803060343,304.0681763,0.1274834573,
302.9721069,-2.453920388E-5,302.9721069,0.1382035315,
302.0325012,0.0002173152898,302.0325012,0.1480344236,
300.9361267,0.0001867038372,300.9361267,0.1627380997,
299.9963074,0.0001818352175,299.9963074,0.1719047278,
299.056366,-0.0001325159392,299.056366,0.1842963398,
297.9596252,-0.0004186848528,297.9596252,0.2070531994,
297.0194397,7.455222658E-6,297.0194397,0.2209484428,
295.9224548,0.0001055240282,295.9224548,0.2411285639,
294.9820557,-0.0003157975152,294.9820557,0.2559327185,
294.0415649,-4.742050442E-5,294.0415649,0.280539155,
292.9442139,-0.0001557020732,292.9442139,0.3004672229,
292.003479,-8.981502469E-5,292.003479,0.3111810684,
291.0626831,-0.0001317913557,291.0626831,0.3231269717,
289.9649353,0.0001462544606,289.9649353,0.3404367566,
289.0238953,-0.0003433192906,289.0238953,0.3606570363,
287.9259033,7.139937225E-5,287.9259033,0.3854902089,
286.9846497,-0.0004247362958,286.9846497,0.4017544389,
286.0433044,-2.107066757E-5,286.0433044,0.4133871496,
284.9449463,-0.0001449889824,284.9449463,0.4210263193,
284.0033569,-0.0001166265138,284.0033569,0.423378855,
283.0617065,-0.000513325911,283.0617065,0.4250470102,
281.9629822,-7.687452307E-5,281.9629822,0.4283847809,
281.0211182,0.0006928467192,281.0211182,0.4294744432,
279.9221191,0.0001693272352,279.9221191,0.4276921153,
278.9800415,-0.0001132104662,278.9800415,0.4256814122,
278.0378723,0.0004759153235,278.0378723,0.4212538302,
276.9385376,0.0003592127759,276.9385376,0.4170956314,
275.9961548,-3.991432823E-5,275.9961548,0.4084427357,
275.0536804,-9.198898624E-5,275.0536804,0.4024910331,
273.9539795,-0.000165379839,273.9539795,0.3912102282,
273.0112915,-0.0009623569204,273.0112915,0.3836417198,
272.068512,-0.0004689557827,272.068512,0.3769143224,
270.9684753,-0.0007682886207,270.9684753,0.3687260747,
270.0254822,0.0001101069793,270.0254822,0.3606111109,
268.9252014,-0.0003309036547,268.9252014,0.3479480147,
267.9820251,-0.001001924626,267.9820251,0.3382168114,
267.0387573,-0.001146941097,267.0387573,0.3324279189,
265.9381409,-0.0008574281819,265.9381409,0.3215713799,
264.9946594,-7.454519073E-5,264.9946594,0.3116627634,
264.0510864,-0.0002984661842,264.0510864,0.3020954728,
262.9501343,-0.0002863596892,262.9501343,0.2935644984,
262.0063477,0.0004351021489,262.0063477,0.2902353704,
261.0625,-0.001367884339,261.0625,0.284994483,
259.9612122,-0.0004798677401,259.9612122,0.2796071768,
259.0171509,-0.0008517444949,259.0171509,0.2701837718,
258.072998,-0.0007176388172,258.072998,0.2619541883,
256.9713745,-0.0006760809338,256.9713745,0.2555387616,
256.0270386,-0.000995829585,256.0270386,0.254974246,
254.9252014,-0.0008896689978,254.9252014,0.2541565299,
253.9806671,-0.0005256328732,253.9806671,0.2562482357,
253.0360413,-7.288876805E-5,253.0360413,0.2561962306,
251.9338837,-0.0004327013157,251.9338837,0.2588059902,
250.9890747,0.0003301974793,250.9890747,0.2663476467,
250.0441742,-0.0007552649477,250.0441742,0.2752253413,
248.947998,0.000655513024,248.947998,0.2902689576,
248.0085449,-0.000523978204,248.0085449,0.3057341278,
247.0690155,-0.0005951763596,247.0690155,0.3233859837,
245.9727936,-0.0009207708063,245.9727936,0.3529058397,
245.0330658,-0.0004600605171,245.0330658,0.3850596547,
243.9366302,-0.0006662077503,243.9366302,0.4334788322,
242.9967346,0.0002829481382,242.9967346,0.4749945402,
242.0567474,1.972555583E-5,242.0567474,0.5462629795,
240.9600067,-2.826655691E-5,240.9600067,0.6363297105,
240.0198364,0.0004072736483,240.0198364,0.7468721867,
238.9228821,-0.0005370088038,238.9228821,0.907730937,
237.9825439,-0.0003039501898,237.9825439,1.050511122,
237.0421143,-5.850189609E-6,237.0421143,1.195243359,
235.9448547,0.00156799634,235.9448547,1.406558633,
235.0042572,-0.0001475767203,235.0042572,1.578225493,
234.0635834,0.0009482538444,234.0635834,1.782333851,
232.9660187,0.00147689553,232.9660187,2.095034838,
232.025177,0.001136455918,232.025177,2.139281034,
230.9274139,0.0005936083617,230.9274139,2.360978127,
229.9863892,0.000171424821,229.9863892,2.188703299,
229.0452728,0.0009482797468,229.0452728,2.724208117,
227.9472198,0.003757272149,227.9472198,2.773684025,
227.0059509,0.001815314637,227.0059509,2.804278851,
226.0646057,-0.002536341548,226.0646057,2.788866043,
224.9662628,0.01319620386,224.9662628,2.702105284,
224.0247345,0.004733374808,224.0247345,2.858324766,
222.9261932,0.01593505591,222.9261932,2.401270866,
221.9845123,-7.004178042E-5,221.9845123,2.613273859,
221.0427551,0.009333095513,221.0427551,2.110039473,
219.943924,0.05967195332,219.943924,2.118088007,
219.0019989,-0.01110351831,219.0019989,1.634316802,
218.0599976,-0.03200256452,218.0599976,1.501845717,
216.960907,-0.03366775066,216.960907,1.267125368,
216.0187378,0.002487009158,216.0187378,1.299496293,
215.0765076,0.01614698023,215.0765076,0.9976375699,
213.9771271,-0.04154901952,213.9771271,0.7550291419,
213.034729,-0.03887532279,213.034729,0.8392680883,
211.9351807,-0.04923119769,211.9351807,0.7049723268,
210.9926147,0.01527220197,210.9926147,0.6897137165,
210.0499878,0.09722606093,210.0499878,0.4446902573,
208.9501648,0.1540745497,208.9501648,0.5420136452,
208.0073853,0.0471528396,208.0073853,0.473056525,
207.0645294,0.09781455994,207.0645294,0.3702281713,
205.9644318,-0.1965699047,205.9644318,0.8031252623,
205.0214233,-0.00914961379,205.0214233,0.5742918849,
204.0783539,-0.08470303565,204.0783539,0.1548950523,
202.9779968,-0.1244003251,202.9779968,0.1719296873,
202.0347748,-0.06256458163,202.0347748,0.2185183167,
200.9342499,0.1855549663,200.9342499,0.3923317194,
199.9907532,0.1407951862,199.9907532,0.1522556245,

baseline,
baseline
Collection Time: 26/06/2019 13:25:02
Operator Name  :
Scan Software Version: 3.00(339)
Parameter List :
Instrument                        Cary 50
Instrument Version                3.00
Start (nm)                        800.0
Stop (nm)                         200.0
X Mode                            Nanometers
Y Mode                            Abs
UV-Vis Scan Rate (nm/min)         4800.00
UV-Vis Data Interval (nm)         1.00
UV-Vis Ave. Time (sec)            0.0125
Beam Mode                         Dual Beam
Baseline Correction               On
Baseline Type                     Baseline correction
Baseline File Name
Baseline Std Ref File Name
Cycle Mode                        Off
Comments
Method Log     :
Method Name    :
Date/Time stamp: 25/06/2019 14:37:30
Method Modifications:
Common Interval nm Changed: 26/06/2019 13:24:45, Old:     5.00, New:     1.00
Baseline Correction Changed: 26/06/2019 13:24:45, Old:0, New:1
Storage Changed: 26/06/2019 13:24:45, Old:1, New:0
End Method Modifications
<Current Wavelength> , 203.0

sample_5_in_1000,
sample_5_in_1000
Collection Time: 26/06/2019 13:26:29
Operator Name  :
Scan Software Version: 3.00(339)
Parameter List :
Instrument                        Cary 50
Instrument Version                3.00
Start (nm)                        800.0
Stop (nm)                         200.0
X Mode                            Nanometers
Y Mode                            Abs
UV-Vis Scan Rate (nm/min)         4800.00
UV-Vis Data Interval (nm)         1.00
UV-Vis Ave. Time (sec)            0.0125
Beam Mode                         Dual Beam
Baseline Correction               On
Baseline Type                     Baseline correction
Baseline File Name
Baseline Std Ref File Name
Cycle Mode                        Off
Comments
Method Log     :
Method Name    :
Date/Time stamp: 25/06/2019 14:37:30
Method Modifications:
Common Interval nm Changed: 26/06/2019 13:24:45, Old:     5.00, New:     1.00
Baseline Correction Changed: 26/06/2019 13:24:45, Old:0, New:1
Storage Changed: 26/06/2019 13:24:45, Old:1, New:0
End Method Modifications
<Current Wavelength> , 203.0

