baseline,,sample,,
Wavelength (nm),Abs,Wavelength (nm),Abs,
800.0101318,0.001192935044,800.0101318,0.002946085995,
799.0389404,-0.001012874884,799.0389404,0.001649450045,
798.0673218,0.001257417491,798.0673218,0.001204070868,
796.9564209,0.001192182302,796.9564209,0.002470112871,
795.9840088,0.0008151630173,795.9840088,0.0001293714449,
795.0111694,0.001048118225,795.0111694,0.0007516019396,
794.0380249,0.001500948216,794.0380249,0.001485051471,
793.0644531,0.001202746993,793.0644531,0.001846093102,
791.951355,0.001047469443,791.951355,0.003304745071,
790.9769897,-0.001139144064,790.9769897,0.001027126331,
790.0022583,-0.001054813736,790.0022583,0.001842635567,
789.0271606,-0.0006235592882,789.0271606,0.003204490989,
788.0516968,0.0003354563669,788.0516968,0.002664262895,
786.9364014,0.0009115207358,786.9364014,0.003166001989,
785.960144,-0.00104314147,785.960144,0.0003811309871,
784.9835205,-0.000121698773,784.9835205,0.001453571371,
784.0064697,0.0004164459824,784.0064697,0.003067656886,
783.0291138,0.001758338651,783.0291138,0.002769863233,
782.0513306,-0.0002168702631,782.0513306,0.002143019577,
780.9334717,-0.0002601795713,780.9334717,0.0007288093329,
779.9549561,-0.002012725919,779.9549561,0.0001041776341,
778.9760132,0.001669094781,778.9760132,0.002252734499,
777.9967651,0.002253905404,777.9967651,0.003498277161,
777.0170898,-0.000195343353,777.0170898,0.002047792776,
776.0371094,-0.0001150737662,776.0371094,0.002351051429,
775.0567017,0.002426638966,775.0567017,0.003645192599,
773.9358521,-0.000787875033,773.9358521,0.001309160842,
772.9547119,-0.001059668488,772.9547119,0.002526817843,
771.9731445,-0.002179813804,771.9731445,0.002046570415,
770.991272,0.0006731164758,770.991272,0.001487467089,
770.0090332,0.001008055522,770.0090332,0.003460388398,
769.0264282,0.001018278417,769.0264282,0.00185433391,
768.043396,0.0008370523574,768.043396,0.003266064683,
767.0600586,-0.001451895805,767.0600586,0.001841621706,
765.935791,-0.0005674636923,765.935791,0.001844221377,
764.9517212,-0.0002985179017,764.9517212,0.001405290677,
763.9672241,-0.0008304556832,763.9672241,0.0005507883616,
762.9823608,-0.001181948464,762.9823608,0.0008714706637,
761.9971924,-0.0002857905929,761.9971924,0.001582259429,
761.0116577,-0.001344762743,761.0116577,0.001958905486,
760.0256958,-0.00138377957,760.0256958,0.001750359428,
759.0394287,-0.00162703963,759.0394287,0.002726124832,
758.0527954,-0.0003344731813,758.0527954,0.002653870964,
757.0657959,0.0021524888,757.0657959,0.004306208808,
755.9373779,-0.0003773052595,755.9373779,0.002954556141,
754.949646,0.0002236864821,754.949646,0.003545512212,
753.9615479,0.0006562648341,753.9615479,0.002285365714,
752.9730835,-0.0003683046671,752.9730835,0.002059418475,
751.9842529,-1.501360202E-5,751.9842529,0.003534107469,
750.9950562,0.001498792204,750.9950562,0.002762568882,
750.0055542,0.00103273103,750.0055542,0.004134294111,
749.015625,0.000529431738,749.015625,0.001393448561,
748.0253906,0.00148323318,748.0253906,0.002819754882,
747.03479,-9.328300803E-5,747.03479,0.002186361002,
746.0438843,-0.0002387065615,746.0438843,0.003532045754,
745.0525513,0.001842687605,745.0525513,0.003335133661,
744.0609131,-0.0007219804684,744.0609131,0.002761943731,
743.0689087,0.0009467491764,743.0689087,0.003754739417,
741.9347534,0.0004799320886,741.9347534,0.002922578482,
740.9420166,-0.0001659491245,740.9420166,0.003181621432,
739.9489136,0.0004778848379,739.9489136,0.002856102539,
738.9554443,-0.0006902958266,738.9554443,0.00279125222,
737.9616699,0.001567165018,737.9616699,0.004104293883,
736.9675293,0.001517546945,736.9675293,0.003521554871,
735.9730225,0.0001451668795,735.9730225,0.003078945214,
734.9782104,-0.0002580581931,734.9782104,0.002664679661,
733.9830322,-4.421098492E-5,733.9830322,0.002966336673,
732.9874878,0.0006996397278,732.9874878,0.004539867397,
731.9915771,0.001105234609,731.9915771,0.004104607739,
730.9953613,0.000375353382,730.9953613,0.004162937403,
729.9987793,-0.0006601596833,729.9987793,0.001965406118,
729.0018921,0.000135430615,729.0018921,0.004604090005,
728.0046387,-0.0004006852105,728.0046387,0.003876824165,
727.007019,-0.0001873222354,727.007019,0.003991210368,
726.0090942,-0.0009932985995,726.0090942,0.002500443254,
725.0108032,-0.0005034490023,725.0108032,0.004582847003,
724.012146,-0.0001143491536,724.012146,0.003988885321,
723.0131836,-0.0002330664865,723.0131836,0.004115399905,
722.013855,-0.0009751160978,722.013855,0.004606078379,
721.0142212,0.000286470924,721.0142212,0.003415928222,
720.0142212,-0.0005111540086,720.0142212,0.002959325677,
719.013916,-0.0008298872854,719.013916,0.003953565843,
718.0131836,-0.0004047196708,718.0131836,0.003881969489,
717.012207,-0.0002899813408,717.012207,0.00389790209,
716.0108643,-0.001042521675,716.0108643,0.004439641722,
715.0091553,-0.0005819923826,715.0091553,0.004204834346,
714.0071411,0.0002282188798,714.0071411,0.004046468064,
713.0047607,-0.0003199362254,713.0047607,0.003930787556,
712.0020752,0.001771958079,712.0020752,0.003771607298,
710.9990234,0.0005950858467,710.9990234,0.004035990685,
709.9956665,-3.520349128E-5,709.9956665,0.0040243119,
708.9919434,-0.000883830653,708.9919434,0.003824565094,
707.987915,-0.0005816304474,707.987915,0.004364696797,
706.9835815,0.0003134627477,706.9835815,0.005129397381,
705.9788208,0.0003038522264,705.9788208,0.004686220083,
704.9738159,-0.0006911228411,704.9738159,0.004276144318,
703.9684448,-0.0003002769372,703.9684448,0.004619368818,
702.9627075,-0.0002060034458,702.9627075,0.004394898191,
701.956665,0.0002533680818,701.956665,0.004536336288,
700.9503174,-0.0006274366169,700.9503174,0.004150105175,
699.9436035,-0.0003629249113,699.9436035,0.004475235939,
698.9365845,0.0006928726216,698.9365845,0.00445447024,
697.9292603,-0.0001923419186,697.9292603,0.004265530501,
697.0655518,-0.0001430740667,697.0655518,0.004486246966,
696.0575562,0.0003294721246,696.0575562,0.004547008779,
695.0492554,-1.553155357E-6,695.0492554,0.004956921097,
694.0406494,0.000132867106,694.0406494,0.00535634486,
693.0316772,0.0002813421597,693.0316772,0.004765145946,
692.0223999,0.0003960287431,692.0223999,0.004693049472,
691.0128174,-7.620160613E-5,691.0128174,0.004873588216,
690.0028687,0.0004422020866,690.0028687,0.005121539347,
688.9926147,-1.863785769E-6,688.9926147,0.005863121245,
687.9819946,0.0001782096806,687.9819946,0.005275922827,
686.9711304,0.0001967520366,686.9711304,0.004604953341,
685.9598389,-4.560868183E-5,685.9598389,0.005095975939,
684.9483032,-0.0005567090702,684.9483032,0.004730810411,
683.9364624,-0.0002886878792,683.9364624,0.004528279416,
683.0688477,0.0006471911329,683.0688477,0.005742995068,
682.0563965,0.001108945813,682.0563965,0.005437700078,
681.0435791,0.0001301223674,681.0435791,0.004767684732,
680.0304565,8.043515118E-5,680.0304565,0.005321071483,
679.0170288,0.001015216694,679.0170288,0.006050893106,
678.0032349,0.0003204052337,678.0032349,0.005539310165,
676.9891357,-0.0005890238681,676.9891357,0.005928615574,
675.9747314,0.0007636080845,675.9747314,0.005381137598,
674.960022,-0.0005990539212,674.960022,0.004721546546,
673.9450073,-0.0001209224065,673.9450073,0.004964933265,
672.9296265,-0.0005790970172,672.9296265,0.00471330341,
672.059082,0.001470064279,672.059082,0.005978451576,
671.0431519,-0.0001509924914,671.0431519,0.006441209931,
670.0268555,-0.001015147544,670.0268555,0.005259992089,
669.0103149,0.001134742983,669.0103149,0.006925686728,
667.9934082,-7.382050535E-5,667.9934082,0.005907701328,
666.9761963,0.0008777477196,666.9761963,0.005960526876,
665.9586792,-0.00103038433,665.9586792,0.006351103541,
664.9407959,-0.000282944995,664.9407959,0.006425577682,
664.0681152,-0.0002248908277,664.0681152,0.006692160852,
663.0497437,0.0003589796252,663.0497437,0.007021700032,
662.0310059,-5.720422268E-5,662.0310059,0.006891153753,
661.0119629,0.0004233901273,661.0119629,0.006968824193,
659.9925537,0.0009368392639,659.9925537,0.007120181806,
658.9729004,-1.931050247E-5,658.9729004,0.006473710295,
657.9529419,-0.0004387008375,657.9529419,0.007722713053,
656.9326172,0.000292066019,656.9326172,0.007607471664,
656.0578613,0.0002645834174,656.0578613,0.007317685522,
655.0369873,0.0003231771116,655.0369873,0.007288123015,
654.0158081,-0.0002389135334,654.0158081,0.00593696069,
652.9943237,-0.0002246838412,652.9943237,0.006068165414,
651.9725342,-0.001651383936,651.9725342,0.00531824166,
650.9504395,-0.0004941407824,650.9504395,0.005974173546,
649.9280396,-0.0005150840734,649.9280396,0.006615354214,
649.0514526,-0.000141521421,649.0514526,0.00720631564,
648.0284424,-0.000527235854,648.0284424,0.006553277373,
647.005188,4.822823757E-5,647.005188,0.006434799172,
645.9815674,-0.0002205442142,645.9815674,0.007116892375,
644.9577026,0.0004340915766,644.9577026,0.007345565595,
643.9334717,-7.822034968E-5,643.9334717,0.006898412481,
643.0553589,9.30700262E-5,643.0553589,0.006399700884,
642.0306396,-0.000554899394,642.0306396,0.005958611146,
641.0055542,-0.0002539188717,641.0055542,0.00689191604,
639.9801636,-0.0001678121916,639.9801636,0.006732330658,
638.9545288,-0.0002063139254,638.9545288,0.006738824304,
637.9285278,-0.0003345249279,637.9285278,0.00650834199,
637.0488892,-0.0007189826574,637.0488892,0.00639486732,
636.0223999,-0.0006477531279,636.0223999,0.005934703629,
634.9955444,-0.0005468332092,634.9955444,0.006196442991,
633.9684448,3.290231325E-5,633.9684448,0.006933235563,
632.940979,-0.0001840102486,632.940979,0.00625744462,
632.0601196,0.001408718643,632.0601196,0.007482806221,
631.0321045,7.471333083E-5,631.0321045,0.00715981191,
630.0038452,-7.744391041E-5,630.0038452,0.006525264587,
628.9752808,0.0001993677142,628.9752808,0.007149653975,
627.9464111,-0.000480488321,627.9464111,0.005944833159,
627.06427,-0.0001638790272,627.06427,0.006389324088,
626.0348511,4.926379188E-5,626.0348511,0.005847746041,
625.005127,-0.0005585187464,625.005127,0.005843548104,
623.9750977,-0.0008154186071,623.9750977,0.006128702778,
622.9448242,-0.0002503486758,622.9448242,0.005725027528,
622.0614624,0.0006061026361,622.0614624,0.00704758754,
621.0306396,2.055394543E-5,621.0306396,0.006355358753,
619.9994507,0.0004713803355,619.9994507,0.007084107026,
618.9680176,-0.0004453725996,618.9680176,0.006599689834,
617.9362793,-8.142962179E-5,617.9362793,0.0064416565,
617.0517578,-0.0004408730601,617.0517578,0.006634252146,
616.0194702,3.406727046E-5,616.0194702,0.006738114636,
614.9868774,0.0003292648762,614.9868774,0.006721131038,
613.9540405,0.0004954033648,613.9540405,0.007290623616,
613.0685425,-0.0003149697732,613.0685425,0.007449255791,
612.0351563,-8.458710363E-5,612.0351563,0.007029908244,
611.0014648,0.0004655238008,611.0014648,0.007533189841,
609.9674683,-0.0001708655473,609.9674683,0.00739585422,
608.9332275,-4.902525689E-5,608.9332275,0.007995604537,
608.0465088,-0.001513861935,608.0465088,0.006619533524,
607.0117188,3.474035839E-5,607.0117188,0.00874591805,
605.9766235,1.338325183E-5,605.9766235,0.008993526921,
604.9412842,0.0005694243591,604.9412842,0.009866091423,
604.0535889,0.000517872686,604.0535889,0.009131738916,
603.0177002,-1.848218744E-5,603.0177002,0.009486787021,
601.9815674,-0.0004972952302,601.9815674,0.008969768882,
600.9450684,0.000538425229,600.9450684,0.0101466924,
600.0564575,-0.0002469854371,600.0564575,0.009961829521,
599.0194702,-0.0001769204391,599.0194702,0.009737281129,
597.9822388,2.731055611E-5,597.9822388,0.01043410413,
596.9446411,0.000817730499,596.9446411,0.01157289557,
596.0551147,-0.00028982613,596.0551147,0.01076416112,
595.0170288,1.887128019E-5,595.0170288,0.0121821994,
593.9786987,-0.0003456471895,593.9786987,0.01201496366,
592.9400635,0.0004692294751,592.9400635,0.01391664427,
592.0495605,2.019152453E-5,592.0495605,0.01442315802,
591.010437,-0.0001923419186,591.010437,0.01447143592,
589.9710083,0.0002839324297,589.9710083,0.01549268328,
588.9312744,0.0008958530379,588.9312744,0.01607283577,
588.039917,0.0002127312036,588.039917,0.01805230975,
586.9996948,1.183004861E-5,586.9996948,0.01831640862,
585.9591675,7.662314601E-6,585.9591675,0.01987492107,
585.0670776,0.0001230534399,585.0670776,0.02130115964,
584.026062,0.0002083543513,584.026062,0.02298467234,
582.9848022,0.0009064364713,582.9848022,0.02437115088,
581.9432373,0.0001723052992,581.9432373,0.02519725449,
581.0502319,-3.142442802E-5,581.0502319,0.02766658179,
580.0081787,-0.0001037385737,580.0081787,0.02849663422,
578.9658203,2.472180313E-5,578.9658203,0.03016212769,
578.0721436,-0.0002137137344,578.0721436,0.03198539093,
577.0292969,-0.0005651370157,577.0292969,0.03300427645,
575.9862061,0.000910820323,575.9862061,0.03416334838,
574.9428101,-0.0006773732021,574.9428101,0.03473190218,
574.0482178,0.000304396206,574.0482178,0.03739747405,
573.0043335,0.0008209205116,573.0043335,0.03793731332,
571.960144,0.0005885018618,571.960144,0.03782119602,
571.0649414,0.0005819957005,571.0649414,0.03834256157,
570.0202637,-0.000535405823,570.0202637,0.03887726739,
568.9753418,-0.00122206402,568.9753418,0.03794335946,
567.9301147,-0.0008151602233,567.9301147,0.03761279956,
567.0339966,-0.0009056334966,567.0339966,0.03770327568,
565.9882813,-0.0001883572259,565.9882813,0.03745314106,
564.9423218,0.0005469005555,564.9423218,0.03785463795,
564.0455933,-0.0003008977801,564.0455933,0.03544669971,
562.9990845,0.0001887238177,562.9990845,0.03646088019,
561.9523926,0.000779659953,561.9523926,0.03534107655,
561.0549927,0.00053736259,561.0549927,0.03559303284,
560.0077515,0.0002489649341,560.0077515,0.03410084546,
558.9602661,0.0005103050498,558.9602661,0.03378038853,
558.0621948,0.000200869792,558.0621948,0.03332103416,
557.0142212,0.0005157475243,557.0142212,0.03292725235,
555.9659424,8.54579921E-5,555.9659424,0.0315628089,
555.0672607,-0.0003071578103,555.0672607,0.03153177351,
554.0185547,0.0002231943945,554.0185547,0.03180528432,
552.9695435,-0.0001474214514,552.9695435,0.03158438578,
552.0701904,-0.0003097963054,552.0701904,0.03195429593,
551.020752,-0.0002616800484,551.020752,0.03205031902,
549.9710083,-0.0002227175282,549.9710083,0.03202969953,
549.0710449,-0.0007799165323,549.0710449,0.03271546587,
548.020813,0.0003585650993,548.020813,0.03411092609,
546.9703369,-0.0002303240326,546.9703369,0.03357601538,
546.0697021,0.0008923771675,546.0697021,0.03412019461,
545.0187988,0.00125949434,545.0187988,0.03489412367,
543.9675903,9.71350164E-5,543.9675903,0.03586318344,
543.0663452,-1.739502295E-5,543.0663452,0.03569444641,
542.0146484,9.304413834E-5,542.0146484,0.03673312441,
540.9627075,0.0001060159775,540.9627075,0.03648382798,
540.0608521,-0.0001362423645,540.0608521,0.03743093461,
539.0084229,-0.0004565437557,539.0084229,0.03721392527,
537.9557495,-0.0005751675926,537.9557495,0.03729935735,
537.0532837,-0.0005749607808,537.0532837,0.03741383553,
536.0001221,-0.0006255754852,536.0001221,0.0375681147,
534.9467163,9.060183402E-6,534.9467163,0.03745390475,
534.0436401,6.658381608E-5,534.0436401,0.03717684001,
532.9897461,-6.253599713E-5,532.9897461,0.03681375459,
531.9356689,-0.0002780298237,531.9356689,0.03694158047,
531.0319214,-8.691638504E-5,531.0319214,0.03584622964,
529.977356,-0.0001133657424,529.977356,0.03545697778,
529.0732422,-0.0001053948727,529.0732422,0.03524892405,
528.0181885,-0.0002983109734,528.0181885,0.03463797644,
526.9628906,2.153766036E-5,526.9628906,0.03380861878,
526.0581665,-0.0005607421044,526.0581665,0.03309377283,
525.0023804,-0.0002088495385,525.0023804,0.03273734823,
523.9464111,-7.268171612E-5,523.9464111,0.0319346264,
523.0410767,-0.0002486929297,523.0410767,0.03132561594,
521.9846191,-9.493935067E-5,521.9846191,0.03085976467,
520.9279175,-9.147138189E-5,520.9279175,0.03064237162,
520.0219727,-1.993173828E-5,520.0219727,0.02929922752,
518.9647827,0.0001496466721,518.9647827,0.0287822932,
518.0584717,-0.0003341110714,518.0584717,0.02766153216,
517.0008545,0.0004551584425,517.0008545,0.0271631591,
515.9429932,-4.617811283E-5,515.9429932,0.02651743405,
515.0360718,-0.0002840314992,515.0360718,0.02575481683,
513.9777222,-2.391797534E-5,513.9777222,0.02531736903,
513.0704346,-3.121735426E-5,513.0704346,0.02530277148,
512.0116577,-0.0002066244051,512.0116577,0.02448408119,
510.9526672,0.0001853053982,510.9526672,0.02470805682,
510.0447693,0.001042357646,510.0447693,0.02482025139,
508.985321,-6.584890798E-5,508.985321,0.02416527271,
507.9256287,-7.169821038E-5,507.9256287,0.0235500019,
507.0171204,-0.0005619830335,507.0171204,0.02271646634,
505.9570007,-2.847447149E-6,505.9570007,0.02267620899,
505.0481262,2.143411075E-5,505.0481262,0.02286757529,
503.9875488,0.000111298039,503.9875488,0.02363915741,
502.9267273,-8.101552521E-5,502.9267273,0.02245622315,
502.0172729,1.579046966E-6,502.0172729,0.02265946381,
500.9560242,-0.000541093701,500.9560242,0.02225106023,
500.0462036,-0.0001772309479,500.0462036,0.02238099277,
498.9844971,-0.0006583504146,498.9844971,0.02147478424,
498.0742798,-0.0006251619197,498.0742798,0.02151601948,
497.012146,3.546392236E-6,497.012146,0.02200389281,
495.9497986,8.620882727E-5,495.9497986,0.02204092965,
495.0390015,2.712934293E-5,495.0390015,0.02182621695,
493.9762268,-1.584192432E-5,493.9762268,0.0220986139,
493.0650635,8.765873645E-5,493.0650635,0.02195980772,
492.0018311,-7.790977543E-5,492.0018311,0.02194698341,
490.9383545,0.0003014431568,490.9383545,0.02235738933,
490.0266418,0.0004332105746,490.0266418,0.02251297981,
488.9627686,-0.0001642930438,488.9627686,0.02214889601,
488.0506592,-6.730346627E-7,488.0506592,0.02276736684,
486.9863586,-0.0007609499153,486.9863586,0.02186416462,
486.0738831,9.172366845E-5,486.0738831,0.02253280208,
485.0091553,-0.0003377323155,485.0091553,0.0223791115,
483.9441833,-0.0001474732126,483.9441833,0.02281977236,
483.0311584,-0.0004081334337,483.0311584,0.02249509655,
481.9657593,-0.0001263569138,481.9657593,0.02349376492,
481.0523682,-0.0001914621826,481.0523682,0.02349291742,
479.9865417,0.0002137671545,479.9865417,0.02359069698,
479.0728149,0.000760496303,479.0728149,0.0239942614,
478.0065918,0.0001074659522,478.0065918,0.02419149131,
476.9401245,0.001060885028,476.9401245,0.02448876388,
476.0258179,-0.0001443161746,476.0258179,0.02532804385,
474.9589233,3.530989488E-5,474.9589233,0.02537834458,
474.044281,-0.0001484565437,474.044281,0.0252303388,
472.9769897,-1.387465727E-5,472.9769897,0.02644881606,
472.0619812,0.000173159875,472.0619812,0.02677910589,
470.9942627,-0.0004524063261,470.9942627,0.02715690434,
469.9263306,-0.0003136763989,469.9263306,0.02811872028,
469.0108032,-0.0001181274929,469.0108032,0.02900957689,
467.9424438,-0.0001150220123,467.9424438,0.03054707497,
467.0265503,0.0002350046125,467.0265503,0.03071512841,
465.9577942,0.0001360002789,465.9577942,0.03165409714,
465.0415344,-5.730775229E-5,465.0415344,0.03268605098,
463.9723816,0.0001171239128,463.9723816,0.03389134258,
463.0557861,3.546522566E-5,463.0557861,0.03528842703,
461.9862061,0.0001555507479,461.9862061,0.03721341863,
461.0692749,0.0009664658573,461.0692749,0.03848226741,
459.9992981,9.534848505E-5,459.9992981,0.04001603276,
458.9291077,1.278785658E-5,458.9291077,0.04191184416,
458.0116272,-0.0001458688203,458.0116272,0.04395017028,
456.94104,-4.400592388E-6,456.94104,0.04588349909,
456.0232239,0.0001507601555,456.0232239,0.04766037315,
454.95224,0.0001312358072,454.95224,0.04979422316,
454.0340576,0.000115104267,454.0340576,0.05211022124,
452.962677,0.0004718208802,452.962677,0.0549595803,
452.0441589,-2.981961188E-5,452.0441589,0.05668553337,
450.9723816,0.0002392781316,450.9723816,0.06040243804,
450.0535583,-0.0001884089725,450.0535583,0.06240433827,
448.9813538,-3.111382102E-5,448.9813538,0.06618061662,
448.0621948,-7.319934957E-5,448.0621948,0.07014505565,
446.989624,-3.598000694E-5,446.989624,0.07372424752,
446.0700989,-0.0002957758843,446.0700989,0.07780238241,
444.9971313,7.934773748E-5,444.9971313,0.08274802566,
443.9239502,0.0003583837533,443.9239502,0.08855358511,
443.0039368,-8.639876614E-5,443.0039368,0.09398971498,
441.9303589,-4.219207767E-5,441.9303589,0.1008433104,
441.0100098,0.0001637596142,441.0100098,0.1071928367,
439.9360657,5.87392351E-5,439.9360657,0.1163669974,
439.0153809,0.0001954830514,439.0153809,0.1231283918,
437.94104,-2.381443846E-5,437.94104,0.1335555762,
437.0200195,0.0002316894388,437.0200195,0.1452971697,
435.945282,-0.0002442948171,435.945282,0.157600522,
435.0239563,0.0001088900317,435.0239563,0.1697415262,
433.9488525,-0.0001769204391,433.9488525,0.1844572127,
433.0271606,-0.0008516928065,433.0271606,0.1982494295,
431.9516907,0.0002198016009,431.9516907,0.2178523988,
431.0296936,0.0004037239414,431.0296936,0.2333664298,
429.9538269,6.686860434E-5,429.9538269,0.2540453672,
429.0315247,-0.0002370507573,429.0315247,0.2669280469,
427.9552917,0.0001560945529,427.9552917,0.2857316434,
427.0326538,-0.0001214399817,427.0326538,0.3030507267,
425.9560242,-0.0002683028288,425.9560242,0.3198323548,
425.0330811,2.655981552E-5,425.0330811,0.3336000144,
423.9560852,0.0009846527828,423.9560852,0.3497111797,
423.0328064,-0.0002274263243,423.0328064,0.358642906,
421.9554443,-0.0002344635723,421.9554443,0.3668684065,
421.0318604,-0.0004271154758,421.0318604,0.3727016151,
419.9541321,1.309849722E-5,419.9541321,0.3753598928,
419.0302124,-8.846922719E-5,419.0302124,0.3737350106,
417.9521484,-0.0005289422697,417.9521484,0.368873328,
417.0278931,-0.0007307152846,417.0278931,0.3651477695,
415.9494629,-0.0002008286683,415.9494629,0.3544841409,
415.0249023,0.0001895784371,415.0249023,0.3426524699,
413.946106,-0.0005349921994,413.946106,0.3296710849,
413.0212402,-0.0008426503628,413.0212402,0.3189114034,
411.9420776,0.0002258620225,411.9420776,0.3067087829,
411.0169067,0.0001832077542,411.0169067,0.2939108014,
409.9373779,0.0004607038863,409.9373779,0.2794711292,
409.0119019,0.0006044954644,409.0119019,0.2657702863,
407.9320068,-0.0004581987159,407.9320068,0.253652066,
407.0062256,0.0001171239128,407.0062256,0.2451975644,
405.9259644,-0.000941538543,405.9259644,0.231418699,
404.9998779,-0.0006807848113,404.9998779,0.2193948776,
404.0736694,-0.0004664216831,404.0736694,0.2113325596,
402.9928894,0.0004371232935,402.9928894,0.2010158449,
402.0663452,2.034684803E-5,402.0663452,0.1948992461,
400.9852295,-8.945269656E-5,400.9852295,0.1859431714,
400.0584106,0.0001366217475,400.0584106,0.1786142886,
398.9769287,-1.496183177E-5,398.9769287,0.1716389507,
398.0498047,-0.0001450407435,398.0498047,0.1646045446,
396.9679871,0.0002862378024,396.9679871,0.1576389968,
396.0405579,-5.979246998E-5,396.0405579,0.1535287052,
394.958374,-0.0002754946181,394.958374,0.1477051973,
394.0306702,-0.0006176657043,394.0306702,0.1403643191,
392.9481506,0.0001170721298,392.9481506,0.1356743425,
392.0201111,-7.040926448E-6,392.0201111,0.1314297765,
390.9372559,-0.000375546515,390.9372559,0.126310274,
390.0089417,-0.0002680441248,390.0089417,0.1222175881,
388.9257507,-0.000699393102,388.9257507,0.1174519137,
387.9971619,-0.0003493200347,387.9971619,0.1162214056,
387.0684204,-5.492654964E-5,387.0684204,0.1118717417,
385.9847107,-0.0002650431998,385.9847107,0.1090743095,
385.0556946,-0.0001048255217,385.0556946,0.1073221117,
383.9716492,-0.0006533361156,383.9716492,0.1042678505,
383.0423279,0.0007870767149,383.0423279,0.1024368331,
381.9579468,-6.905827468E-5,381.9579468,0.1008810252,
381.0283508,0.0004473845765,381.0283508,0.09965868294,
379.943634,0.001436195918,379.943634,0.0982959494,
379.0137634,0.0001037633556,379.0137634,0.09805178642,
377.9287109,1.705918839E-5,377.9287109,0.09699184448,
376.9985352,8.820244693E-5,376.9985352,0.09676232189,
376.0682373,0.0006695646443,376.0682373,0.09705787152,
374.9827271,-0.001088589081,374.9827271,0.09618360549,
374.052124,-0.0003168321855,374.052124,0.09714615345,
372.9662781,-0.0006716354401,372.9662781,0.0981278047,
372.0354004,0.001055461704,372.0354004,0.09963358194,
370.9492493,-0.0008070471813,370.9492493,0.1003595814,
370.0180969,0.0006328810123,370.0180969,0.1019476876,
368.9315796,-0.0001063265445,368.9315796,0.1014321297,
368.0001831,9.84813887E-5,368.0001831,0.103228271,
367.068634,-0.0002201302414,367.068634,0.104559429,
365.9816589,-0.0004816777364,365.9816589,0.1050956696,
365.0498352,0.0004041385255,365.0498352,0.106151104,
363.9625244,-0.000165379839,363.9625244,0.1069898829,
363.030426,-1.496183177E-5,363.030426,0.1076497808,
361.9428406,5.350959327E-5,361.9428406,0.1085162535,
361.0104675,-1.982819958E-5,361.0104675,0.108876124,
359.9225159,5.67975294E-5,359.9225159,0.1088343188,
358.9898987,6.663559179E-5,358.9898987,0.1085534096,
358.0571289,-0.0001203530774,358.0571289,0.1082097143,
356.96875,0.0001505788969,356.96875,0.1075618938,
356.0357056,-0.0002519526752,356.0357056,0.1069556773,
354.9470215,0.0001155962309,354.9470215,0.1061843559,
354.0137024,-2.153659079E-5,354.0137024,0.1050095856,
352.9247131,2.477357884E-5,352.9247131,0.1038469672,
351.9911194,-9.592280549E-5,351.9911194,0.1018567607,
351.0574341,0.000122613259,351.0574341,0.1005995646,
349.9679871,-0.0001154360725,349.9679871,0.0978339538,
349.0340271,-0.0002719245967,349.0340271,0.09706499428,
347.9442749,-0.0003903919715,347.9442749,0.09418623894,
347.0100708,0.0001088382487,347.0100708,0.09266013652,
346.0757141,-0.0007936112816,346.0757141,0.0907471031,
344.9855347,0.0002591699595,344.9855347,0.09017309546,
344.0509338,0.0004103569663,344.0509338,0.08834255487,
342.9604187,-0.0007236344391,342.9604187,0.08421508968,
342.0255737,-9.079848678E-5,342.0255737,0.08335642517,
340.9347534,-0.0002132480149,340.9347534,0.08069617301,
339.9996643,6.831844075E-5,339.9996643,0.07982306182,
339.0644226,0.0004163941485,339.0644226,0.07815483958,
337.973175,0.0001076213011,337.973175,0.07552795112,
337.0377197,0.0002909003815,337.0377197,0.07401557267,
335.946167,0.0001968297292,335.946167,0.07200893015,
335.010437,6.21566578E-5,335.010437,0.06982211024,
334.074585,-0.0002443465637,334.074585,0.06783185899,
332.9826355,0.0006367954775,332.9826355,0.06674207747,
332.0465393,0.0001413085993,332.0465393,0.06421667337,
330.9542847,0.0006744905841,330.9542847,0.06272301078,
330.0179138,8.064227586E-5,330.0179138,0.06077037752,
328.9253845,-0.0007514921599,328.9253845,0.05852881446,
327.9888,-0.0002847558353,327.9888,0.05621911213,
327.0520935,-0.001560962759,327.0520935,0.05392116308,
325.9591064,-0.0004047713883,325.9591064,0.05367299542,
325.0221558,-0.0005817338824,325.0221558,0.05245770514,
323.928894,-0.0002449157182,323.928894,0.0505410172,
322.9916992,-0.001226555556,322.9916992,0.04821969569,
322.0544128,-0.0001377432782,322.0544128,0.0488498956,
320.9607544,0.0001362851181,320.9607544,0.04805618152,
320.0231934,0.001242931467,320.0231934,0.04748594761,
318.9292603,-0.0001697787666,318.9292603,0.04643817618,
317.9914551,-0.0001947223645,317.9914551,0.04559243843,
317.0535583,-0.0005307003739,317.0535583,0.04459792376,
315.959198,4.913434896E-5,315.959198,0.04489319772,
315.0210876,-0.0002617835416,315.0210876,0.04497349262,
313.9264526,4.367182555E-5,313.9264526,0.04544272646,
312.9880676,0.0001659866539,312.9880676,0.04647366703,
312.0495911,0.0001467723487,312.0495911,0.04598748684,
310.9545593,0.000343435473,310.9545593,0.04697593674,
310.0158386,0.000308877643,310.0158386,0.04861369729,
309.0770264,-0.0001529073779,309.0770264,0.05090101063,
307.9815979,0.0004746973573,307.9815979,0.05352105573,
307.0425415,-0.0001956021006,307.0425415,0.05595664307,
305.9468689,0.0003256122,305.9468689,0.06015408039,
305.0075684,-0.0001471109281,305.0075684,0.06306580454,
304.0681763,-0.0003520100145,304.0681763,0.06767776608,
302.9721069,0.0004236751411,302.9721069,0.07431262732,
302.0325012,0.0002128607011,302.0325012,0.07939060777,
300.9361267,0.0003285913263,300.9361267,0.08603704721,
299.9963074,-1.496183177E-5,299.9963074,0.09156029671,
299.056366,-8.225781494E-5,299.056366,0.09799877554,
297.9596252,0.0002855384082,297.9596252,0.1070166454,
297.0194397,-0.0002142829471,297.0194397,0.1168577224,
295.9224548,0.0003928159713,295.9224548,0.1279969066,
294.9820557,0.0006313255872,294.9820557,0.1376320571,
294.0415649,-0.0004658527905,294.0415649,0.14866063,
292.9442139,-0.0001851487468,292.9442139,0.159135744,
292.003479,-0.0006648637354,292.003479,0.1642059386,
291.0626831,0.0001553953771,291.0626831,0.1699692607,
289.9649353,6.50045331E-5,289.9649353,0.177824378,
289.0238953,0.000558227126,289.0238953,0.1891074777,
287.9259033,-0.0005279080942,287.9259033,0.2031390369,
286.9846497,-0.0001143491536,286.9846497,0.2115517706,
286.0433044,-0.0001240278507,286.0433044,0.2170279175,
284.9449463,0.000475422974,284.9449463,0.2207467854,
284.0033569,-0.0007413105923,284.0033569,0.2210855484,
283.0617065,0.0003284618142,283.0617065,0.2234024256,
281.9629822,0.0001794268173,281.9629822,0.2249065489,
281.0211182,0.0002417904616,281.0211182,0.2250320464,
279.9221191,-0.0004276326799,279.9221191,0.2239028066,
278.9800415,0.0003495235287,278.9800415,0.2228311747,
278.0378723,-2.360736107E-5,278.0378723,0.2203517854,
276.9385376,0.0008029220626,276.9385376,0.2181100249,
275.9961548,-0.0002290821576,275.9961548,0.2140626907,
275.0536804,-0.0004170814645,275.0536804,0.2100731134,
273.9539795,2.622327702E-5,273.9539795,0.2051180005,
273.0112915,-0.0005107403267,273.0112915,0.2009828538,
272.068512,-0.0005753744044,272.068512,0.1977680624,
270.9684753,-0.0005148772034,270.9684753,0.1939152926,
270.0254822,-0.000294223777,270.0254822,0.1887293011,
268.9252014,0.0003282286634,268.9252014,0.1821876168,
267.9820251,0.0002370507282,267.9820251,0.1768510491,
267.0387573,0.0001390040125,267.0387573,0.173458755,
265.9381409,0.0006679831422,265.9381409,0.1683386415,
264.9946594,-0.001540998463,264.9946594,0.1613807231,
264.0510864,-0.001425785944,264.0510864,0.1569723785,
262.9501343,-0.0007114363834,262.9501343,0.1528954506,
262.0063477,-0.0006191132707,262.0063477,0.1512570977,
261.0625,-0.0008665736532,261.0625,0.1497425288,
259.9612122,-0.0001681744616,259.9612122,0.1455283314,
259.0171509,0.0004013143189,259.0171509,0.1403315663,
258.072998,0.0006070358213,258.072998,0.1358674467,
256.9713745,-0.00076487771,256.9713745,0.1328989118,
256.0270386,0.0008460521931,256.0270386,0.1340160668,
254.9252014,0.0008705368964,254.9252014,0.1334598511,
253.9806671,0.0003741616092,253.9806671,0.132193774,
253.0360413,0.0004478509945,253.0360413,0.1329104006,
251.9338837,-0.001293044654,251.9338837,0.1349370778,
250.9890747,-0.001299393596,250.9890747,0.1362514198,
250.0441742,0.0001747395436,250.0441742,0.1431582719,
248.947998,0.0001390816906,248.947998,0.1498910636,
248.0085449,-0.0006406708853,248.0085449,0.1575234532,
247.0690155,-4.15191098E-5,247.0690155,0.1694919914,
245.9727936,0.00012903483,245.9727936,0.1850266457,
245.0330658,0.00191935664,245.0330658,0.2026887983,
243.9366302,5.394970867E-5,243.9366302,0.2275257558,
242.9967346,0.0004591490724,242.9967346,0.2528240085,
242.0567474,0.0001304848847,242.0567474,0.2904138863,
240.9600067,0.0007485680399,240.9600067,0.3345671892,
240.0198364,-0.0007710276404,240.0198364,0.3891946673,
238.9228821,-0.000305864407,238.9228821,0.4716047347,
237.9825439,0.0004339879379,237.9825439,0.5513907075,
237.0421143,-0.0005630170926,237.0421143,0.6210010052,
235.9448547,2.089047848E-5,235.9448547,0.7358385921,
235.0042572,-0.001128248638,235.0042572,0.8761226535,
234.0635834,-0.0009602906066,234.0635834,1.002139568,
232.9660187,-0.0002604382753,232.9660187,1.123921871,
232.025177,0.0002726389212,232.025177,1.275519609,
230.9274139,0.001647163415,230.9274139,1.36036694,
229.9863892,0.001318767667,229.9863892,1.427974701,
229.0452728,-0.003251449205,229.0452728,1.608724952,
227.9472198,-0.0004521477385,227.9472198,1.717325807,
227.0059509,0.004582663998,227.0059509,1.802323103,
226.0646057,-7.180173998E-5,226.0646057,1.847704172,
224.9662628,-0.003655256471,224.9662628,1.903466821,
224.0247345,0.002804956166,224.0247345,2.019903421,
222.9261932,0.01030531153,222.9261932,2.019796848,
221.9845123,-0.02677981555,221.9845123,1.996833801,
221.0427551,-0.01503186487,221.0427551,1.979839444,
219.943924,0.02662211657,219.943924,1.847640991,
219.0019989,-0.008213275112,219.0019989,1.634927511,
218.0599976,0.02074635029,218.0599976,1.446329117,
216.960907,0.004490902647,216.960907,1.335005879,
216.0187378,0.0113639608,216.0187378,1.110276103,
215.0765076,0.0166937355,215.0765076,0.8449236751,
213.9771271,0.09259243309,213.9771271,1.155275345,
213.034729,0.02358020097,213.034729,0.8661251068,
211.9351807,0.09677726775,211.9351807,0.5826731324,
210.9926147,0.02823594399,210.9926147,0.3370779753,
210.0499878,-0.03447189555,210.0499878,0.3055917919,
208.9501648,0.04973796755,208.9501648,0.1585136205,
208.0073853,-0.1331146359,208.0073853,0.1005015746,
207.0645294,-0.0195864737,207.0645294,0.2937987149,
205.9644318,0.2046634704,205.9644318,0.3949714005,
205.0214233,0.08374334127,205.0214233,0.3657901287,
204.0783539,0.02522361837,204.0783539,0.3058632314,
202.9779968,-0.06844737381,202.9779968,0.2002892345,
202.0347748,-0.1059434637,202.0347748,0.1050854847,
200.9342499,-0.168141216,200.9342499,0.02823779359,
199.9907532,-0.1618531495,199.9907532,0.05782388523,

baseline,
baseline
Collection Time: 25/06/2019 14:38:51
Operator Name  :
Scan Software Version: 3.00(339)
Parameter List :
Instrument                        Cary 50
Instrument Version                3.00
Start (nm)                        800.0
Stop (nm)                         200.0
X Mode                            Nanometers
Y Mode                            Abs
UV-Vis Scan Rate (nm/min)         4800.00
UV-Vis Data Interval (nm)         1.00
UV-Vis Ave. Time (sec)            0.0125
Beam Mode                         Dual Beam
Baseline Correction               On
Baseline Type                     Baseline correction
Baseline File Name
Baseline Std Ref File Name
Cycle Mode                        Off
Comments
Method Log     :
Method Name    :
Date/Time stamp: 25/06/2019 14:37:30
Method Modifications:
Common Interval nm Changed: 25/06/2019 14:38:29, Old:     5.00, New:     1.00
Baseline Correction Changed: 25/06/2019 14:38:29, Old:0, New:1
Storage Changed: 25/06/2019 14:38:29, Old:1, New:0
End Method Modifications
<Current Wavelength> , 203.0

sample,
sample
Collection Time: 25/06/2019 14:39:11
Operator Name  :
Scan Software Version: 3.00(339)
Parameter List :
Instrument                        Cary 50
Instrument Version                3.00
Start (nm)                        800.0
Stop (nm)                         200.0
X Mode                            Nanometers
Y Mode                            Abs
UV-Vis Scan Rate (nm/min)         4800.00
UV-Vis Data Interval (nm)         1.00
UV-Vis Ave. Time (sec)            0.0125
Beam Mode                         Dual Beam
Baseline Correction               On
Baseline Type                     Baseline correction
Baseline File Name
Baseline Std Ref File Name
Cycle Mode                        Off
Comments
Method Log     :
Method Name    :
Date/Time stamp: 25/06/2019 14:37:30
Method Modifications:
Common Interval nm Changed: 25/06/2019 14:38:29, Old:     5.00, New:     1.00
Baseline Correction Changed: 25/06/2019 14:38:29, Old:0, New:1
Storage Changed: 25/06/2019 14:38:29, Old:1, New:0
End Method Modifications
<Current Wavelength> , 203.0

