baseline,,bm3_none,,bm3_none1,,lauricacid_10mM_ul05,,lauricacid_10mM_ul5,,
Wavelength (nm),Abs,Wavelength (nm),Abs,Wavelength (nm),Abs,Wavelength (nm),Abs,Wavelength (nm),Abs,
800.0001221,-0.0001487153058,800.0001221,0.1266788542,800.0001221,0.002488935599,800.0001221,0.8420436382,800.0001221,1.65684104,
799.0285034,-0.0008378965431,799.0285034,0.130657196,799.0285034,0.002310946584,799.0285034,0.8265644908,799.0285034,1.602130651,
798.0564575,0.0005419760128,798.0564575,0.1242944449,798.0564575,0.002618946601,798.0564575,0.835919857,798.0564575,1.620867133,
796.9451294,0.0001806439686,796.9451294,0.13538903,796.9451294,0.00245043193,796.9451294,0.8326017261,796.9451294,1.622049689,
795.9723511,-0.0004451140121,795.9723511,0.1324468553,795.9723511,0.001535367221,795.9723511,0.797816515,795.9723511,1.613604069,
794.9991455,-0.0008025513962,794.9991455,0.1274499446,794.9991455,0.002022669418,794.9991455,0.8233989477,794.9991455,1.633208632,
794.0255737,0.0006798054674,794.0255737,0.136102125,794.0255737,0.002990550362,794.0255737,0.82880193,794.0255737,1.629260063,
793.0516357,0.0002059976105,793.0516357,0.1403932273,793.0516357,0.003186054528,793.0516357,0.8295098543,793.0516357,1.68307054,
791.9381104,0.0002521248534,791.9381104,0.1230865642,791.9381104,0.00231125881,791.9381104,0.8288737535,791.9381104,1.648755789,
790.9633789,-0.0005929014878,790.9633789,0.1323435605,790.9633789,0.003000976285,790.9633789,0.824219048,790.9633789,1.611811042,
789.9882202,0.0005369479186,789.9882202,0.1302132756,789.9882202,0.003401213326,789.9882202,0.8430005908,789.9882202,1.623173833,
789.0127563,0.0004532408784,789.0127563,0.1296912581,789.0127563,0.002962531522,789.0127563,0.850356102,789.0127563,1.6579808,
788.0368652,-1.542776226E-5,788.0368652,0.1383773983,788.0368652,0.003042865545,788.0368652,0.8552564979,788.0368652,1.661897063,
787.0606689,-9.913194663E-5,787.0606689,0.134898439,787.0606689,0.002775047673,787.0606689,0.8377377987,787.0606689,1.626920938,
785.944458,0.0008906911244,785.944458,0.1380467713,785.944458,0.003229369875,785.944458,0.8464260101,785.944458,1.621788263,
784.9674683,-5.430536476E-5,784.9674683,0.1341248453,784.9674683,0.002372784074,784.9674683,0.8160770535,784.9674683,1.602765322,
783.9900513,-0.0003975817526,783.9900513,0.1354050487,783.9900513,0.001332399319,783.9900513,0.8290787935,783.9900513,1.634619832,
783.0122681,1.612725828E-5,783.0122681,0.1330466717,783.0122681,0.001745655201,783.0122681,0.82177037,783.0122681,1.604995728,
782.0341187,0.0008273783606,782.0341187,0.1325777322,782.0341187,0.001903626486,782.0341187,0.8330330253,782.0341187,1.660839438,
781.055603,-0.0002837727952,781.055603,0.1381388754,781.055603,0.004068155307,781.055603,0.8259652257,781.055603,1.639965653,
779.9368896,7.610541161E-6,779.9368896,0.1371391416,779.9368896,0.00311750453,779.9368896,0.8403736353,779.9368896,1.657921314,
778.9575806,-0.00131224608,778.9575806,0.1334785372,778.9575806,0.002124836203,778.9575806,0.8130602241,778.9575806,1.616372466,
777.9779053,0.0004884580849,777.9779053,0.1360115856,777.9779053,0.002266369527,777.9779053,0.8415689468,777.9779053,1.661598802,
776.9978638,-0.001490748255,776.9978638,0.1375376731,776.9978638,0.002170205116,776.9978638,0.8472708464,776.9978638,1.648816109,
776.0174561,0.001167653478,776.0174561,0.141056776,776.0174561,0.003335394664,776.0174561,0.8637705445,776.0174561,1.645537615,
775.0366821,0.001196958474,775.0366821,0.1361436397,775.0366821,0.004330392461,775.0366821,0.8481160402,775.0366821,1.64820528,
774.055542,-0.00158422743,774.055542,0.132130295,774.055542,0.002854408929,774.055542,0.8531278968,774.055542,1.618958235,
772.9338379,0.0007678089896,772.9338379,0.1307122111,772.9338379,0.00303671346,772.9338379,0.8516037464,772.9338379,1.661932826,
771.9519043,-0.0003385082819,771.9519043,0.1357798874,771.9519043,0.003499425249,771.9519043,0.8488031626,771.9519043,1.635301948,
770.9696045,-0.0009065117338,770.9696045,0.1372547001,770.9696045,0.002116147894,770.9696045,0.858047843,770.9696045,1.6296978,
769.9869385,-0.0002480720286,769.9869385,0.1348606199,769.9869385,0.003189366311,769.9869385,0.84840554,769.9869385,1.658555508,
769.0039673,0.0004272768274,769.0039673,0.1348957121,769.0039673,0.003015833907,769.0039673,0.8443033099,769.0039673,1.641082525,
768.0205688,0.00161824387,768.0205688,0.1340774298,768.0205688,0.003704896895,768.0205688,0.7916199565,768.0205688,1.630028486,
767.0368652,-0.001140486565,767.0368652,0.1333021969,767.0368652,0.003205351532,767.0368652,0.777874589,767.0368652,1.643668413,
766.0527344,-0.001280604512,766.0527344,0.1342884749,766.0527344,0.002537050517,766.0527344,0.8143798113,766.0527344,1.644970179,
765.0682983,-3.670475053E-5,765.0682983,0.1333349943,765.0682983,0.004474477377,765.0682983,0.8298221827,765.0682983,1.640091777,
763.942749,7.160648966E-5,763.942749,0.1383092999,763.942749,0.003775994061,763.942749,0.8573099971,763.942749,1.66256237,
762.9575195,-0.00149214128,762.9575195,0.1335070878,762.9575195,0.00418747915,762.9575195,0.783780098,762.9575195,1.623028636,
761.9719238,0.0007744994364,761.9719238,0.1366682947,761.9719238,0.003478784347,761.9719238,0.8248870969,761.9719238,1.640913367,
760.9859619,-0.0003274375631,760.9859619,0.1318362951,760.9859619,0.003732075915,760.9859619,0.8367077112,760.9859619,1.650306582,
759.9996338,0.0004742309102,759.9996338,0.1369309574,759.9996338,0.004914768506,759.9996338,0.791651547,759.9996338,1.675120473,
759.0129395,0.0004740754084,759.0129395,0.1377327442,759.0129395,0.00337755098,759.0129395,0.8514661193,759.0129395,1.658256531,
758.0259399,-0.0004464069789,758.0259399,0.1347551942,758.0259399,0.004358787555,758.0259399,0.8531422019,758.0259399,1.651226163,
757.0385742,-0.001005075406,757.0385742,0.1362428814,757.0385742,0.004481486976,757.0385742,0.7792847753,757.0385742,1.624464631,
756.0507813,0.0003824264277,756.0507813,0.1362399161,756.0507813,0.003624779638,756.0507813,0.836230278,756.0507813,1.639327884,
755.0626831,-0.0001784212072,755.0626831,0.1277092844,755.0626831,0.003900017822,755.0626831,0.8590105176,755.0626831,1.634642005,
753.9329834,-0.00101685198,753.9329834,0.1365821362,753.9329834,0.003884659847,753.9329834,0.8374196291,753.9329834,1.669680715,
752.9441528,5.17719414E-8,752.9441528,0.1362396628,752.9441528,0.003950091545,752.9441528,0.8438555598,752.9441528,1.644505143,
751.954895,0.0001757495047,751.954895,0.1363155097,751.954895,0.004751903471,751.954895,0.8488339186,751.954895,1.608488798,
750.965332,1.801700819E-5,750.965332,0.1302053034,750.965332,0.00354285026,750.965332,0.802872777,750.965332,1.653324723,
749.9754028,-0.0005693250569,749.9754028,0.1311753243,749.9754028,0.003736331826,749.9754028,0.8140980005,749.9754028,1.635167718,
748.9851074,0.0003396531392,748.9851074,0.1347018778,748.9851074,0.004280039575,748.9851074,0.8086756468,748.9851074,1.671456575,
747.9945068,-9.732033504E-5,747.9945068,0.1353486627,747.9945068,0.004109859932,747.9945068,0.8502081633,747.9945068,1.664110303,
747.003479,-0.0005514867953,747.003479,0.1366157532,747.003479,0.004718353972,747.003479,0.8367419839,747.003479,1.642508864,
746.012146,-0.001251180423,746.012146,0.1386891901,746.012146,0.00451088557,746.012146,0.8036990166,746.012146,1.664763451,
745.0204468,-0.0003195741156,745.0204468,0.1372353882,745.0204468,0.004674654454,745.0204468,0.8328577876,745.0204468,1.674777746,
744.0283813,0.0003319849784,744.0283813,0.1372310817,744.0283813,0.005473585799,744.0283813,0.8247449994,744.0283813,1.648019671,
743.0360107,0.0007062513032,743.0360107,0.135584414,743.0360107,0.006012124941,743.0360107,0.8075963259,743.0360107,1.636971354,
742.0432129,0.0001155185528,742.0432129,0.1296419501,742.0432129,0.004769333638,742.0432129,0.8383880854,742.0432129,1.6264745,
741.0501099,-0.0001871152344,741.0501099,0.1352238804,741.0501099,0.004481748212,741.0501099,0.8241553307,741.0501099,1.676497579,
740.0567017,0.0005678691668,740.0567017,0.1370944083,740.0567017,0.005361875053,740.0567017,0.8131050467,740.0567017,1.64860034,
739.0628662,0.0003738766245,739.0628662,0.1371055543,739.0628662,0.005622062832,739.0628662,0.8044347167,739.0628662,1.661115766,
738.0687256,0.0008645452908,738.0687256,0.1380177438,738.0687256,0.005357366987,738.0687256,0.8443641067,738.0687256,1.665304542,
736.9321289,0.001523989136,736.9321289,0.1371245533,736.9321289,0.006949596107,736.9321289,0.8248637319,736.9321289,1.675607443,
735.9372559,-0.0001022892975,735.9372559,0.1366751045,735.9372559,0.006149207242,735.9372559,0.8318448067,735.9372559,1.647362232,
734.9420166,-0.0002686132502,734.9420166,0.1394200027,734.9420166,0.005826311186,734.9420166,0.8258832693,734.9420166,1.695801139,
733.9464111,0.0008576718974,733.9464111,0.1400479823,733.9464111,0.005937800277,733.9464111,0.7970196605,733.9464111,1.677068233,
732.9504395,0.000709959073,732.9504395,0.1394105107,732.9504395,0.006373746786,732.9504395,0.8212337494,732.9504395,1.68081224,
731.9541626,-0.0001188003444,731.9541626,0.1325225085,731.9541626,0.006529652979,731.9541626,0.8453829288,731.9541626,1.678358316,
730.9575195,0.0004199957766,730.9575195,0.1409332454,730.9575195,0.005789110437,730.9575195,0.8173446059,730.9575195,1.672988892,
729.9605713,0.0004227164318,729.9605713,0.1429397762,729.9605713,0.006763038691,729.9605713,0.8369264603,729.9605713,1.685898423,
728.9632568,-0.0003724946,728.9632568,0.1307236701,728.9632568,0.005176260136,728.9632568,0.842312634,728.9632568,1.683092356,
727.9655762,-9.897666314E-5,727.9655762,0.1348919123,727.9655762,0.006423029583,727.9655762,0.8223742843,727.9655762,1.679432511,
726.9675903,0.001011584187,726.9675903,0.1402357817,726.9675903,0.00733564049,726.9675903,0.8321247101,726.9675903,1.703104496,
725.9692383,-0.0003340593248,725.9692383,0.1333992779,725.9692383,0.007323082536,725.9692383,0.844332099,725.9692383,1.684884071,
724.97052,0.0002138707496,724.97052,0.1405691504,724.97052,0.006091056392,724.97052,0.8448826075,724.97052,1.692478776,
723.9714966,9.545205103E-5,723.9714966,0.1378548741,723.9714966,0.006265033968,723.9714966,0.8396696448,723.9714966,1.681579351,
722.9721069,0.0006809462211,722.9721069,0.1342824101,722.9721069,0.006825171877,722.9721069,0.8300048709,722.9721069,1.685475826,
721.9724121,0.0003213637392,721.9724121,0.1417144537,721.9724121,0.006732619833,721.9724121,0.8270013928,721.9724121,1.703753948,
720.9723511,-0.0004167194129,720.9723511,0.1384605765,720.9723511,0.006340124179,720.9723511,0.8113853335,720.9723511,1.695148587,
719.9719238,3.049474071E-5,719.9719238,0.1389122605,719.9719238,0.006756281946,719.9719238,0.8372598886,719.9719238,1.688539624,
718.9711914,0.0001197132151,718.9711914,0.1391370744,718.9711914,0.007093973923,718.9711914,0.8113347292,718.9711914,1.701601863,
717.9701538,0.0001719427528,717.9701538,0.1380500793,717.9701538,0.007141838316,717.9701538,0.8306455612,717.9701538,1.699323773,
716.968689,0.0004741013399,716.968689,0.138494119,716.968689,0.007148496341,716.968689,0.8428847194,716.968689,1.70141387,
715.9669189,0.0004007443204,715.9669189,0.1408130229,715.9669189,0.006595852319,715.9669189,0.81525141,715.9669189,1.69436574,
714.9648438,8.47848205E-5,714.9648438,0.1427654624,714.9648438,0.007463028654,714.9648438,0.8439896107,714.9648438,1.703106403,
713.9624023,-0.0003381978895,713.9624023,0.1346927732,713.9624023,0.007171759848,713.9624023,0.8563058972,713.9624023,1.698117256,
712.9596558,0.000402687554,712.9596558,0.1366478056,712.9596558,0.007481173612,712.9596558,0.8473819494,712.9596558,1.704556227,
711.956543,0.0003016762785,711.956543,0.1459837109,711.956543,0.007380451076,711.956543,0.8331320286,711.956543,1.709034681,
710.953125,0.0004755007103,710.953125,0.1440899074,710.953125,0.007313394453,710.953125,0.8457449675,710.953125,1.694880605,
709.9493408,0.0009616922471,709.9493408,0.1422407925,709.9493408,0.008415199816,709.9493408,0.8374333978,709.9493408,1.710337996,
708.9451904,0.0001232346985,708.9451904,0.1409127712,708.9451904,0.007298073266,708.9451904,0.8567889333,708.9451904,1.706650138,
707.9407349,0.0003186695976,707.9407349,0.1425000876,707.9407349,0.008307663724,707.9407349,0.8482512832,707.9407349,1.705206394,
706.9359741,0.0008290123078,706.9359741,0.1443068236,706.9359741,0.007867717184,706.9359741,0.8484044671,706.9359741,1.694926381,
705.9308472,5.638329822E-5,705.9308472,0.1437388659,705.9308472,0.007925579324,705.9308472,0.8741887212,705.9308472,1.693406343,
705.0690918,0.0005287579261,705.0690918,0.1448079497,705.0690918,0.00765821198,705.0690918,0.8652883768,705.0690918,1.694189668,
704.0633545,-0.0003393359948,704.0633545,0.1436247826,704.0633545,0.007021226455,704.0633545,0.8424084783,704.0633545,1.690486431,
703.057251,-0.0002993974194,703.057251,0.1434226036,703.057251,0.008071891032,703.057251,0.8735567331,703.057251,1.707930326,
702.0508423,-0.0002883774578,702.0508423,0.146315828,702.0508423,0.007268116809,702.0508423,0.8605525494,702.0508423,1.702852607,
701.0441284,-0.000192755906,701.0441284,0.1317699552,701.0441284,0.007551996037,701.0441284,0.8588764071,701.0441284,1.690077901,
700.0370483,6.50045331E-5,700.0370483,0.1450119168,700.0370483,0.008125085384,700.0370483,0.8513000607,700.0370483,1.683397651,
699.0296631,0.0001892676664,699.0296631,0.1461027265,699.0296631,0.007755705155,699.0296631,0.8752655983,699.0296631,1.682726264,
698.0219727,-0.0002680441248,698.0219727,0.141624704,698.0219727,0.00766382413,698.0219727,0.8812336326,698.0219727,1.679639697,
697.013916,0.0007312467205,697.013916,0.1447073668,697.013916,0.00845436845,697.013916,0.8695699573,697.013916,1.677626848,
696.0054932,-0.0002259774774,696.0054932,0.142983228,696.0054932,0.007121918257,696.0054932,0.869779408,696.0054932,1.665125489,
694.9968262,4.563936091E-5,694.9968262,0.1431527287,694.9968262,0.007962119766,694.9968262,0.8519207835,694.9968262,1.671580195,
693.987793,-0.0004105644184,693.987793,0.1432647109,693.987793,0.007971796207,693.987793,0.8546326756,693.987793,1.662496328,
692.9783936,0.0003125819785,692.9783936,0.143018201,692.9783936,0.007843546569,692.9783936,0.8625898957,692.9783936,1.667894721,
691.968689,-0.0007573838811,691.968689,0.1419497132,691.968689,0.007613952272,691.968689,0.8430936933,691.968689,1.657177448,
690.9586792,-0.0005794589524,690.9586792,0.1427823752,690.9586792,0.008121867664,690.9586792,0.8610489964,690.9586792,1.650391698,
689.9483643,-0.0006230422878,689.9483643,0.140602529,689.9483643,0.007276777178,689.9483643,0.8465580344,689.9483643,1.640878558,
688.9376831,0.001439572196,688.9376831,0.1431233585,688.9376831,0.009026694112,688.9376831,0.8520709872,688.9376831,1.632314086,
688.071106,-0.0004070989671,688.071106,0.1404285282,688.071106,0.009124495089,688.071106,0.860368669,688.071106,1.656339407,
687.0598145,0.0004840525216,687.0598145,0.1388680935,687.0598145,0.00924463477,687.0598145,0.8543109298,687.0598145,1.641418815,
686.0482178,-0.001071082079,686.0482178,0.1398503631,686.0482178,0.007608156651,686.0482178,0.853988409,686.0482178,1.630988002,
685.0363159,-0.0001021340213,685.0363159,0.1430643052,685.0363159,0.009275072254,685.0363159,0.8450752497,685.0363159,1.633103967,
684.0240479,0.0001320126175,684.0240479,0.1422491968,684.0240479,0.007827442139,684.0240479,0.8563115001,684.0240479,1.634742141,
683.0114746,0.0006669461145,683.0114746,0.1398281753,683.0114746,0.008780017495,683.0114746,0.8232775927,683.0114746,1.645298004,
681.9985962,0.000653879717,681.9985962,0.1382630318,681.9985962,0.009444165975,681.9985962,0.8361342549,681.9985962,1.657540083,
680.9854126,-0.0002396379423,680.9854126,0.1170272827,680.9854126,0.00860043522,680.9854126,0.8456090689,680.9854126,1.634660363,
679.9718628,0.001300151343,679.9718628,0.1427309811,679.9718628,0.009931397624,679.9718628,0.8457919955,679.9718628,1.648838878,
678.9580078,0.0001131364188,678.9580078,0.1239677519,678.9580078,0.009706971236,678.9580078,0.8624347448,678.9580078,1.644438982,
677.9438477,-2.72311845E-5,677.9438477,0.1411819458,677.9438477,0.009541611187,677.9438477,0.8619531989,677.9438477,1.652412057,
676.9293213,0.0003797578393,676.9293213,0.1434197724,676.9293213,0.009146437049,676.9293213,0.8183928132,676.9293213,1.632110476,
676.0595093,-0.0003306967265,676.0595093,0.139142707,676.0595093,0.008622984402,676.0595093,0.8470329046,676.0595093,1.665693164,
675.0443726,0.0004801912291,675.0443726,0.1379039735,675.0443726,0.009913229384,675.0443726,0.8437622786,675.0443726,1.617676854,
674.0289917,-0.0004845220246,674.0289917,0.1397148669,674.0289917,0.00933854375,674.0289917,0.842328012,674.0289917,1.628242612,
673.0132446,-6.12936492E-5,673.0132446,0.1380553842,673.0132446,0.008929365315,673.0132446,0.8511408567,673.0132446,1.641945601,
671.9971924,0.0004250743659,671.9971924,0.1384060234,671.9971924,0.01008217502,671.9971924,0.8474572897,671.9971924,1.639436007,
670.980835,0.0008019625093,670.980835,0.1369961798,670.980835,0.009263700806,670.980835,0.8468787074,670.980835,1.639364004,
669.9641724,-0.0004861768975,669.9641724,0.1373820752,669.9641724,0.009484247304,669.9641724,0.8425634503,669.9641724,1.602403879,
668.9472046,-0.0003242301173,668.9472046,0.1397361159,668.9472046,0.009403427131,668.9472046,0.8541845679,668.9472046,1.639921546,
667.9298706,-0.0003132107959,667.9298706,0.1343452185,667.9298706,0.009122935124,667.9298706,0.8481818438,667.9298706,1.652071834,
667.0576172,-0.0006269196165,667.0576172,0.1384375989,667.0576172,0.009534493089,667.0576172,0.8495180011,667.0576172,1.642727375,
666.0397339,-0.0008281820919,666.0397339,0.1378907859,666.0397339,0.009367744438,666.0397339,0.8453980088,666.0397339,1.64320147,
665.0215454,-0.0003331281478,665.0215454,0.1390349269,665.0215454,0.01027053501,665.0215454,0.8469313383,665.0215454,1.64946866,
664.0029907,-9.970130486E-5,664.0029907,0.139723435,664.0029907,0.01051617693,664.0029907,0.8379638195,664.0029907,1.652294993,
662.9841309,0.0001976584608,662.9841309,0.1404765546,662.9841309,0.009587841108,662.9841309,0.8508890867,662.9841309,1.62946701,
661.9649658,-0.0004743342288,661.9649658,0.1398389637,661.9649658,0.01001907047,661.9649658,0.8474745154,661.9649658,1.62083149,
660.9455566,9.193080041E-5,660.9455566,0.1384033859,660.9455566,0.01042185444,660.9455566,0.8399781585,660.9455566,1.644438982,
660.0714722,-0.0001094838444,660.0714722,0.1399688572,660.0714722,0.01013572235,660.0714722,0.8454299569,660.0714722,1.649021864,
659.0513916,-7.438989996E-5,659.0513916,0.1439117938,659.0513916,0.01032707468,659.0513916,0.8607308269,659.0513916,1.639186144,
658.0310669,-0.0002997595875,658.0310669,0.144644022,658.0310669,0.009896438569,658.0310669,0.8509729505,658.0310669,1.64006722,
657.010376,-0.001054710476,657.010376,0.1411207914,657.010376,0.009934257716,657.010376,0.8525390625,657.010376,1.642024279,
655.9893799,-7.666747115E-5,655.9893799,0.1407591105,655.9893799,0.01114877872,655.9893799,0.8446445465,655.9893799,1.64484632,
654.9681396,-0.0003887367493,654.9681396,0.1389393508,654.9681396,0.009179458022,654.9681396,0.8330792189,654.9681396,1.635192156,
653.9465332,-0.0004190986219,653.9465332,0.1416715235,653.9465332,0.01118333358,653.9465332,0.8449636698,653.9465332,1.639690161,
653.0706177,-0.0001964300754,653.0706177,0.1314985603,653.0706177,0.01134007238,653.0706177,0.8448552489,653.0706177,1.635824561,
652.0484619,-0.0003637008485,652.0484619,0.1441173255,652.0484619,0.01021318045,652.0484619,0.8316405416,652.0484619,1.64525342,
651.026001,-0.0007461171481,651.026001,0.1424887627,651.026001,0.01059975103,651.026001,0.8457500935,651.026001,1.650004625,
650.0031738,0.0006864686147,650.0031738,0.1424084157,650.0031738,0.01089189481,650.0031738,0.8415086269,650.0031738,1.669898272,
648.9801025,0.0007087404374,648.9801025,0.145249933,648.9801025,0.01127250865,648.9801025,0.8523115516,648.9801025,1.635362744,
647.9567261,-0.0005180315347,647.9567261,0.1402650177,647.9567261,0.01064540353,647.9567261,0.8556261063,647.9567261,1.637864947,
646.9329834,0.0005899534444,646.9329834,0.1309457421,646.9329834,0.01078459341,646.9329834,0.8490099907,646.9329834,1.670842886,
646.0552979,0.0005338636693,646.0552979,0.1316380352,646.0552979,0.01093826909,646.0552979,0.8414496779,646.0552979,1.634802938,
645.0310059,-0.000625316985,645.0310059,0.1324139237,645.0310059,0.01062258985,645.0310059,0.8572154641,645.0310059,1.637603045,
644.0064697,-0.0001131587123,644.0064697,0.1356333345,644.0064697,0.01075959671,644.0064697,0.7977106571,644.0064697,1.643276334,
642.9815674,-0.0003235058684,642.9815674,0.137223199,642.9815674,0.01116519235,642.9815674,0.7804328203,642.9815674,1.637524843,
641.9563599,-0.0003361286072,641.9563599,0.1390809119,641.9563599,0.01081707608,641.9563599,0.7828810811,641.9563599,1.638720632,
640.9309082,-0.0001954985928,640.9309082,0.1332942098,640.9309082,0.01056786813,640.9309082,0.8465817571,640.9309082,1.637598872,
640.0516968,-0.0001161606924,640.0516968,0.1310994923,640.0516968,0.01190812886,640.0516968,0.8575290442,640.0516968,1.63823843,
639.0256348,-0.0008418236393,639.0256348,0.1220092699,639.0256348,0.01130646188,639.0256348,0.8446418643,639.0256348,1.64621973,
637.9992676,-0.0003358182148,637.9992676,0.1390301734,637.9992676,0.01111249998,637.9992676,0.8289830685,637.9992676,1.663815141,
636.9725952,-0.0005682392512,636.9725952,0.1425471008,636.9725952,0.01125128195,636.9725952,0.8285833001,636.9725952,1.643345952,
635.9456787,-0.000535405823,635.9456787,0.1423057318,635.9456787,0.01092096139,635.9456787,0.8427595496,635.9456787,1.646114588,
635.0651855,-0.0003345766454,635.0651855,0.1416707337,635.0651855,0.01194995455,635.0651855,0.8311653733,635.0651855,1.65251863,
634.0376587,-0.0001241313585,634.0376587,0.1443679631,634.0376587,0.01093776431,634.0376587,0.7946685553,634.0376587,1.64423418,
633.0098877,-0.0002153696114,633.0098877,0.1469094902,633.0098877,0.01170807425,633.0098877,0.8021481633,633.0098877,1.656329751,
631.9817505,-0.0001027551407,631.9817505,0.1432104558,631.9817505,0.01093683578,631.9817505,0.7698252201,631.9817505,1.651695728,
630.9533691,0.0004433422291,630.9533691,0.1382334232,630.9533691,0.01202347968,630.9533691,0.7948547602,630.9533691,1.658035159,
630.0716553,-0.0004072024021,630.0716553,0.1443006843,630.0716553,0.010995958,630.0716553,0.8122674823,630.0716553,1.652011156,
629.0426636,-0.0003643733216,629.0426636,0.1449179053,629.0426636,0.01108517405,629.0426636,0.8256351352,629.0426636,1.641535759,
628.0134277,0.0002135340619,628.0134277,0.1462181211,628.0134277,0.01180767827,628.0134277,0.8430137038,628.0134277,1.650713444,
626.9838867,-0.0003974782885,626.9838867,0.1363855004,626.9838867,0.01072428003,626.9838867,0.8101853132,626.9838867,1.638785601,
625.9540405,-0.0002929820912,625.9540405,0.1429776549,625.9540405,0.01133279223,625.9540405,0.7722023726,625.9540405,1.648353338,
625.0710449,0.0005527841276,625.0710449,0.1438060254,625.0710449,0.01143988408,625.0710449,0.7845895886,625.0710449,1.652397394,
624.0406494,0.0001568196167,624.0406494,0.1432231367,624.0406494,0.0115421107,624.0406494,0.8135174513,624.0406494,1.652175188,
623.0099487,0.0007486717659,623.0099487,0.145524174,623.0099487,0.01139287185,623.0099487,0.7591815591,623.0099487,1.649675131,
621.9790039,-2.277905514E-5,621.9790039,0.1458836943,621.9790039,0.01144070737,621.9790039,0.8420078158,621.9790039,1.653005838,
620.9476929,0.0002878955856,620.9476929,0.1493364275,620.9476929,0.01154623087,620.9476929,0.8265846372,620.9476929,1.65011394,
620.0635376,0.0004018325126,620.0635376,0.1483378559,620.0635376,0.0117465565,620.0635376,0.8161587715,620.0635376,1.652604938,
619.0316772,0.0003301974793,619.0316772,0.1436974555,619.0316772,0.01212560385,619.0316772,0.8548987508,619.0316772,1.65552175,
617.9995728,-0.001009517582,617.9995728,0.145459041,617.9995728,0.01150157303,617.9995728,0.8519496322,617.9995728,1.658180714,
616.9671631,0.001124569215,616.9671631,0.1410986483,616.9671631,0.01261196379,616.9671631,0.8507440686,616.9671631,1.655704021,
615.9344482,-0.0001513547613,615.9344482,0.1491305679,615.9344482,0.01229543891,615.9344482,0.859343946,615.9344482,1.663208008,
615.0490723,-0.0001900649513,615.0490723,0.1470991522,615.0490723,0.01240029186,615.0490723,0.8380681872,615.0490723,1.658117056,
614.0158081,-0.0001160054162,614.0158081,0.1470478028,614.0158081,0.01264383737,614.0158081,0.838529408,614.0158081,1.664158702,
612.9822998,0.001013634028,612.9822998,0.1437274069,612.9822998,0.01388048194,612.9822998,0.812771678,612.9822998,1.65493536,
611.9484863,0.0009449850768,611.9484863,0.1445881575,611.9484863,0.0138716884,611.9484863,0.7957798243,611.9484863,1.644759536,
611.0621338,0.0001571562607,611.0621338,0.1482219547,611.0621338,0.0135865612,611.0621338,0.8202415109,611.0621338,1.646532655,
610.027771,0.0001118158907,610.027771,0.144292742,610.027771,0.01326198597,610.027771,0.8320601583,610.027771,1.651446939,
608.993103,-0.0004078230995,608.993103,0.1478389651,608.993103,0.01364999823,608.993103,0.8507367373,608.993103,1.655286789,
607.9581909,-0.0005014839699,607.9581909,0.1443670541,607.9581909,0.01391945127,607.9581909,0.813162744,607.9581909,1.662334681,
607.0708618,0.0002073702199,607.0708618,0.1458344758,607.0708618,0.01432188321,607.0708618,0.8288818002,607.0708618,1.656145453,
606.0354004,2.785419565E-5,606.0354004,0.1468193531,606.0354004,0.01510870364,606.0354004,0.7982634306,606.0354004,1.664574146,
604.9996948,0.000723156787,604.9996948,0.1487625241,604.9996948,0.01573751308,604.9996948,0.7593266964,604.9996948,1.662650347,
603.963623,0.000329808885,603.963623,0.1497794688,603.963623,0.01615340263,603.963623,0.800206244,603.963623,1.660505295,
602.9273071,0.0002934907097,602.9273071,0.1491898298,602.9273071,0.01597088017,602.9273071,0.7589449286,602.9273071,1.676917672,
602.0388184,0.0002874034399,602.0388184,0.1533283591,602.0388184,0.0168591775,602.0388184,0.7433165312,602.0388184,1.660817862,
601.0019531,5.291414345E-5,601.0019531,0.1554111838,601.0019531,0.01667178608,601.0019531,0.8551099896,601.0019531,1.66874671,
599.9648438,0.0002369471185,599.9648438,0.1579874158,599.9648438,0.01817078888,599.9648438,0.7626134157,599.9648438,1.666272998,
598.9274292,0.000538865861,598.9274292,0.148854807,598.9274292,0.01915565506,598.9274292,0.7987170815,598.9274292,1.662286639,
598.0379639,0.0002535234962,598.0379639,0.1466746181,598.0379639,0.01864132471,598.0379639,0.8107357025,598.0379639,1.671167612,
597.000061,0.0003310782777,597.000061,0.1549714655,597.000061,0.02002344467,597.000061,0.8223019242,597.000061,1.684161067,
595.961853,0.0003870641231,595.961853,0.1550960094,595.961853,0.02020773292,595.961853,0.8519960642,595.961853,1.676059008,
595.0717163,-0.0007683919393,595.0717163,0.1654684693,595.0717163,0.0207907185,595.0717163,0.8373721838,595.0717163,1.672603488,
594.032959,0.0001285687467,594.032959,0.1510910541,594.032959,0.02275184542,594.032959,0.8186975718,594.032959,1.680859089,
592.9939575,0.0002964437299,592.9939575,0.1555236727,592.9939575,0.02402498387,592.9939575,0.8287349343,592.9939575,1.677231789,
591.9546509,0.0003859500284,591.9546509,0.1582794636,591.9546509,0.02537343279,591.9546509,0.8611878157,591.9546509,1.686039209,
591.0635986,0.0002335024183,591.0635986,0.1648235917,591.0635986,0.02563257515,591.0635986,0.8578422666,591.0635986,1.673700094,
590.0237427,0.0001768112706,590.0237427,0.1720077991,590.0237427,0.02813813463,590.0237427,0.8576594591,590.0237427,1.669737935,
588.9836426,-1.314987276E-5,588.9836426,0.1659775227,588.9836426,0.028646864,588.9836426,0.8501307964,588.9836426,1.679979801,
587.9432983,-0.0004417005694,587.9432983,0.1682424247,587.9432983,0.03078348003,587.9432983,0.8767721057,587.9432983,1.68815577,
587.0512695,-3.287393702E-5,587.0512695,0.1767335236,587.0512695,0.03289240599,587.0512695,0.8404752016,587.0512695,1.693068147,
586.010376,-0.0003886850318,586.010376,0.1864547431,586.010376,0.03377540782,586.010376,0.8569440246,586.010376,1.697616816,
584.9692383,0.0003054841945,584.9692383,0.1739133596,584.9692383,0.0379075408,584.9692383,0.8636434078,584.9692383,1.685419202,
583.9277954,-4.964644904E-5,583.9277954,0.184177205,583.9277954,0.04037138075,583.9277954,0.8821367025,583.9277954,1.70487833,
583.0349121,-0.0001297210983,583.0349121,0.1865138859,583.0349121,0.04320317879,583.0349121,0.8303061724,583.0349121,1.698338985,
581.9929199,-0.001029867795,581.9929199,0.1812348515,581.9929199,0.04510807618,581.9929199,0.8746551871,581.9929199,1.697798133,
580.9506836,0.0002999925346,580.9506836,0.2037773877,580.9506836,0.04894984514,580.9506836,0.8723963499,580.9506836,1.70759964,
580.0571289,0.00054804096,580.0571289,0.2029529512,580.0571289,0.05274124444,580.0571289,0.8943687081,580.0571289,1.711629748,
579.0144043,0.0005485074944,579.0144043,0.201115489,579.0144043,0.05682267621,579.0144043,0.8851064444,579.0144043,1.717567801,
577.9713745,-0.0002229762467,577.9713745,0.2150190324,577.9713745,0.05855609477,577.9713745,0.890571177,577.9713745,1.714201212,
576.9281006,0.0003929973172,576.9281006,0.2119736224,576.9281006,0.06212642789,576.9281006,0.8960052133,576.9281006,1.71172142,
576.0336304,0.0001416193409,576.0336304,0.2109143436,576.0336304,0.06414473802,576.0336304,0.8799107075,576.0336304,1.715551972,
574.9898071,9.933581896E-5,574.9898071,0.2117016613,574.9898071,0.06607218832,574.9898071,0.9103628993,574.9898071,1.723709345,
573.9457397,7.455798914E-5,573.9457397,0.2241760641,573.9457397,0.06955642253,573.9457397,0.8699130416,573.9457397,1.726315856,
573.0506592,0.0001919091883,573.0506592,0.2250817716,573.0506592,0.07035469264,573.0506592,0.8898259401,573.0506592,1.72669518,
572.0060425,-1.113082362E-5,572.0060425,0.2285595685,572.0060425,0.07187921554,572.0060425,0.9097993374,572.0060425,1.732644558,
570.9612427,0.0005846396671,570.9612427,0.2297915071,570.9612427,0.07373964787,570.9612427,0.906003654,570.9612427,1.723451257,
570.0654297,9.431282524E-5,570.0654297,0.2283366919,570.0654297,0.07394255698,570.0654297,0.8730472326,570.0654297,1.731948018,
569.0200806,0.0004507791309,569.0200806,0.2132364959,569.0200806,0.07432479411,569.0200806,0.8834199905,569.0200806,1.731377244,
567.9744873,-0.0004698349512,567.9744873,0.2145298421,567.9744873,0.07375390828,567.9744873,0.881180048,567.9744873,1.724167705,
566.9285889,0.0001623612479,566.9285889,0.2284945548,566.9285889,0.07306773961,566.9285889,0.8872333765,566.9285889,1.734787464,
566.0319214,0.0003863127495,566.0319214,0.2365514934,566.0319214,0.07245204598,566.0319214,0.914139688,566.0319214,1.735226512,
564.9855347,-0.0003551655391,564.9855347,0.2291223407,564.9855347,0.07169979811,564.9855347,0.9124840498,564.9855347,1.740353465,
563.9389038,3.178913175E-5,563.9389038,0.2203506678,563.9389038,0.07027471066,563.9389038,0.9090453386,563.9389038,1.718525529,
563.0415649,-0.0002787541598,563.0415649,0.2197086662,563.0415649,0.06948056817,563.0415649,0.9084269404,563.0415649,1.724384427,
561.9944458,0.0003950700921,561.9944458,0.218025893,561.9944458,0.0679557398,561.9944458,0.9006274343,561.9944458,1.739544153,
560.9470825,-0.0004670422932,560.9470825,0.2156867087,560.9470825,0.06619746983,560.9470825,0.9002318978,560.9470825,1.726813555,
560.0490723,0.0006241188967,560.0490723,0.2196005434,560.0490723,0.06550891697,560.0490723,0.8841689825,560.0490723,1.740476251,
559.0011597,-0.0001078793139,559.0011597,0.214472279,559.0011597,0.06441748887,559.0011597,0.8987693191,559.0011597,1.739393592,
557.9530029,0.000323695218,557.9530029,0.2129842192,557.9530029,0.0632006377,557.9530029,0.8926355839,557.9530029,1.733828664,
557.0543823,-0.0001905824465,557.0543823,0.2099724859,557.0543823,0.06259915233,557.0543823,0.8921483159,557.0543823,1.736329436,
556.0057373,0.000341596111,556.0057373,0.2131655216,556.0057373,0.06181529537,556.0057373,0.8949714303,556.0057373,1.733759046,
554.9568481,-2.961253813E-5,554.9568481,0.2112013251,554.9568481,0.06137115136,554.9568481,0.8873518705,554.9568481,1.727402329,
554.0575562,0.0005214232951,554.0575562,0.2080554068,554.0575562,0.06079464406,554.0575562,0.8902139664,554.0575562,1.734447002,
553.0081787,0.000531323778,553.0081787,0.2112814486,553.0081787,0.060485892,553.0081787,0.8669528961,553.0081787,1.745004296,
551.9585571,0.0002615011181,551.9585571,0.2060558349,551.9585571,0.06038012728,551.9585571,0.8925362825,551.9585571,1.736510754,
551.0586548,0.0004593822814,551.0586548,0.2081595659,551.0586548,0.06032233313,551.0586548,0.8459112644,551.0586548,1.741671085,
550.0084839,-0.000134430913,550.0084839,0.2010594308,550.0084839,0.06078297272,550.0084839,0.8830814362,550.0084839,1.732381463,
548.9580688,0.0002183512552,548.9580688,0.206850931,548.9580688,0.06150289625,548.9580688,0.8377891779,548.9580688,1.746693015,
548.0575562,0.0001270151261,548.0575562,0.1924798042,548.0575562,0.06187436357,548.0575562,0.87703228,548.0575562,1.736236215,
547.0066528,1.962200804E-5,547.0066528,0.2097187042,547.0066528,0.06259903312,547.0066528,0.9054445028,547.0066528,1.752090931,
545.9555054,0.0002970913192,545.9555054,0.2101465166,545.9555054,0.06391213834,545.9555054,0.8815959096,545.9555054,1.745303512,
545.0543823,-0.0003406292817,545.0543823,0.2124393433,545.0543823,0.06436675042,545.0543823,0.8416293263,545.0543823,1.749155521,
544.0027466,0.0002808241115,544.0027466,0.2147191316,544.0027466,0.06573002785,544.0027466,0.8548153043,544.0027466,1.753157496,
542.9508667,-0.0002554711245,542.9508667,0.2090596408,542.9508667,0.06674675643,542.9508667,0.8295480013,542.9508667,1.752989888,
542.0490723,0.0001175123107,542.0490723,0.2190074772,542.0490723,0.0677709505,542.0490723,0.8350962996,542.0490723,1.762337208,
540.9967041,-4.938761776E-5,540.9967041,0.2223678827,540.9967041,0.06885398179,540.9967041,0.9126511216,540.9967041,1.76227057,
539.9440918,0.0002546372416,539.9440918,0.2242461294,539.9440918,0.06961066276,539.9440918,0.9140729904,539.9440918,1.762371898,
539.041687,-0.0003594073351,539.041687,0.2079955935,539.041687,0.07039256394,539.041687,0.9093287587,539.041687,1.764762998,
537.9885864,-0.0001928076526,537.9885864,0.2171426713,537.9885864,0.07065884769,537.9885864,0.8937050104,537.9885864,1.768279433,
536.9353027,-0.0003425433242,536.9353027,0.2238609344,536.9353027,0.07057390362,536.9353027,0.905647099,536.9353027,1.770897985,
536.0322266,2.210718048E-5,536.0322266,0.2218043357,536.0322266,0.07056568563,536.0322266,0.8574879169,536.0322266,1.760839105,
534.9783936,-0.0003447677591,534.9783936,0.2127139866,534.9783936,0.07035064697,534.9783936,0.847915113,534.9783936,1.767238259,
534.0749512,0.0003743429552,534.0749512,0.2157760859,534.0749512,0.07071337849,534.0749512,0.8760715127,534.0749512,1.769392729,
533.0206909,-8.365539543E-5,533.0206909,0.2236194909,533.0206909,0.07041095197,533.0206909,0.9370090365,533.0206909,1.779329062,
531.9661865,9.710912127E-5,531.9661865,0.2018782496,531.9661865,0.06964782625,531.9661865,0.9007607698,531.9661865,1.762225866,
531.0620728,-8.877979417E-5,531.0620728,0.2101572305,531.0620728,0.06874297559,531.0620728,0.8998997211,531.0620728,1.773032546,
530.0071411,0.0003324771824,530.0071411,0.2086935788,530.0071411,0.06830011308,530.0071411,0.8726391196,530.0071411,1.767758131,
528.9519043,0.0001039963827,528.9519043,0.2207884938,528.9519043,0.06695786864,528.9519043,0.8927161098,528.9519043,1.773022771,
528.0471802,0.0003743170528,528.0471802,0.2232869565,528.0471802,0.06653688848,528.0471802,0.8288536072,528.0471802,1.777088046,
526.9915161,0.0002276231826,526.9915161,0.2114323825,526.9915161,0.06509424001,526.9915161,0.8941765428,526.9915161,1.77278173,
525.9355469,0.0001005527374,525.9355469,0.2081164271,525.9355469,0.0639237687,525.9355469,0.9211214185,525.9355469,1.775779128,
525.0302734,0.0003587464453,525.0302734,0.217183724,525.0302734,0.06234110519,525.0302734,0.9092316628,525.0302734,1.770938635,
523.9738159,0.0005033594789,523.9738159,0.2078856677,523.9738159,0.06148240715,523.9738159,0.888985157,523.9738159,1.769582272,
523.0681152,0.0001153373014,523.0681152,0.2101473212,523.0681152,0.06006388366,523.0681152,0.8857465386,523.0681152,1.763312697,
522.0112915,-0.0001537354401,522.0112915,0.2091489136,522.0112915,0.05916102231,522.0112915,0.9078435898,522.0112915,1.764914989,
520.9541626,-0.0001804394851,520.9541626,0.2081017494,520.9541626,0.05695461109,520.9541626,0.8866485357,520.9541626,1.765311241,
520.0478516,7.051910507E-5,520.0478516,0.2006876022,520.0478516,0.05589319393,520.0478516,0.8920542002,520.0478516,1.761867881,
518.9902954,0.0003575028968,518.9902954,0.1835126579,518.9902954,0.05492629856,518.9902954,0.8944926262,518.9902954,1.761044621,
517.9324951,-9.571576084E-5,517.9324951,0.1960848123,517.9324951,0.05326521769,517.9324951,0.9003248811,517.9324951,1.767663479,
517.0255737,-0.0005617244751,517.0255737,0.2005975395,517.0255737,0.05222169682,517.0255737,0.9174085855,517.0255737,1.761981487,
515.9672852,-0.0005438341759,515.9672852,0.1983489394,515.9672852,0.05079173297,515.9672852,0.9160888791,515.9672852,1.758974791,
515.0600586,-0.000360907492,515.0600586,0.197204724,515.0600586,0.04945449531,515.0600586,0.9060212374,515.0600586,1.74945879,
514.0012817,-0.0006382411812,514.0012817,0.1900332123,514.0012817,0.04796958715,514.0012817,0.8974117041,514.0012817,1.750449657,
512.9423218,-0.0002042957785,512.9423218,0.1825343966,512.9423218,0.04783763736,512.9423218,0.8981149793,512.9423218,1.745793343,
512.0344849,-0.0004714898532,512.0344849,0.1913626194,512.0344849,0.04711974412,512.0344849,0.9094724655,512.0344849,1.738155484,
510.9750671,-0.0002628701041,510.9750671,0.1802015007,510.9750671,0.04647876695,510.9750671,0.8586295843,510.9750671,1.744818807,
510.066803,0.0001009411208,510.066803,0.1948395222,510.066803,0.04629974812,510.066803,0.8974134326,510.066803,1.743306637,
509.0069275,0.0007346694474,509.0069275,0.1898422837,509.0069275,0.04546060413,509.0069275,0.8889642358,509.0069275,1.735192418,
507.9468384,0.0001029089181,507.9468384,0.17601946,507.9468384,0.04432612658,507.9468384,0.8732454777,507.9468384,1.727632999,
507.0379639,-0.0003234023752,507.0379639,0.1893898696,507.0379639,0.04449647292,507.0379639,0.8884606957,507.0379639,1.721486211,
505.977417,4.103119863E-5,505.977417,0.1632502228,505.977417,0.04355055839,505.977417,0.8741191626,505.977417,1.714903235,
505.0682068,9.936171409E-5,505.0682068,0.1764104664,505.0682068,0.04303648323,505.0682068,0.8786948919,505.0682068,1.719581246,
504.0072021,5.902040812E-6,504.0072021,0.1957989484,504.0072021,0.04305854812,504.0072021,0.8915730119,504.0072021,1.7203089,
502.9459839,-0.0001919279312,502.9459839,0.1846469492,502.9459839,0.04246966168,502.9459839,0.8931286931,502.9459839,1.713961363,
502.0361633,-0.0002909643517,502.0361633,0.1660407335,502.0361633,0.04208678007,502.0361633,0.8595514297,502.0361633,1.711720705,
500.9744873,0.0001720463333,500.9744873,0.17408216,500.9744873,0.0430861637,500.9744873,0.8840481043,500.9744873,1.716793418,
500.0643005,7.952897431E-5,500.0643005,0.1772244722,500.0643005,0.04277905822,500.0643005,0.8841687441,500.0643005,1.707403541,
499.0021973,0.0004560135712,499.0021973,0.1791979671,499.0021973,0.04157754034,499.0021973,0.8865060806,499.0021973,1.69178164,
497.9398499,0.0002739858464,497.9398499,0.1897846907,497.9398499,0.04213044792,497.9398499,0.8819525242,497.9398499,1.691489458,
497.0290833,0.0001467982511,497.0290833,0.1786397994,497.0290833,0.04162366316,497.0290833,0.8953729272,497.0290833,1.711474657,
495.9663086,9.914439033E-6,495.9663086,0.1801629215,495.9663086,0.04185739905,495.9663086,0.8883158565,495.9663086,1.70707345,
495.0551758,0.0001966225391,495.0551758,0.1813924462,495.0551758,0.04156939313,495.0551758,0.8975676894,495.0551758,1.698741317,
493.9919434,0.0003745502327,493.9919434,0.1823562682,493.9919434,0.04170691594,493.9919434,0.8749379516,493.9919434,1.699582696,
492.9284973,0.0006098354352,492.9284973,0.1709586084,492.9284973,0.04173299298,492.9284973,0.856715858,492.9284973,1.695627451,
492.0167847,-0.0005379395443,492.0167847,0.1853141785,492.0167847,0.04142248631,492.0167847,0.8781821728,492.0167847,1.701185584,
490.9529114,-0.0008347962284,490.9529114,0.1844843328,490.9529114,0.0415093489,490.9529114,0.8835986853,490.9529114,1.701177716,
490.0408325,-0.0005181866582,490.0408325,0.1769337654,490.0408325,0.04193245992,490.0408325,0.8746197224,490.0408325,1.701434255,
488.976532,0.0002162534365,488.976532,0.1772874594,488.976532,0.04220615327,488.976532,0.8460638523,488.976532,1.697703004,
488.0640869,-4.762757089E-5,488.0640869,0.177302137,488.0640869,0.0422399044,488.0640869,0.8673711419,488.0640869,1.703463912,
486.9993286,-2.277959311E-6,486.9993286,0.1810438931,486.9993286,0.04167132825,486.9993286,0.8808711767,486.9993286,1.707680583,
485.9343567,-0.0002273228456,485.9343567,0.1762795746,485.9343567,0.04251296818,485.9343567,0.8096516728,485.9343567,1.694491148,
485.0213623,-0.0001890817221,485.0213623,0.1699107587,485.0213623,0.04291139543,485.0213623,0.8423707485,485.0213623,1.699716091,
483.9559631,-4.519454887E-5,483.9559631,0.1851132959,483.9559631,0.04300758615,483.9559631,0.8614459038,483.9559631,1.710112572,
483.0426025,0.0005197128048,483.0426025,0.1869955063,483.0426025,0.04302136227,483.0426025,0.9052413106,483.0426025,1.716284275,
481.9767761,0.0003711303289,481.9767761,0.1871085167,481.9767761,0.04409859329,481.9767761,0.8502970934,481.9767761,1.713042855,
481.0630188,0.0001899150957,481.0630188,0.1777712852,481.0630188,0.0433788076,481.0630188,0.8798770308,481.0630188,1.71105659,
479.9967957,0.0005626593484,479.9967957,0.160725683,479.9967957,0.04459671676,479.9967957,0.7347750068,479.9967957,1.713120461,
478.9303284,-0.0005949695478,478.9303284,0.18053101,478.9303284,0.0437881127,478.9303284,0.854626894,478.9303284,1.712919474,
478.0160217,0.0004558580986,478.0160217,0.1720632762,478.0160217,0.04515101388,478.0160217,0.8657296896,478.0160217,1.709921598,
476.9491577,-5.554773452E-5,476.9491577,0.1797730327,476.9491577,0.04598043859,476.9491577,0.8581858277,476.9491577,1.712431788,
476.0344849,6.764530553E-5,476.0344849,0.1813154072,476.0344849,0.04645142704,476.0344849,0.8760145903,476.0344849,1.71684444,
474.9671936,7.536059275E-5,474.9671936,0.1826521754,474.9671936,0.04699508846,474.9671936,0.8937481642,474.9671936,1.721170425,
474.0521851,-0.0004123747349,474.0521851,0.1735475659,474.0521851,0.04797722027,474.0521851,0.7668318152,474.0521851,1.725264549,
472.9844666,0.0002871962206,472.9844666,0.1844939142,472.9844666,0.04911349341,472.9844666,0.8688452244,472.9844666,1.720127821,
472.0690918,4.348864422E-6,472.0690918,0.1738072485,472.0690918,0.0500687398,472.0690918,0.7989730239,472.0690918,1.727157831,
471.000946,0.0001113757171,471.000946,0.1873564422,471.000946,0.05144357309,471.000946,0.8875417113,471.000946,1.731280088,
469.9326172,0.0001960009977,469.9326172,0.1936785281,469.9326172,0.05267995596,469.9326172,0.886608541,469.9326172,1.727928042,
469.0166931,0.0003852245864,469.0166931,0.1896782815,469.0166931,0.05462051556,469.0166931,0.8922993541,469.0166931,1.732863784,
467.947937,-0.0003532515257,467.947937,0.187687397,467.947937,0.055161722,467.947937,0.90373528,467.947937,1.734490514,
467.0316772,-0.0001207153764,467.0316772,0.1802341491,467.0316772,0.05732268095,467.0316772,0.8981929421,467.0316772,1.733632803,
465.9624939,-0.000150267937,465.9624939,0.1997706294,465.9624939,0.05880457908,465.9624939,0.89343822,465.9624939,1.730437398,
465.0458679,0.0003456893319,465.0458679,0.2018536925,465.0458679,0.06093434244,465.0458679,0.871322155,465.0458679,1.738255024,
463.9762878,-6.942061736E-5,463.9762878,0.2017266899,463.9762878,0.06310917437,463.9762878,0.9053327441,463.9762878,1.738057971,
463.0593262,0.0003103800991,463.0593262,0.2088624984,463.0593262,0.06593634188,463.0593262,0.9013957977,463.0593262,1.743239045,
461.9893188,0.0003639020433,461.9893188,0.1976847649,461.9893188,0.06899963319,461.9893188,0.9087612033,461.9893188,1.731556416,
461.0720215,0.0001684467716,461.0720215,0.2125720531,461.0720215,0.07166814059,461.0720215,0.8718629479,461.0720215,1.735494733,
460.0016174,0.0004457779869,460.0016174,0.2102275342,460.0016174,0.07466696948,460.0016174,0.9103058577,460.0016174,1.749468446,
458.9309998,0.0001676698885,458.9309998,0.2273000032,458.9309998,0.07772423327,458.9309998,0.9230549335,458.9309998,1.745643258,
458.0131531,0.0002851498721,458.0131531,0.2309405059,458.0131531,0.08154815435,458.0131531,0.9297841787,458.0131531,1.749346614,
456.9421387,-0.0001125376075,456.9421387,0.2361065447,456.9421387,0.08446449041,456.9421387,0.9176095724,456.9421387,1.748118162,
456.0239563,-0.0002059516992,456.0239563,0.2322756052,456.0239563,0.08836206794,456.0239563,0.9203799963,456.0239563,1.747859955,
454.9525452,-7.899678894E-5,454.9525452,0.2427966893,454.9525452,0.09259028733,454.9525452,0.9340060353,454.9525452,1.751368761,
454.0340271,4.77104586E-5,454.0340271,0.2439994663,454.0340271,0.09614313394,454.0340271,0.923441112,454.0340271,1.748803496,
452.9622192,-0.0004315117258,452.9622192,0.2517171204,452.9622192,0.1010283232,452.9622192,0.9356174469,452.9622192,1.749864221,
452.043335,-6.719477824E-5,452.043335,0.2609267235,452.043335,0.1054526567,452.043335,0.956459403,452.043335,1.761622906,
450.9711304,0.0002480066032,450.9711304,0.2717670798,450.9711304,0.1120004728,450.9711304,0.9437670112,450.9711304,1.758561134,
450.0519104,-9.954602137E-5,450.0519104,0.2712610364,450.0519104,0.115863882,450.0519104,0.9391123652,450.0519104,1.77178371,
448.9793091,3.665607801E-5,448.9793091,0.2768585682,448.9793091,0.121683158,448.9793091,0.9344255328,448.9793091,1.762053132,
448.0597534,4.061698201E-5,448.0597534,0.290784359,448.0597534,0.1271867156,448.0597534,0.9252807498,448.0597534,1.767410755,
446.9867554,3.839058627E-5,446.9867554,0.2986732125,446.9867554,0.134602949,446.9867554,0.9588088989,446.9867554,1.776870131,
446.0668945,0.0005228228401,446.0668945,0.3092253804,446.0668945,0.1414549798,446.0668945,0.9499902129,446.0668945,1.789748907,
444.9934998,-9.540520114E-5,444.9934998,0.3140927553,444.9934998,0.1505989134,444.9934998,0.889241755,444.9934998,1.789800167,
444.0732727,0.0003795764642,444.0732727,0.3306415379,444.0732727,0.1577675492,444.0732727,0.9663899541,444.0732727,1.804929733,
442.9994812,0.000523315277,442.9994812,0.3477630019,442.9994812,0.1694792956,442.9994812,1.043068409,442.9994812,1.807573557,
441.9255066,0.0005024524289,441.9255066,0.3391284347,441.9255066,0.1804058105,441.9255066,0.9232077003,441.9255066,1.814773083,
441.0047607,-7.811682735E-5,441.0047607,0.3720506132,441.0047607,0.1911766827,441.0047607,1.004672289,441.0047607,1.822251797,
439.9303894,0.0001628532773,439.9303894,0.3900887966,439.9303894,0.2072428465,439.9303894,1.018969297,439.9303894,1.84466958,
439.0093384,0.000445492944,439.0093384,0.413149178,439.0093384,0.2195941955,439.0093384,1.081458092,439.0093384,1.854148388,
437.9345703,5.741887435E-5,437.9345703,0.4443427026,437.9345703,0.2382104248,437.9345703,1.037593722,437.9345703,1.867796063,
437.0131836,-0.0004287188058,437.0131836,0.4528358281,437.0131836,0.2554692924,437.0131836,1.044152975,437.0131836,1.887492537,
435.9380188,0.0002633660333,435.9380188,0.4932575226,435.9380188,0.279884249,435.9380188,1.120386124,435.9380188,1.905266643,
435.0163269,-1.946581142E-5,435.0163269,0.525617063,435.0163269,0.3013153672,435.0163269,1.094657779,435.0163269,1.920425653,
433.9407959,0.0003540831385,433.9407959,0.5555701852,433.9407959,0.3276741803,433.9407959,1.089615107,433.9407959,1.949965715,
433.0187378,0.000398464239,433.0187378,0.5916780233,433.0187378,0.3539441526,433.0187378,1.190232277,433.0187378,1.97665751,
431.9428406,0.0002417386713,431.9428406,0.6339306235,431.9428406,0.3825412989,431.9428406,1.200808883,431.9428406,1.996848702,
431.0204773,0.0005641626776,431.0204773,0.6746979952,431.0204773,0.420017153,431.0204773,1.20553112,431.0204773,2.038945675,
429.9441833,0.0005258551682,429.9441833,0.7211747766,429.9441833,0.4538675547,429.9441833,1.282731771,429.9441833,2.067116022,
429.0214844,4.631246702E-5,429.0214844,0.7638615966,429.0214844,0.4822184145,429.0214844,1.296689749,429.0214844,2.085502625,
427.9448242,0.0005193240358,427.9448242,0.8124471903,427.9448242,0.5169239044,427.9448242,1.316311002,427.9448242,2.107473612,
427.0217896,-0.0001932734012,427.0217896,0.8416115046,427.0217896,0.5438911915,427.0217896,1.3433882,427.0217896,2.134319782,
425.9447632,0.0005231079413,425.9447632,0.8928884864,425.9447632,0.5823425651,425.9447632,1.335219502,425.9447632,2.17769742,
425.0214233,0.0003812864306,425.0214233,0.9369467497,425.0214233,0.6136013865,425.0214233,1.420781732,425.0214233,2.199235201,
423.9440308,0.0006021884037,423.9440308,0.982519865,423.9440308,0.6433750987,423.9440308,1.414861321,423.9440308,2.23868084,
423.0203552,-0.0003632870212,423.0203552,1.016574621,423.0203552,0.6666184068,423.0203552,1.454743266,423.0203552,2.239796638,
421.9425964,0.0003957955632,421.9425964,1.0368011,421.9425964,0.6881732941,421.9425964,1.510587096,421.9425964,2.25736618,
421.0186157,0.0003497048747,421.0186157,1.058769107,421.0186157,0.7027656436,421.0186157,1.416392684,421.0186157,2.274177551,
419.9404602,-1.749856165E-5,419.9404602,1.076751113,419.9404602,0.7132163048,419.9404602,1.389685035,419.9404602,2.282260656,
419.0161743,0.000404527178,419.0161743,1.075433612,419.0161743,0.7165817022,419.0161743,1.521934509,419.0161743,2.30371666,
417.9376526,-8.836570487E-5,417.9376526,1.076054692,417.9376526,0.7145198584,417.9376526,1.535986781,417.9376526,2.273568153,
417.013031,0.000338409649,417.013031,1.06811583,417.013031,0.7090834975,417.013031,1.327537775,417.013031,2.279845476,
415.9341736,0.0002275454899,415.9341736,1.048643351,415.9341736,0.6951238513,415.9341736,1.566657901,415.9341736,2.290982246,
415.0092468,0.0004630360927,415.0092468,1.021347523,415.0092468,0.6767416596,415.0092468,1.441424489,415.0092468,2.274525404,
413.9299927,-0.0003137798631,413.9299927,0.9924709201,413.9299927,0.6559063792,413.9299927,1.413822293,413.9299927,2.229023933,
413.0047607,2.953689363E-5,413.0047607,0.9692155719,413.0047607,0.6341434121,413.0047607,1.44794929,413.0047607,2.216228485,
411.9251404,-0.0001434363512,411.9251404,0.9320231676,411.9251404,0.61010921,411.9251404,1.442926288,411.9251404,2.203811169,
410.9996033,-0.0003684598487,410.9996033,0.8986006379,410.9996033,0.5859789848,410.9996033,1.368780017,410.9996033,2.192536116,
410.0739441,-0.0007852394483,410.0739441,0.8667392731,410.0739441,0.5595383644,410.0739441,1.37979579,410.0739441,2.152646065,
408.9938049,-0.000117144089,408.9938049,0.8174560666,408.9938049,0.533559382,408.9938049,1.352863908,408.9938049,2.143449545,
408.0678101,-0.000556347135,408.0678101,0.7952580452,408.0678101,0.5061081648,408.0678101,1.31170249,408.0678101,2.107477665,
406.9873047,-0.0002575925319,406.9873047,0.7634769082,406.9873047,0.4825322628,406.9873047,1.290782809,406.9873047,2.107573271,
406.0610046,8.475893264E-5,406.0610046,0.7315523624,406.0610046,0.4645822048,406.0610046,1.27087903,406.0610046,2.084660292,
404.9801636,-0.0001419872133,404.9801636,0.6990767717,404.9801636,0.4378574789,404.9801636,1.255135775,404.9801636,2.06986618,
404.0535583,-0.0002745633246,404.0535583,0.672789216,404.0535583,0.4203904569,404.0535583,1.228106976,404.0535583,2.055566311,
402.9723511,0.0006182084326,402.9723511,0.6459083557,402.9723511,0.3976751268,402.9723511,1.215122461,402.9723511,2.036336184,
402.0454407,0.0001026758837,402.0454407,0.6321635842,402.0454407,0.3847234547,402.0454407,1.127444506,402.0454407,2.001194,
400.9638977,-0.0006060334272,400.9638977,0.5992786884,400.9638977,0.3669756651,400.9638977,1.149129272,400.9638977,2.011587858,
400.0366821,0.0001059382994,400.0366821,0.5798987746,400.0366821,0.3512760997,400.0366821,1.087160826,400.0366821,1.986148,
398.9547729,-0.0001360870956,398.9547729,0.5678571463,398.9547729,0.3366243243,398.9547729,1.151898861,398.9547729,1.967977881,
398.0272827,0.0001013812871,398.0272827,0.536834836,398.0272827,0.3239701688,398.0272827,1.105931044,398.0272827,1.965741992,
396.9450073,-0.0003134177241,396.9450073,0.521494627,396.9450073,0.3108210266,396.9450073,1.119123101,396.9450073,1.965743423,
396.0172119,6.125051732E-5,396.0172119,0.5155051351,396.0172119,0.3015015721,396.0172119,1.11524713,396.0172119,1.955293298,
394.9346008,0.0004175342328,394.9346008,0.5014074445,394.9346008,0.2881365418,394.9346008,1.096003652,394.9346008,1.941391826,
394.0065002,-1.159675867E-5,394.0065002,0.4857823253,394.0065002,0.2775843441,394.0065002,1.114592671,394.0065002,1.944151521,
392.9235535,-0.0002122648293,392.9235535,0.4645559192,392.9235535,0.2666395009,392.9235535,1.016178489,392.9235535,1.911681414,
391.9951477,0.0004264994932,391.9951477,0.4511410296,391.9951477,0.2582928538,391.9951477,1.054916501,391.9951477,1.931983352,
391.0666199,-0.0006533361156,391.0666199,0.4460853636,391.0666199,0.2502298355,391.0666199,1.071937203,391.0666199,1.926635623,
389.9831543,-8.717519086E-5,389.9831543,0.4264474511,389.9831543,0.2405444831,389.9831543,1.065888166,389.9831543,1.902529597,
389.0543213,-0.0004310979566,389.0543213,0.4192215204,389.0543213,0.2318560779,389.0543213,1.052497864,389.0543213,1.905639052,
387.97052,-0.0002261327027,387.97052,0.398110956,387.97052,0.2239414304,387.97052,1.035346031,387.97052,1.90345645,
387.0414124,-9.618160402E-5,387.0414124,0.3990190625,387.0414124,0.2182111144,387.0414124,1.040735245,387.0414124,1.884952426,
385.9572754,-0.0001288929925,385.9572754,0.3944864869,385.9572754,0.2115607858,385.9572754,1.030058861,385.9572754,1.87277472,
385.0278625,0.000168809318,385.0278625,0.3866074979,385.0278625,0.2066098005,385.0278625,1.041605234,385.0278625,1.877649546,
383.9433899,-0.0002041922853,383.9433899,0.3768095076,383.9433899,0.200288251,383.9433899,1.004436016,383.9433899,1.871947289,
383.0137024,2.976988435E-5,383.0137024,0.3753937185,383.0137024,0.1961275041,383.0137024,1.019942641,383.0137024,1.873768449,
381.928894,-0.0003689253936,381.928894,0.3737018108,381.928894,0.1920438856,381.928894,1.023244858,381.928894,1.876564145,
380.9989014,-0.0001122270551,380.9989014,0.3693288863,380.9989014,0.189771831,380.9989014,1.005755067,380.9989014,1.865701437,
380.0687866,4.78893071E-6,380.0687866,0.3546330929,380.0687866,0.187293753,380.0687866,1.000521898,380.0687866,1.865728259,
378.98349,0.000571446144,378.98349,0.3517484963,378.98349,0.185158059,378.98349,0.9960976839,378.98349,1.859743714,
378.0530701,0.0001248400804,378.0530701,0.337465018,378.0530701,0.1827019602,378.0530701,0.9825062156,378.0530701,1.864115357,
376.9674377,-0.0004052886507,376.9674377,0.3523748815,376.9674377,0.182603687,376.9674377,1.000958681,376.9674377,1.865112662,
376.0367737,-0.0003615282185,376.0367737,0.3551176786,376.0367737,0.1813505888,376.0367737,0.997030139,376.0367737,1.859082818,
374.9508057,0.000177873022,374.9508057,0.3518514931,374.9508057,0.1814674884,374.9508057,1.002953291,374.9508057,1.862162709,
374.0198364,-0.0001967405551,374.0198364,0.3378962874,374.0198364,0.1810021847,374.0198364,0.9458448291,374.0198364,1.869993448,
372.9335327,9.281111124E-5,372.9335327,0.3503756821,372.9335327,0.182079494,372.9335327,1.005493402,372.9335327,1.866519809,
372.0022888,9.048088396E-5,372.0022888,0.3355912268,372.0022888,0.1833912134,372.0022888,0.9924767613,372.0022888,1.851654172,
371.0709229,0.0008031035541,371.0709229,0.3617724776,371.0709229,0.184835881,371.0709229,0.9902322292,371.0709229,1.869395137,
369.9841309,-0.0001934286411,369.9841309,0.3611421883,369.9841309,0.1862006634,369.9841309,0.9864022136,369.9841309,1.842778563,
369.0524902,-0.0002478650713,369.0524902,0.3642817736,369.0524902,0.188648358,369.0524902,0.99154073,369.0524902,1.857518911,
367.9653931,-1.775741111E-5,367.9653931,0.3660058677,367.9653931,0.1907791495,367.9653931,0.9732360244,367.9653931,1.85874927,
367.0334473,0.0004504422832,367.0334473,0.3725898266,367.0334473,0.1919892281,367.0334473,1.004030704,367.0334473,1.847568154,
365.9460449,-0.0001263569138,365.9460449,0.3752838075,365.9460449,0.194272384,365.9460449,0.9733065367,365.9460449,1.8615098,
365.0138245,0.0006973321433,365.0138245,0.3759064376,365.0138245,0.1958883405,365.0138245,0.9880703688,365.0138245,1.863969922,
363.9261169,0.0005868169828,363.9261169,0.3735481501,363.9261169,0.1982870251,363.9261169,0.9915122986,363.9261169,1.864003062,
362.9936218,0.0003318295348,362.9936218,0.3701307476,362.9936218,0.2001150399,362.9936218,0.9469220042,362.9936218,1.854833603,
362.0610046,0.0001246329339,362.0610046,0.3861623406,362.0610046,0.200932458,362.0610046,1.006018758,362.0610046,1.871901155,
360.9728088,0.0001700005378,360.9728088,0.3864676654,360.9728088,0.2026809901,360.9728088,0.8984424472,360.9728088,1.859943271,
360.0399475,-0.0001862354984,360.0399475,0.3883075416,360.0399475,0.2030175179,360.0399475,0.9853041768,360.0399475,1.867601871,
358.951416,0.0007726323092,358.951416,0.3723636866,358.951416,0.2034755945,358.951416,0.9920845628,358.951416,1.854200244,
358.01828,-0.0001016164242,358.01828,0.388714999,358.01828,0.2031847835,358.01828,1.004216194,358.01828,1.861948133,
356.9294434,-0.000343733147,356.9294434,0.377147615,356.9294434,0.2026686519,356.9294434,1.012408853,356.9294434,1.863617301,
355.9960327,0.0002985937172,355.9960327,0.387663871,355.9960327,0.201965943,355.9960327,1.003337622,355.9960327,1.868869901,
355.0624695,0.0003765192523,355.0624695,0.3782213032,355.0624695,0.2015748471,355.0624695,1.009100676,355.0624695,1.863694191,
353.9732056,0.000693831942,353.9732056,0.3783257008,353.9732056,0.1995382309,353.9732056,1.0028162,353.9732056,1.863130927,
353.0393982,-0.0001973097969,353.0393982,0.3805676401,353.0393982,0.1973998547,353.0393982,1.022388697,353.0393982,1.855100513,
351.9497986,0.0001395477884,351.9497986,0.3720468283,351.9497986,0.1944263875,351.9497986,1.008212924,351.9497986,1.858964205,
351.0157166,0.0002263282076,351.0157166,0.3660787344,351.0157166,0.1919059455,351.0157166,0.9815534949,351.0157166,1.837071419,
349.9258118,0.0003526841756,349.9258118,0.3643015027,349.9258118,0.1892245561,349.9258118,0.9977151752,349.9258118,1.851359963,
348.9914856,0.0006096540019,348.9914856,0.3610836565,348.9914856,0.1862359196,348.9914856,0.9821901917,348.9914856,1.833315492,
348.0570068,0.0004139844386,348.0570068,0.3527612984,348.0570068,0.1817751676,348.0570068,0.9602578282,348.0570068,1.821254611,
346.9666748,-0.0005638960865,346.9666748,0.3480154872,346.9666748,0.1783245206,346.9666748,0.9343386292,346.9666748,1.822481394,
346.0319519,0.0002197756985,346.0319519,0.3456941545,346.0319519,0.1749219745,346.0319519,1.047083616,346.0319519,1.826815009,
344.9412842,0.0003353786306,344.9412842,0.3452355564,344.9412842,0.1715018451,344.9412842,0.9739018679,344.9412842,1.834765553,
344.0063171,0.0003196281032,344.0063171,0.3321380317,344.0063171,0.168510288,344.0063171,0.9376769066,344.0063171,1.834549785,
343.071228,0.0006262964453,343.071228,0.328835845,343.071228,0.1646149457,343.071228,1.04840827,343.071228,1.801358461,
341.9801025,-0.0006155460724,341.9801025,0.3352298141,341.9801025,0.1615112573,341.9801025,0.9403820038,341.9801025,1.812763214,
341.0447693,1.439283733E-5,341.0447693,0.3259607852,341.0447693,0.1584166735,341.0447693,0.9315980077,341.0447693,1.807314754,
339.9533691,-7.713950254E-6,339.9533691,0.3162130117,339.9533691,0.1542606205,339.9533691,0.9860188961,339.9533691,1.821175098,
339.0177612,0.0008860221133,339.0177612,0.3075522184,339.0177612,0.151336506,339.0177612,0.9399754405,339.0177612,1.803602338,
337.9260559,-0.0006648637354,337.9260559,0.3086186349,337.9260559,0.1464344412,337.9260559,0.9481408596,337.9260559,1.811044693,
336.9902039,7.463565998E-5,336.9902039,0.2999450266,336.9902039,0.1438708752,336.9902039,0.9668552279,336.9902039,1.799682617,
336.0541992,-0.0007415689761,336.0541992,0.2988696098,336.0541992,0.1396531612,336.0541992,0.921117723,336.0541992,1.790696263,
334.9620972,0.000311675336,334.9620972,0.2734236717,334.9620972,0.1362626851,334.9620972,0.8545390964,334.9620972,1.79145515,
334.0258484,-7.785801427E-5,334.0258484,0.2816524208,334.0258484,0.1336424351,334.0258484,0.9124797583,334.0258484,1.795359015,
332.9334412,0.0006478392752,332.9334412,0.2893955112,332.9334412,0.1286925375,332.9334412,0.9446122646,332.9334412,1.787822962,
331.9969482,-0.0002853249316,331.9969482,0.2698933184,331.9969482,0.1249860898,331.9969482,0.8836327791,331.9969482,1.783313632,
331.0603638,-0.0003656665212,331.0603638,0.2768753469,331.0603638,0.1214202121,331.0603638,0.9381669164,331.0603638,1.807761669,
329.9674988,-0.0001381573238,329.9674988,0.2633672059,329.9674988,0.1178570613,329.9674988,0.9269357324,329.9674988,1.772524595,
329.0306702,7.391072722E-5,329.0306702,0.2664983273,329.0306702,0.1147415563,329.0306702,0.8963724971,329.0306702,1.769952416,
327.9375305,-0.000411598885,327.9375305,0.2534449399,327.9375305,0.1106615067,327.9375305,0.8993554115,327.9375305,1.762388587,
327.0004272,-0.0002904986904,327.0004272,0.253518343,327.0004272,0.1077488288,327.0004272,0.8939927816,327.0004272,1.759675622,
326.0632324,-0.0003343179997,326.0632324,0.247041136,326.0632324,0.1037968248,326.0632324,0.8776627779,326.0632324,1.769324422,
324.9696655,-0.0005610522931,324.9696655,0.2437525988,324.9696655,0.101320453,324.9696655,0.8752884865,324.9696655,1.754113793,
324.0322266,-0.0005789936404,324.0322266,0.24488841,324.0322266,0.0974085331,324.0322266,0.908988893,324.0322266,1.774097323,
322.938385,0.0006624091184,322.938385,0.2381128222,322.938385,0.09649780393,322.938385,0.9056431055,322.938385,1.764927506,
322.0006714,0.0003445494513,322.0006714,0.2357796878,322.0006714,0.09478476644,322.0006714,0.8925499916,322.0006714,1.760372758,
321.0628662,0.0006720534875,321.0628662,0.2339825034,321.0628662,0.09256142378,321.0628662,0.8899472356,321.0628662,1.74886167,
319.9686279,6.660970394E-5,319.9686279,0.2315798849,319.9686279,0.09040920436,319.9686279,0.8818420768,319.9686279,1.751372933,
319.0305786,0.0003463888133,319.0305786,0.2356759012,319.0305786,0.08838843554,319.0305786,0.9078243375,319.0305786,1.75985074,
317.9360352,-0.0001595835638,317.9360352,0.2246959656,317.9360352,0.08679603785,317.9360352,0.8886677027,317.9360352,1.758372188,
316.9977722,-0.0007976937923,316.9977722,0.2208778411,316.9977722,0.08522060513,316.9977722,0.8762307763,316.9977722,1.75122261,
316.0593567,-0.0001845277438,316.0593567,0.2171569318,316.0593567,0.0853593424,316.0593567,0.7844735384,316.0593567,1.741504908,
314.9644165,-0.0003275410272,314.9644165,0.2186248451,314.9644165,0.08506147563,314.9644165,0.8289729953,314.9644165,1.752531409,
314.0257874,-0.0006779935211,314.0257874,0.2277568281,314.0257874,0.08458836377,314.0257874,0.8758752346,314.0257874,1.749849319,
312.9305725,-0.0004111333692,312.9305725,0.2208154798,312.9305725,0.08517213166,312.9305725,0.8781481981,312.9305725,1.748377681,
311.9916992,-0.000146127597,311.9916992,0.2222694159,311.9916992,0.08563390374,311.9916992,0.8681383729,311.9916992,1.74977231,
311.0527344,-0.0002028468443,311.0527344,0.2207440734,311.0527344,0.08736737072,311.0527344,0.8935204744,311.0527344,1.750506043,
309.9571228,-0.0007615701179,309.9571228,0.2251397073,309.9571228,0.08967579901,309.9571228,0.8832659721,309.9571228,1.753968835,
309.0179138,-0.0004724724567,309.0179138,0.2275688946,309.0179138,0.09164388478,309.0179138,0.8841605783,309.0179138,1.751640081,
307.9220276,-0.0002364298416,307.9220276,0.2324224412,307.9220276,0.09490772337,307.9220276,0.9045447707,307.9220276,1.762324333,
306.9825745,0.0004214467772,306.9825745,0.2438169867,306.9825745,0.09837155789,306.9825745,0.8871455789,306.9825745,1.753669024,
306.0430298,0.0004095796612,306.0430298,0.2446022183,306.0430298,0.1037319675,306.0430298,0.8640737534,306.0430298,1.771753192,
304.9467468,0.0002399256482,304.9467468,0.2341107726,304.9467468,0.1093795598,304.9467468,0.8895598054,304.9467468,1.774153113,
304.0069885,-0.0003581141063,304.0069885,0.2695498168,304.0069885,0.117031619,304.0069885,0.9159464836,304.0069885,1.777938604,
303.0670776,4.654546501E-5,303.0670776,0.2701708972,303.0670776,0.1259748191,303.0670776,0.8961924911,303.0670776,1.780391574,
301.9704285,-0.000658402103,301.9704285,0.2743501663,301.9704285,0.1331526041,301.9704285,0.9253024459,301.9704285,1.795726657,
301.030304,-0.001007348183,301.030304,0.2972085476,301.030304,0.146893546,301.030304,0.9291493297,301.030304,1.804688096,
299.9333801,-0.0005702557391,299.9333801,0.3115679324,299.9333801,0.1562700868,299.9333801,0.9355983734,299.9333801,1.820604682,
298.993042,-0.0004731447552,298.993042,0.3304218054,298.993042,0.1699259579,298.993042,0.9204186797,298.993042,1.823499203,
298.0526123,-0.001773858326,298.0526123,0.3499896824,298.0526123,0.1806106865,298.0526123,0.9586352706,298.0526123,1.837345481,
296.9552917,-0.0008326259558,296.9552917,0.3706062436,296.9552917,0.1955146194,296.9552917,0.9820918441,296.9552917,1.858730197,
296.0146179,-0.0001734531106,296.0146179,0.3850654364,296.0146179,0.2107652277,296.0146179,0.9162341356,296.0146179,1.875838995,
295.0738525,-0.0004647150345,295.0738525,0.3961042464,295.0738525,0.2284237593,295.0738525,0.8827969432,295.0738525,1.883656025,
293.9761658,-0.0003049331717,293.9761658,0.4408162534,293.9761658,0.2471736073,293.9761658,1.042178869,293.9761658,1.919058204,
293.0351868,-0.00179443066,293.0351868,0.4682713151,293.0351868,0.275444299,293.0351868,1.057072878,293.0351868,1.924378633,
291.9372253,-0.0005574329407,291.9372253,0.4971553385,291.9372253,0.2916360199,291.9372253,1.050422192,291.9372253,1.945973754,
290.9960022,-0.001455095015,290.9960022,0.5174393654,290.9960022,0.3084581792,290.9960022,1.069342732,290.9960022,1.955505371,
290.0546875,-0.001971703954,290.0546875,0.5318619013,290.0546875,0.3175830543,290.0546875,1.112900496,290.0546875,1.964466572,
288.9563904,-0.001410563011,288.9563904,0.5502915978,288.9563904,0.3292932212,288.9563904,1.098524094,288.9563904,1.97423017,
288.0148621,-0.001170744305,288.0148621,0.57048136,288.0148621,0.3517260849,288.0148621,0.9656348825,288.0148621,1.989157438,
287.0732117,-0.0001315843256,287.0732117,0.5995540619,287.0732117,0.3711052239,287.0732117,1.143983483,287.0732117,2.017264843,
285.9745178,-0.000628522248,285.9745178,0.6336448789,285.9745178,0.3930512965,285.9745178,1.176972747,285.9745178,2.040453196,
285.0326843,-0.001001408091,285.0326843,0.6477205157,285.0326843,0.4049969018,285.0326843,1.176314473,285.0326843,2.046199799,
283.9337463,-0.001267183223,283.9337463,0.6640588641,283.9337463,0.4179551005,283.9337463,1.186540842,283.9337463,2.058784485,
282.9916992,-0.0002024846035,282.9916992,0.6657431722,282.9916992,0.42447716,282.9916992,1.164148211,282.9916992,2.059955597,
282.04953,-0.0007566603599,282.04953,0.6791025996,282.04953,0.4274075031,282.04953,1.206077695,282.04953,2.064933538,
280.9502258,6.989267604E-6,280.9502258,0.6749965549,280.9502258,0.4295829237,280.9502258,1.210338473,280.9502258,2.081522942,
280.0078735,-0.0002026398433,280.0078735,0.6802183986,280.0078735,0.4303236008,280.0078735,1.200547457,280.0078735,2.072988987,
279.0653992,-0.0004000645131,279.0653992,0.6719335914,279.0653992,0.4306022823,279.0653992,1.18166554,279.0653992,2.07236433,
277.9657288,4.970390364E-5,277.9657288,0.6740712523,277.9657288,0.4299828708,277.9657288,1.191231132,277.9657288,2.074237347,
277.0230713,0.000257097854,277.0230713,0.6781486869,277.0230713,0.4273476303,277.0230713,1.171158671,277.0230713,2.071605682,
275.9231567,-0.0008066337905,275.9231567,0.6741923094,275.9231567,0.4219355583,275.9231567,1.20158565,275.9231567,2.068546295,
274.9802856,-0.0003241783998,274.9802856,0.6630766988,274.9802856,0.4178973436,274.9802856,1.209549665,274.9802856,2.06748724,
274.0372925,-0.001233473304,274.0372925,0.6544178128,274.0372925,0.4083187878,274.0372925,1.163555264,274.0372925,2.050905704,
272.9370422,-0.0004757822317,272.9370422,0.627828598,272.9370422,0.3989953399,272.9370422,1.127430677,272.9370422,2.037261486,
271.993866,-4.809346501E-5,271.993866,0.6100293994,271.993866,0.3922245502,271.993866,1.053236961,271.993866,2.029656172,
271.0505981,-0.0009958812734,271.0505981,0.6200162768,271.0505981,0.3856157959,271.0505981,1.182656527,271.0505981,2.044517756,
269.9499817,-0.0008280270849,269.9499817,0.612072885,269.9499817,0.3780431747,269.9499817,1.169665337,269.9499817,2.031975746,
269.0065002,-0.0004749548098,269.0065002,0.5966873169,269.0065002,0.3697944582,269.0065002,1.147589684,269.0065002,2.020746708,
268.0629272,-0.0001788352092,268.0629272,0.5794928074,268.0629272,0.358746618,268.0629272,1.15057075,268.0629272,2.012129784,
266.9619751,-0.0002361193765,266.9619751,0.5676829219,266.9619751,0.3478108644,266.9619751,1.12849021,266.9619751,2.007777691,
266.0181885,0.002063658088,266.0181885,0.5709114671,266.0181885,0.3407420218,266.0181885,1.14103508,266.0181885,1.993262053,
265.0743408,-0.00021469692,265.0743408,0.5577474236,265.0743408,0.3343675137,265.0743408,1.087251186,265.0743408,2.001357794,
263.973053,-5.658304144E-5,263.973053,0.5228354335,263.973053,0.3211544454,263.973053,1.023579836,263.973053,1.965046883,
263.0289917,-0.0001122788162,263.0289917,0.513076663,263.0289917,0.3105525672,263.0289917,1.091325164,263.0289917,1.963834643,
261.9274597,-0.0009117297595,261.9274597,0.5077155828,261.9274597,0.3023169041,261.9274597,1.086198449,261.9274597,1.960168839,
260.9831848,0.001127995085,260.9831848,0.4936945438,260.9831848,0.2966903746,260.9831848,1.057062149,260.9831848,1.938034534,
260.0388489,-0.0002680441248,260.0388489,0.4949417412,260.0388489,0.2920804024,260.0388489,1.077394128,260.0388489,1.97318995,
258.9369812,0.0003550157999,258.9369812,0.4862730205,258.9369812,0.2867846489,258.9369812,1.092573881,258.9369812,1.965153694,
257.9924316,0.002779424423,257.9924316,0.4836988151,257.9924316,0.2813253105,257.9924316,1.062025309,257.9924316,1.957636237,
257.0477905,-0.0005359229399,257.0477905,0.4740760326,257.0477905,0.2714015245,257.0477905,1.062896729,257.0477905,1.929021001,
255.9456177,-0.0009054268012,255.9456177,0.4516225457,255.9456177,0.2652931511,255.9456177,1.064765334,255.9456177,1.932623029,
255.0007782,0.0003421919537,255.0007782,0.4585440159,255.0007782,0.2644806802,255.0007782,1.062933922,255.0007782,1.941112518,
254.0558624,-0.001216694829,254.0558624,0.4505653381,254.0558624,0.2625145018,254.0558624,1.057098269,254.0558624,1.928605199,
252.9533539,-0.000990096014,252.9533539,0.4470869601,252.9533539,0.2625111938,252.9533539,0.9828891158,252.9533539,1.925824881,
252.0082397,-0.0009853438241,252.0082397,0.45422858,252.0082397,0.2617395818,252.0082397,1.079889178,252.0082397,1.958325863,
251.0630493,-0.002067553112,251.0630493,0.4476943016,251.0630493,0.2625165284,251.0630493,1.071016908,251.0630493,1.939710975,
249.9604492,-0.001268473803,249.9604492,0.4511604905,249.9604492,0.2673266828,249.9604492,0.9672507048,249.9604492,1.932388306,
249.0207062,-0.001208537724,249.0207062,0.4626577795,249.0207062,0.2758771181,249.0207062,1.06304276,249.0207062,1.934968591,
247.9242249,-0.0006005015457,247.9242249,0.4846808314,247.9242249,0.2874721289,247.9242249,1.035698056,247.9242249,1.948140144,
246.9842834,-0.00011212354,246.9842834,0.5071465969,246.9842834,0.2956551015,246.9842834,0.9638717771,246.9842834,1.996719956,
246.044281,-0.001221754239,246.044281,0.5214064121,246.044281,0.3095588386,246.044281,1.143750072,246.044281,2.00444603,
244.9474792,2.112346374E-5,244.9474792,0.5438933969,244.9474792,0.3348477781,244.9474792,1.096527576,244.9474792,2.010970116,
244.0072784,-0.00125200639,244.0072784,0.5926437378,244.0072784,0.3673719168,244.0072784,1.142069578,244.0072784,2.034854889,
243.0670013,-0.0008050834876,243.0670013,0.6405372024,243.0670013,0.398571372,243.0670013,1.178380489,243.0670013,2.102065086,
241.9698944,-0.0008413585601,241.9698944,0.7061393857,241.9698944,0.4414983392,241.9698944,1.265129805,241.9698944,2.150150299,
241.0294342,-0.001293096226,241.0294342,0.7660155296,241.0294342,0.4906233847,241.0294342,1.306703091,241.0294342,2.176535845,
239.9321136,-0.001080739428,239.9321136,0.8684142232,239.9321136,0.5670633316,239.9321136,1.330810428,239.9321136,2.278251171,
238.9914703,-0.0006776833325,238.9914703,0.9944627881,238.9914703,0.6735699177,238.9914703,1.242417574,238.9914703,2.405733585,
238.0507507,-0.0004624912108,238.0507507,1.123069525,238.0507507,0.7665488124,238.0507507,1.398003101,238.0507507,2.459830523,
236.953125,0.0002421789686,236.953125,1.343259215,236.953125,0.9272614717,236.953125,1.507976294,236.953125,2.557717323,
236.0122223,-0.000572840916,236.0122223,1.511356592,236.0122223,1.064611673,236.0122223,1.794737339,236.0122223,2.602144241,
235.0712433,-0.0005816304474,235.0712433,1.751707315,235.0712433,1.235304594,235.0712433,1.952158809,235.0712433,2.879510403,
233.9733124,-0.001169763273,233.9733124,1.999052525,233.9733124,1.462648869,233.9733124,2.139672041,233.9733124,3.066056728,
233.0321655,-0.001674489118,233.0321655,2.300349236,233.0321655,1.666287661,233.0321655,2.486931562,233.0321655,3.338532925,
231.9340363,-0.0005660160095,231.9340363,2.614114285,231.9340363,1.938611031,231.9340363,2.589588642,231.9340363,3.200592279,
230.9927063,-0.0001384161005,230.9927063,2.893404245,230.9927063,2.141957998,230.9927063,2.902494431,230.9927063,3.495277643,
230.0512848,-0.002009479329,230.0512848,2.897490978,230.0512848,2.323565483,230.0512848,10,230.0512848,3.275722027,
228.9528809,-0.003117414424,228.9528809,3.044018269,228.9528809,2.562685966,228.9528809,3.225766182,228.9528809,3.288274765,
228.0112915,-0.001311678323,228.0112915,3.555603743,228.0112915,2.830435991,228.0112915,3.078732491,228.0112915,4.026496887,
227.0696259,-0.003140595974,227.0696259,3.461131811,227.0696259,2.869604349,227.0696259,2.979042292,227.0696259,10,
225.9709167,-0.001094528008,225.9709167,3.369190216,225.9709167,2.959084988,225.9709167,3.115725517,225.9709167,4.041665554,
225.0290833,0.0529313311,225.0290833,3.403710365,225.0290833,3.221790075,225.0290833,2.990474701,225.0290833,10,
223.930191,-0.00331798871,223.930191,3.768458128,223.930191,2.795552731,223.930191,2.999093533,223.930191,10,
222.9881897,-0.008689334616,222.9881897,3.409139395,222.9881897,2.984087944,222.9881897,3.047531605,222.9881897,10,
222.0461121,-0.004166282248,222.0461121,2.847874403,222.0461121,2.828752041,222.0461121,2.591341257,222.0461121,10,
220.9469147,-0.00665115146,220.9469147,2.761042356,220.9469147,2.573860168,220.9469147,-0.7533562779,220.9469147,3.636828899,
220.0046844,0.009761980735,220.0046844,2.584089279,220.0046844,2.588647604,220.0046844,-1.059481263,220.0046844,10,
219.0623627,-0.01081774198,219.0623627,2.670798779,219.0623627,2.163491249,219.0623627,-1.206065297,219.0623627,3.014906645,
217.9628906,0.008363658562,217.9628906,2.486228704,217.9628906,2.074024439,217.9628906,-1.379874468,217.9628906,2.728762388,
217.0204163,0.03281763569,217.0204163,2.128744602,217.0204163,2.038102627,217.0204163,-1.524489284,217.0204163,10,
216.0778656,0.02713494189,216.0778656,1.953747869,216.0778656,1.726341486,216.0778656,-1.690624118,216.0778656,10,
214.9781189,0.0007152225589,214.9781189,1.638823867,214.9781189,2.046608925,214.9781189,-1.948674083,214.9781189,2.617141247,
214.0354004,0.008279195055,214.0354004,1.694347978,214.0354004,1.346259475,214.0354004,-2.132316828,214.0354004,2.249953747,
212.9354706,0.0151893869,212.9354706,1.280146718,212.9354706,1.348114967,212.9354706,-2.346612215,212.9354706,1.686003089,
211.9925995,0.001965432195,211.9925995,1.354524851,211.9925995,0.9225699902,211.9925995,-2.525331259,211.9925995,10,
211.0496521,-0.0450479947,211.0496521,0.8815107346,211.0496521,0.624422729,211.0496521,-2.750809669,211.0496521,0.966080308,
209.9494476,0.02293437533,209.9494476,0.8036749363,209.9494476,0.5067164302,209.9494476,-2.926996231,209.9494476,1.599325418,
209.0063477,-0.05531882122,209.0063477,0.3657431901,209.0063477,0.8787477016,209.0063477,-3.071835756,209.0063477,10,
208.0631714,-0.04753087088,208.0631714,0.4222669899,208.0631714,0.03480577096,208.0631714,-3.194522142,208.0631714,10,
206.9627075,-0.08839348704,206.9627075,0.5798799992,206.9627075,0.1721303612,206.9627075,-3.299336433,206.9627075,-0.003938498907,
206.0193634,-0.0282773748,206.0193634,0.4500632882,206.0193634,1.090643883,206.0193634,-3.263137817,206.0193634,1.205188274,
205.0759583,-0.09143126011,205.0759583,0.2153053731,205.0759583,0.3004563749,205.0759583,-3.301930428,205.0759583,0.5176469088,
203.975235,0.1854215264,203.975235,1.33827889,203.975235,0.5531083941,203.975235,-3.132994652,203.975235,10,
203.0316772,-0.08663728088,203.0316772,1.174452901,203.0316772,0.4399811327,203.0316772,-3.312122345,203.0316772,10,
201.9307861,0.0826568082,201.9307861,0.5578973889,201.9307861,0.6232747436,201.9307861,-3.092704535,201.9307861,10,
200.9870758,-0.1124507785,200.9870758,0.4754799902,200.9870758,0.3109269738,200.9870758,-3.16600132,200.9870758,10,
200.0432892,0.06379441172,200.0432892,0.2778538764,200.0432892,0.05734217912,200.0432892,-3.135771036,200.0432892,10,

baseline,
baseline
Collection Time: 25/06/2019 10:03:51
Operator Name  :
Scan Software Version: 3.00(339)
Parameter List :
Instrument                        Cary 50
Instrument Version                3.00
Start (nm)                        800.0
Stop (nm)                         200.0
X Mode                            Nanometers
Y Mode                            Abs
UV-Vis Scan Rate (nm/min)         4800.000
UV-Vis Data Interval (nm)         1.00
UV-Vis Ave. Time (sec)            0.0125
Beam Mode                         Dual Beam
Baseline Correction               On
Baseline Type                     Baseline correction
Baseline File Name
Baseline Std Ref File Name
Cycle Mode                        Off
Comments
Method Log     :
Method Name    :
Date/Time stamp: 25/06/2019 10:03:07
Method Modifications:
Baseline Correction Changed: 25/06/2019 10:03:28, Old:0, New:1
Storage Changed: 25/06/2019 10:03:28, Old:1, New:0
End Method Modifications
<Current Wavelength> , 203.0

bm3_none,
bm3_none
Collection Time: 25/06/2019 10:04:56
Operator Name  :
Scan Software Version: 3.00(339)
Parameter List :
Instrument                        Cary 50
Instrument Version                3.00
Start (nm)                        800.0
Stop (nm)                         200.0
X Mode                            Nanometers
Y Mode                            Abs
UV-Vis Scan Rate (nm/min)         4800.000
UV-Vis Data Interval (nm)         1.00
UV-Vis Ave. Time (sec)            0.0125
Beam Mode                         Dual Beam
Baseline Correction               On
Baseline Type                     Baseline correction
Baseline File Name
Baseline Std Ref File Name
Cycle Mode                        Off
Comments
Method Log     :
Method Name    :
Date/Time stamp: 25/06/2019 10:03:07
Method Modifications:
Baseline Correction Changed: 25/06/2019 10:03:28, Old:0, New:1
Storage Changed: 25/06/2019 10:03:28, Old:1, New:0
End Method Modifications
<Current Wavelength> , 201.9

bm3_none1,
bm3_none1
Collection Time: 25/06/2019 10:05:30
Operator Name  :
Scan Software Version: 3.00(339)
Parameter List :
Instrument                        Cary 50
Instrument Version                3.00
Start (nm)                        800.0
Stop (nm)                         200.0
X Mode                            Nanometers
Y Mode                            Abs
UV-Vis Scan Rate (nm/min)         4800.000
UV-Vis Data Interval (nm)         1.00
UV-Vis Ave. Time (sec)            0.0125
Beam Mode                         Dual Beam
Baseline Correction               On
Baseline Type                     Baseline correction
Baseline File Name
Baseline Std Ref File Name
Cycle Mode                        Off
Comments
Method Log     :
Method Name    :
Date/Time stamp: 25/06/2019 10:03:07
Method Modifications:
Baseline Correction Changed: 25/06/2019 10:03:28, Old:0, New:1
Storage Changed: 25/06/2019 10:03:28, Old:1, New:0
End Method Modifications
<Current Wavelength> , 201.9

lauricacid_10mM_ul05,
lauricacid_10mM_ul05
Collection Time: 25/06/2019 10:08:50
Operator Name  :
Scan Software Version: 3.00(339)
Parameter List :
Instrument                        Cary 50
Instrument Version                3.00
Start (nm)                        800.0
Stop (nm)                         200.0
X Mode                            Nanometers
Y Mode                            Abs
UV-Vis Scan Rate (nm/min)         4800.000
UV-Vis Data Interval (nm)         1.00
UV-Vis Ave. Time (sec)            0.0125
Beam Mode                         Dual Beam
Baseline Correction               On
Baseline Type                     Baseline correction
Baseline File Name
Baseline Std Ref File Name
Cycle Mode                        Off
Comments
Method Log     :
Method Name    :
Date/Time stamp: 25/06/2019 10:03:07
Method Modifications:
Baseline Correction Changed: 25/06/2019 10:03:28, Old:0, New:1
Storage Changed: 25/06/2019 10:03:28, Old:1, New:0
End Method Modifications
<Current Wavelength> , 201.9

lauricacid_10mM_ul5,
lauricacid_10mM_ul5
Collection Time: 25/06/2019 10:09:20
Operator Name  :
Scan Software Version: 3.00(339)
Parameter List :
Instrument                        Cary 50
Instrument Version                3.00
Start (nm)                        800.0
Stop (nm)                         200.0
X Mode                            Nanometers
Y Mode                            Abs
UV-Vis Scan Rate (nm/min)         4800.000
UV-Vis Data Interval (nm)         1.00
UV-Vis Ave. Time (sec)            0.0125
Beam Mode                         Dual Beam
Baseline Correction               On
Baseline Type                     Baseline correction
Baseline File Name
Baseline Std Ref File Name
Cycle Mode                        Off
Comments
Method Log     :
Method Name    :
Date/Time stamp: 25/06/2019 10:03:07
Method Modifications:
Baseline Correction Changed: 25/06/2019 10:03:28, Old:0, New:1
Storage Changed: 25/06/2019 10:03:28, Old:1, New:0
End Method Modifications
<Current Wavelength> , 201.9

