,0,No. concs,Power,Substrate/nl,Vol/µl,[Prot]/µM,index,Source Well,WellID
0,a1,6.0,1.0,0.0,10.0,2.0,0.0,1,1
1,b1,12.0,1.0,100.0,10.0,2.0,9.0,1,2
2,c1,12.0,1.0,200.0,10.0,2.0,9.0,1,3
3,d1,12.0,1.0,302.5,10.0,2.0,9.0,1,4
4,e1,12.0,1.0,400.0,10.0,2.0,9.0,1,5
5,f1,6.0,4.0,500.0,10.0,2.0,10.0,1,7
6,g1,6.0,4.0,0.0,10.0,2.0,10.0,1,8
7,h1,12.0,1.0,47.5,10.0,2.0,9.0,1,9
8,i1,6.0,4.0,92.5,10.0,2.0,10.0,1,10
9,j1,6.0,4.0,137.5,10.0,2.0,10.0,1,11
10,k1,6.0,4.0,182.5,10.0,2.0,10.0,1,12
11,l1,6.0,1.0,227.5,10.0,2.0,11.0,1,13
12,m1,6.0,1.0,275.0,10.0,2.0,11.0,1,14
13,n1,6.0,1.0,320.0,10.0,2.0,11.0,1,15
14,o1,6.0,1.0,365.0,10.0,2.0,11.0,1,16
15,p1,6.0,4.0,410.0,10.0,2.0,10.0,1,17
16,q1,6.0,1.0,455.0,10.0,2.0,11.0,1,19
17,r1,12.0,1.0,500.0,10.0,2.0,9.0,1,20
18,s1,12.0,1.0,0.0,10.0,2.0,9.0,1,21
19,t1,12.0,4.0,2.5,10.0,2.0,8.0,1,22
20,u1,12.0,4.0,2.5,10.0,2.0,8.0,1,23
21,v1,12.0,4.0,5.0,10.0,2.0,8.0,1,24
22,w1,12.0,4.0,10.0,10.0,2.0,8.0,1,25
23,x1,12.0,4.0,22.5,10.0,2.0,8.0,1,26
24,y1,12.0,4.0,45.0,10.0,2.0,8.0,1,27
25,z1,12.0,1.0,82.5,10.0,2.0,9.0,1,28
26,aa1,12.0,4.0,140.0,10.0,2.0,8.0,1,29
27,ab1,12.0,4.0,225.0,10.0,2.0,8.0,1,31
28,ac1,12.0,4.0,342.5,10.0,2.0,8.0,1,0
29,ad1,12.0,1.0,500.0,10.0,2.0,9.0,1,1
30,ae1,12.0,1.0,0.0,10.0,2.0,9.0,1,2
31,af1,12.0,1.0,2.5,10.0,2.0,9.0,1,3
32,a2,12.0,1.0,2.5,10.0,2.0,9.0,1,4
33,b2,12.0,4.0,5.0,10.0,2.0,8.0,1,5
34,c2,6.0,1.0,10.0,10.0,2.0,11.0,1,6
35,d2,6.0,4.0,22.5,10.0,2.0,12.0,1,7
36,e2,6.0,4.0,45.0,10.0,2.0,12.0,1,8
37,f2,12.0,1.0,82.5,10.0,2.0,14.0,1,9
38,g2,12.0,1.0,140.0,10.0,2.0,14.0,1,11
39,h2,12.0,1.0,225.0,10.0,2.0,14.0,1,12
40,i2,12.0,4.0,342.5,10.0,2.0,15.0,1,13
41,j2,12.0,4.0,500.0,10.0,2.0,15.0,1,14
42,k2,12.0,4.0,0.0,10.0,2.0,15.0,1,15
43,l2,12.0,1.0,47.5,10.0,2.0,14.0,1,16
44,m2,12.0,4.0,92.5,10.0,2.0,15.0,1,17
45,n2,12.0,4.0,137.5,10.0,2.0,15.0,1,18
46,o2,12.0,4.0,182.5,10.0,2.0,15.0,1,19
47,p2,12.0,4.0,227.5,10.0,2.0,15.0,1,20
48,q2,12.0,4.0,275.0,10.0,2.0,15.0,2,21
49,r2,12.0,4.0,320.0,10.0,2.0,15.0,2,23
50,s2,12.0,4.0,365.0,10.0,2.0,15.0,2,24
51,t2,12.0,4.0,410.0,10.0,2.0,15.0,2,25
52,u2,12.0,1.0,455.0,10.0,2.0,14.0,2,26
53,v2,12.0,1.0,500.0,10.0,2.0,14.0,2,27
54,w2,12.0,1.0,0.0,10.0,2.0,14.0,2,29
55,x2,6.0,4.0,2.5,10.0,2.0,12.0,2,30
56,y2,6.0,4.0,15.0,10.0,2.0,12.0,2,31
57,z2,6.0,4.0,65.0,10.0,2.0,12.0,2,0
58,aa2,6.0,4.0,205.0,10.0,2.0,12.0,2,1
59,ab2,6.0,4.0,500.0,10.0,2.0,13.0,2,3
60,ac2,6.0,4.0,0.0,10.0,2.0,13.0,2,4
61,ad2,6.0,4.0,100.0,10.0,2.0,13.0,2,5
62,ae2,6.0,4.0,200.0,10.0,2.0,13.0,2,6
63,af2,6.0,4.0,302.5,10.0,2.0,13.0,2,7
64,a3,6.0,4.0,400.0,10.0,2.0,13.0,2,9
65,b3,12.0,1.0,500.0,10.0,2.0,14.0,2,10
66,c3,12.0,1.0,0.0,10.0,2.0,14.0,2,11
67,d3,12.0,1.0,100.0,10.0,2.0,14.0,2,12
68,e3,12.0,1.0,200.0,10.0,2.0,14.0,2,13
69,f3,12.0,1.0,302.5,10.0,2.0,14.0,2,14
70,g3,12.0,4.0,400.0,10.0,2.0,8.0,2,15
71,h3,12.0,4.0,500.0,10.0,2.0,8.0,2,16
72,i3,12.0,4.0,0.0,10.0,2.0,15.0,2,17
73,j3,6.0,1.0,2.5,10.0,2.0,7.0,2,18
74,k3,12.0,4.0,2.5,10.0,2.0,2.0,2,19
75,l3,12.0,4.0,5.0,10.0,2.0,2.0,2,21
76,m3,12.0,4.0,10.0,10.0,2.0,2.0,2,22
77,n3,12.0,4.0,22.5,10.0,2.0,2.0,2,23
78,o3,12.0,4.0,45.0,10.0,2.0,2.0,2,24
79,p3,12.0,4.0,82.5,10.0,2.0,2.0,2,25
80,q3,12.0,1.0,140.0,10.0,2.0,1.0,2,26
81,r3,12.0,4.0,225.0,10.0,2.0,2.0,2,27
82,s3,12.0,4.0,342.5,10.0,2.0,2.0,2,28
83,t3,12.0,4.0,500.0,10.0,2.0,2.0,2,29
84,u3,12.0,4.0,0.0,10.0,2.0,2.0,2,30
85,v3,12.0,4.0,47.5,10.0,2.0,3.0,2,31
86,w3,12.0,4.0,92.5,10.0,2.0,3.0,2,1
87,x3,12.0,4.0,137.5,10.0,2.0,3.0,2,2
88,y3,12.0,4.0,182.5,10.0,2.0,2.0,2,3
89,z3,12.0,4.0,227.5,10.0,2.0,3.0,2,4
90,aa3,12.0,1.0,275.0,10.0,2.0,1.0,2,5
91,ab3,12.0,1.0,320.0,10.0,2.0,1.0,2,7
92,ac3,6.0,1.0,365.0,10.0,2.0,7.0,2,8
93,ad3,6.0,1.0,410.0,10.0,2.0,0.0,2,9
94,ae3,6.0,1.0,455.0,10.0,2.0,0.0,2,10
95,af3,6.0,1.0,500.0,10.0,2.0,0.0,2,11
96,a4,6.0,1.0,0.0,10.0,2.0,0.0,3,13
97,b4,6.0,1.0,2.5,10.0,2.0,0.0,3,14
98,c4,12.0,1.0,15.0,10.0,2.0,1.0,3,15
99,d4,12.0,1.0,65.0,10.0,2.0,1.0,3,16
100,e4,12.0,1.0,205.0,10.0,2.0,1.0,3,17
101,f4,12.0,1.0,500.0,10.0,2.0,1.0,3,19
102,g4,12.0,1.0,0.0,10.0,2.0,1.0,3,20
103,h4,12.0,1.0,100.0,10.0,2.0,1.0,3,21
104,i4,12.0,1.0,200.0,10.0,2.0,1.0,3,22
105,j4,12.0,1.0,302.5,10.0,2.0,1.0,3,23
106,k4,12.0,1.0,400.0,10.0,2.0,1.0,3,25
107,l4,12.0,4.0,500.0,10.0,2.0,3.0,3,26
108,m4,12.0,4.0,0.0,10.0,2.0,2.0,3,27
109,n4,12.0,4.0,2.5,10.0,2.0,3.0,3,28
110,o4,6.0,4.0,15.0,10.0,2.0,5.0,3,29
111,p4,6.0,4.0,65.0,10.0,2.0,5.0,3,30
112,q4,6.0,4.0,205.0,10.0,2.0,5.0,3,31
113,r4,6.0,4.0,500.0,10.0,2.0,5.0,3,0
114,s4,6.0,1.0,0.0,10.0,2.0,6.0,3,1
115,t4,6.0,1.0,2.5,10.0,2.0,6.0,3,2
116,u4,6.0,4.0,15.0,10.0,2.0,5.0,3,3
117,v4,6.0,1.0,65.0,10.0,2.0,6.0,3,5
118,w4,6.0,1.0,205.0,10.0,2.0,6.0,3,6
119,x4,6.0,1.0,500.0,10.0,2.0,6.0,3,7
120,y4,6.0,1.0,0.0,10.0,2.0,7.0,3,8
121,z4,6.0,1.0,47.5,10.0,2.0,7.0,3,9
122,aa4,6.0,1.0,92.5,10.0,2.0,7.0,3,10
123,ab4,12.0,4.0,137.5,10.0,2.0,3.0,3,11
124,ac4,6.0,1.0,182.5,10.0,2.0,6.0,3,12
125,ad4,12.0,1.0,227.5,10.0,2.0,4.0,3,13
126,ae4,6.0,4.0,275.0,10.0,2.0,5.0,3,14
127,af4,6.0,1.0,320.0,10.0,2.0,7.0,3,15
128,a5,12.0,4.0,365.0,10.0,2.0,3.0,3,1
129,b5,12.0,1.0,410.0,10.0,2.0,4.0,3,2
130,c5,12.0,4.0,455.0,10.0,2.0,3.0,3,3
131,d5,12.0,4.0,500.0,10.0,2.0,3.0,3,4
132,e5,12.0,4.0,0.0,10.0,2.0,3.0,3,5
133,f5,12.0,1.0,2.5,10.0,2.0,4.0,3,6
134,g5,12.0,1.0,2.5,10.0,2.0,4.0,3,7
135,h5,12.0,1.0,5.0,10.0,2.0,4.0,3,8
136,i5,12.0,4.0,10.0,10.0,2.0,3.0,3,10
137,j5,12.0,1.0,22.5,10.0,2.0,4.0,3,11
138,k5,12.0,1.0,45.0,10.0,2.0,4.0,3,12
139,l5,12.0,1.0,82.5,10.0,2.0,4.0,3,13
140,m5,12.0,1.0,140.0,10.0,2.0,4.0,3,14
141,n5,12.0,1.0,225.0,10.0,2.0,4.0,3,15
142,o5,12.0,1.0,342.5,10.0,2.0,4.0,3,16
143,p5,12.0,1.0,500.0,10.0,2.0,4.0,3,17
144,q5,0.0,0.0,0.0,0.0,0.0,0.0,4,19
145,r5,0.0,0.0,0.0,0.0,0.0,0.0,4,20
146,s5,0.0,0.0,0.0,0.0,0.0,0.0,4,21
147,t5,0.0,0.0,0.0,0.0,0.0,0.0,4,22
148,u5,0.0,0.0,0.0,0.0,0.0,0.0,4,23
149,v5,0.0,0.0,0.0,0.0,0.0,0.0,4,24
150,w5,0.0,0.0,0.0,0.0,0.0,0.0,4,25
151,x5,0.0,0.0,0.0,0.0,0.0,0.0,4,26
152,y5,0.0,0.0,0.0,0.0,0.0,0.0,4,28
153,z5,0.0,0.0,0.0,0.0,0.0,0.0,4,29
154,aa5,0.0,0.0,0.0,0.0,0.0,0.0,4,30
155,ab5,0.0,0.0,0.0,0.0,0.0,0.0,4,31
156,ac5,0.0,0.0,0.0,0.0,0.0,0.0,4,0
157,ad5,0.0,0.0,0.0,0.0,0.0,0.0,4,1
158,ae5,0.0,0.0,0.0,0.0,0.0,0.0,4,2
159,af5,0.0,0.0,0.0,0.0,0.0,0.0,4,3
160,a6,9.0,2.5,0.0,10.0,6.0,37.0,4,5
161,b6,9.0,2.5,5.0,10.0,6.0,37.0,4,6
162,c6,9.0,2.5,17.5,10.0,6.0,37.0,4,7
163,d6,9.0,2.5,45.0,10.0,6.0,37.0,4,8
164,e6,9.0,2.5,90.0,10.0,6.0,37.0,4,9
165,f6,9.0,2.5,155.0,10.0,6.0,37.0,4,10
166,g6,9.0,2.5,245.0,10.0,6.0,36.0,4,11
167,h6,9.0,2.5,360.0,10.0,6.0,36.0,4,12
168,i6,9.0,2.5,500.0,10.0,6.0,36.0,4,14
169,j6,9.0,2.5,0.0,10.0,6.0,36.0,4,15
170,k6,9.0,2.5,5.0,10.0,6.0,36.0,4,16
171,l6,9.0,2.5,17.5,10.0,6.0,36.0,4,17
172,m6,9.0,2.5,45.0,10.0,6.0,37.0,4,18
173,n6,9.0,2.5,90.0,10.0,6.0,37.0,4,19
174,o6,9.0,2.5,155.0,10.0,6.0,37.0,4,20
175,p6,9.0,2.5,245.0,10.0,6.0,39.0,4,21
176,q6,9.0,2.5,360.0,10.0,6.0,38.0,4,23
177,r6,9.0,2.5,500.0,10.0,6.0,36.0,4,24
178,s6,9.0,2.5,0.0,10.0,6.0,39.0,4,25
179,t6,9.0,2.5,5.0,10.0,6.0,39.0,4,26
180,u6,9.0,2.5,17.5,10.0,6.0,39.0,4,27
181,v6,9.0,2.5,45.0,10.0,6.0,39.0,4,28
182,w6,9.0,2.5,90.0,10.0,6.0,39.0,4,29
183,x6,9.0,2.5,155.0,10.0,6.0,39.0,4,30
184,y6,9.0,2.5,245.0,10.0,6.0,39.0,4,0
185,z6,9.0,2.5,360.0,10.0,6.0,38.0,4,1
186,aa6,9.0,2.5,500.0,10.0,6.0,38.0,4,2
187,ab6,9.0,2.5,0.0,10.0,6.0,38.0,4,3
188,ac6,9.0,2.5,5.0,10.0,6.0,38.0,4,4
189,ad6,9.0,2.5,17.5,10.0,6.0,38.0,4,5
190,ae6,9.0,2.5,45.0,10.0,6.0,38.0,4,6
191,af6,9.0,2.5,90.0,10.0,6.0,38.0,4,7
192,a7,9.0,2.5,155.0,10.0,6.0,38.0,5,9
193,b7,9.0,2.5,245.0,10.0,6.0,36.0,5,10
194,c7,9.0,2.5,360.0,10.0,6.0,32.0,5,11
195,d7,9.0,2.5,500.0,10.0,6.0,35.0,5,12
196,e7,9.0,2.5,0.0,10.0,6.0,33.0,5,13
197,f7,9.0,2.5,5.0,10.0,6.0,33.0,5,14
198,g7,9.0,2.5,17.5,10.0,6.0,33.0,5,15
199,h7,9.0,2.5,45.0,10.0,6.0,33.0,5,16
200,i7,9.0,2.5,90.0,10.0,6.0,33.0,5,18
201,j7,9.0,2.5,155.0,10.0,6.0,33.0,5,19
202,k7,9.0,2.5,245.0,10.0,6.0,33.0,5,20
203,l7,9.0,2.5,360.0,10.0,6.0,33.0,5,21
204,m7,9.0,2.5,500.0,10.0,6.0,32.0,5,22
205,n7,9.0,2.5,0.0,10.0,6.0,32.0,5,23
206,o7,9.0,2.5,5.0,10.0,6.0,32.0,5,24
207,p7,9.0,2.5,17.5,10.0,6.0,32.0,5,25
208,q7,9.0,2.5,45.0,10.0,6.0,32.0,5,27
209,r7,9.0,2.5,90.0,10.0,6.0,39.0,5,28
210,s7,9.0,2.5,155.0,10.0,6.0,32.0,5,29
211,t7,9.0,2.5,245.0,10.0,6.0,33.0,5,30
212,u7,9.0,2.5,360.0,10.0,6.0,34.0,5,31
213,v7,9.0,2.5,500.0,10.0,6.0,34.0,5,0
214,w7,9.0,2.5,0.0,10.0,6.0,35.0,5,1
215,x7,9.0,2.5,5.0,10.0,6.0,35.0,5,2
216,y7,9.0,2.5,17.5,10.0,6.0,35.0,5,4
217,z7,9.0,2.5,45.0,10.0,6.0,35.0,5,5
218,aa7,9.0,2.5,90.0,10.0,6.0,35.0,5,6
219,ab7,9.0,2.5,155.0,10.0,6.0,35.0,5,7
220,ac7,9.0,2.5,245.0,10.0,6.0,35.0,5,8
221,ad7,9.0,2.5,360.0,10.0,6.0,35.0,5,9
222,ae7,9.0,2.5,500.0,10.0,6.0,34.0,5,10
223,af7,9.0,2.5,0.0,10.0,6.0,34.0,5,11
224,a8,9.0,2.5,5.0,10.0,6.0,34.0,5,13
225,b8,9.0,2.5,17.5,10.0,6.0,34.0,5,14
226,c8,9.0,2.5,45.0,10.0,6.0,34.0,5,15
227,d8,9.0,2.5,90.0,10.0,6.0,34.0,5,16
228,e8,9.0,2.5,155.0,10.0,6.0,34.0,5,17
229,f8,9.0,2.5,245.0,10.0,6.0,36.0,5,18
230,g8,9.0,2.5,360.0,10.0,6.0,40.0,5,19
231,h8,9.0,2.5,500.0,10.0,6.0,43.0,5,20
232,i8,9.0,2.5,0.0,10.0,6.0,40.0,5,22
233,j8,9.0,2.5,5.0,10.0,6.0,46.0,5,23
234,k8,9.0,2.5,17.5,10.0,6.0,45.0,5,24
235,l8,9.0,2.5,45.0,10.0,6.0,45.0,5,25
236,m8,9.0,2.5,90.0,10.0,6.0,45.0,5,26
237,n8,9.0,2.5,155.0,10.0,6.0,45.0,5,27
238,o8,9.0,2.5,245.0,10.0,6.0,45.0,5,28
239,p8,9.0,2.5,360.0,10.0,6.0,46.0,5,29
240,q8,9.0,2.5,500.0,10.0,6.0,45.0,6,31
241,r8,9.0,2.5,0.0,10.0,6.0,45.0,6,0
242,s8,9.0,2.5,5.0,10.0,6.0,45.0,6,1
243,t8,9.0,2.5,17.5,10.0,6.0,44.0,6,2
244,u8,9.0,2.5,45.0,10.0,6.0,44.0,6,3
245,v8,9.0,2.5,90.0,10.0,6.0,44.0,6,4
246,w8,9.0,2.5,155.0,10.0,6.0,44.0,6,5
247,x8,9.0,2.5,245.0,10.0,6.0,45.0,6,6
248,y8,9.0,2.5,360.0,10.0,6.0,44.0,6,8
249,z8,9.0,2.5,500.0,10.0,6.0,46.0,6,9
250,aa8,9.0,2.5,0.0,10.0,6.0,46.0,6,10
251,ab8,9.0,2.5,5.0,10.0,6.0,32.0,6,11
252,ac8,9.0,2.5,17.5,10.0,6.0,47.0,6,12
253,ad8,9.0,2.5,45.0,10.0,6.0,47.0,6,13
254,ae8,9.0,2.5,90.0,10.0,6.0,47.0,6,14
255,af8,9.0,2.5,155.0,10.0,6.0,47.0,6,15
256,a9,9.0,2.5,245.0,10.0,6.0,47.0,6,17
257,b9,9.0,2.5,360.0,10.0,6.0,46.0,6,18
258,c9,9.0,2.5,500.0,10.0,6.0,47.0,6,19
259,d9,9.0,2.5,0.0,10.0,6.0,47.0,6,20
260,e9,9.0,2.5,5.0,10.0,6.0,47.0,6,21
261,f9,9.0,2.5,17.5,10.0,6.0,46.0,6,22
262,g9,9.0,2.5,45.0,10.0,6.0,46.0,6,23
263,h9,9.0,2.5,90.0,10.0,6.0,46.0,6,24
264,i9,9.0,2.5,155.0,10.0,6.0,46.0,6,26
265,j9,9.0,2.5,245.0,10.0,6.0,47.0,6,27
266,k9,9.0,2.5,360.0,10.0,6.0,44.0,6,28
267,l9,9.0,2.5,500.0,10.0,6.0,44.0,6,29
268,m9,9.0,2.5,0.0,10.0,6.0,44.0,6,30
269,n9,9.0,2.5,5.0,10.0,6.0,41.0,6,31
270,o9,9.0,2.5,17.5,10.0,6.0,41.0,6,0
271,p9,9.0,2.5,45.0,10.0,6.0,41.0,6,1
272,q9,9.0,2.5,90.0,10.0,6.0,41.0,6,3
273,r9,9.0,2.5,155.0,10.0,6.0,41.0,6,4
274,s9,9.0,2.5,245.0,10.0,6.0,41.0,6,5
275,t9,9.0,2.5,360.0,10.0,6.0,41.0,6,6
276,u9,9.0,2.5,500.0,10.0,6.0,41.0,6,7
277,v9,9.0,2.5,0.0,10.0,6.0,40.0,6,8
278,w9,9.0,2.5,5.0,10.0,6.0,40.0,6,9
279,x9,9.0,2.5,17.5,10.0,6.0,40.0,6,10
280,y9,9.0,2.5,45.0,10.0,6.0,40.0,6,12
281,z9,9.0,2.5,90.0,10.0,6.0,40.0,6,13
282,aa9,9.0,2.5,155.0,10.0,6.0,40.0,6,14
283,ab9,9.0,2.5,245.0,10.0,6.0,41.0,6,15
284,ac9,9.0,2.5,360.0,10.0,6.0,42.0,6,16
285,ad9,9.0,2.5,500.0,10.0,6.0,42.0,6,17
286,ae9,9.0,2.5,0.0,10.0,6.0,42.0,6,18
287,af9,9.0,2.5,5.0,10.0,6.0,44.0,6,19
288,a10,9.0,2.5,17.5,10.0,6.0,43.0,7,21
289,b10,9.0,2.5,45.0,10.0,6.0,43.0,7,22
290,c10,9.0,2.5,90.0,10.0,6.0,43.0,7,23
291,d10,9.0,2.5,155.0,10.0,6.0,43.0,7,24
292,e10,9.0,2.5,245.0,10.0,6.0,43.0,7,25
293,f10,9.0,2.5,360.0,10.0,6.0,43.0,7,26
294,g10,9.0,2.5,500.0,10.0,6.0,43.0,7,27
295,h10,9.0,2.5,0.0,10.0,6.0,43.0,7,28
296,i10,9.0,2.5,5.0,10.0,6.0,42.0,7,30
297,j10,9.0,2.5,17.5,10.0,6.0,42.0,7,31
298,k10,9.0,2.5,45.0,10.0,6.0,42.0,7,0
299,l10,9.0,2.5,90.0,10.0,6.0,42.0,7,1
300,m10,9.0,2.5,155.0,10.0,6.0,42.0,7,2
301,n10,9.0,2.5,245.0,10.0,6.0,42.0,7,3
302,o10,9.0,2.5,360.0,10.0,6.0,40.0,7,4
303,p10,9.0,2.5,500.0,10.0,6.0,32.0,7,5
304,q10,9.0,2.5,0.0,10.0,6.0,31.0,7,7
305,r10,9.0,2.5,5.0,10.0,6.0,31.0,7,8
306,s10,9.0,2.5,17.5,10.0,6.0,21.0,7,9
307,t10,9.0,2.5,45.0,10.0,6.0,21.0,7,10
308,u10,9.0,2.5,90.0,10.0,6.0,21.0,7,11
309,v10,9.0,2.5,155.0,10.0,6.0,21.0,7,12
310,w10,9.0,2.5,245.0,10.0,6.0,21.0,7,13
311,x10,9.0,2.5,360.0,10.0,6.0,21.0,7,14
312,y10,9.0,2.5,500.0,10.0,6.0,21.0,7,16
313,z10,9.0,2.5,0.0,10.0,6.0,20.0,7,17
314,aa10,9.0,2.5,5.0,10.0,6.0,20.0,7,18
315,ab10,9.0,2.5,17.5,10.0,6.0,20.0,7,19
316,ac10,9.0,2.5,45.0,10.0,6.0,20.0,7,20
317,ad10,9.0,2.5,90.0,10.0,6.0,20.0,7,21
318,ae10,9.0,2.5,155.0,10.0,6.0,20.0,7,22
319,af10,9.0,2.5,245.0,10.0,6.0,20.0,7,23
320,a11,9.0,2.5,360.0,10.0,6.0,20.0,7,25
321,b11,9.0,2.5,500.0,10.0,6.0,19.0,7,26
322,c11,9.0,2.5,0.0,10.0,6.0,21.0,7,27
323,d11,9.0,2.5,5.0,10.0,6.0,22.0,7,28
324,e11,9.0,2.5,17.5,10.0,6.0,23.0,7,29
325,f11,9.0,2.5,45.0,10.0,6.0,23.0,7,30
326,g11,9.0,2.5,90.0,10.0,6.0,23.0,7,31
327,h11,9.0,2.5,155.0,10.0,6.0,23.0,7,0
328,i11,9.0,2.5,245.0,10.0,6.0,23.0,7,2
329,j11,9.0,2.5,360.0,10.0,6.0,23.0,7,3
330,k11,9.0,2.5,500.0,10.0,6.0,21.0,7,4
331,l11,9.0,2.5,0.0,10.0,6.0,22.0,7,5
332,m11,9.0,2.5,5.0,10.0,6.0,22.0,7,6
333,n11,9.0,2.5,17.5,10.0,6.0,22.0,7,7
334,o11,9.0,2.5,45.0,10.0,6.0,22.0,7,8
335,p11,9.0,2.5,90.0,10.0,6.0,22.0,7,9
336,q11,9.0,2.5,155.0,10.0,6.0,22.0,8,11
337,r11,9.0,2.5,245.0,10.0,6.0,22.0,8,12
338,s11,9.0,2.5,360.0,10.0,6.0,22.0,8,13
339,t11,9.0,2.5,500.0,10.0,6.0,23.0,8,14
340,u11,9.0,2.5,0.0,10.0,6.0,19.0,8,15
341,v11,9.0,2.5,5.0,10.0,6.0,19.0,8,16
342,w11,9.0,2.5,17.5,10.0,6.0,17.0,8,17
343,x11,9.0,2.5,45.0,10.0,6.0,17.0,8,18
344,y11,9.0,2.5,90.0,10.0,6.0,17.0,8,20
345,z11,9.0,2.5,155.0,10.0,6.0,17.0,8,21
346,aa11,9.0,2.5,245.0,10.0,6.0,17.0,8,22
347,ab11,9.0,2.5,360.0,10.0,6.0,16.0,8,23
348,ac11,9.0,2.5,500.0,10.0,6.0,17.0,8,24
349,ad11,9.0,2.5,0.0,10.0,6.0,16.0,8,25
350,ae11,9.0,2.5,5.0,10.0,6.0,16.0,8,26
351,af11,9.0,2.5,17.5,10.0,6.0,16.0,8,27
352,a12,9.0,2.5,45.0,10.0,6.0,16.0,8,29
353,b12,9.0,2.5,90.0,10.0,6.0,16.0,8,30
354,c12,9.0,2.5,155.0,10.0,6.0,16.0,8,31
355,d12,9.0,2.5,245.0,10.0,6.0,16.0,8,0
356,e12,9.0,2.5,360.0,10.0,6.0,16.0,8,1
357,f12,9.0,2.5,500.0,10.0,6.0,19.0,8,2
358,g12,9.0,2.5,0.0,10.0,6.0,17.0,8,3
359,h12,9.0,2.5,5.0,10.0,6.0,17.0,8,4
360,i12,9.0,2.5,17.5,10.0,6.0,19.0,8,6
361,j12,9.0,2.5,45.0,10.0,6.0,19.0,8,7
362,k12,9.0,2.5,90.0,10.0,6.0,19.0,8,8
363,l12,9.0,2.5,155.0,10.0,6.0,19.0,8,9
364,m12,9.0,2.5,245.0,10.0,6.0,19.0,8,10
365,n12,9.0,2.5,360.0,10.0,6.0,18.0,8,11
366,o12,9.0,2.5,500.0,10.0,6.0,17.0,8,12
367,p12,9.0,2.5,0.0,10.0,6.0,18.0,8,13
368,q12,9.0,2.5,5.0,10.0,6.0,18.0,8,15
369,r12,9.0,2.5,17.5,10.0,6.0,18.0,8,16
370,s12,9.0,2.5,45.0,10.0,6.0,18.0,8,17
371,t12,9.0,2.5,90.0,10.0,6.0,18.0,8,18
372,u12,9.0,2.5,155.0,10.0,6.0,18.0,8,19
373,v12,9.0,2.5,245.0,10.0,6.0,18.0,8,20
374,w12,9.0,2.5,360.0,10.0,6.0,18.0,8,21
375,x12,9.0,2.5,500.0,10.0,6.0,23.0,8,22
376,y12,9.0,2.5,0.0,10.0,6.0,20.0,8,24
377,z12,9.0,2.5,5.0,10.0,6.0,24.0,8,25
378,aa12,9.0,2.5,17.5,10.0,6.0,29.0,8,26
379,ab12,9.0,2.5,45.0,10.0,6.0,29.0,8,27
380,ac12,9.0,2.5,90.0,10.0,6.0,29.0,8,28
381,ad12,9.0,2.5,155.0,10.0,6.0,29.0,8,29
382,ae12,9.0,2.5,245.0,10.0,6.0,29.0,8,30
383,af12,9.0,2.5,360.0,10.0,6.0,29.0,8,31
384,a13,9.0,2.5,500.0,10.0,6.0,29.0,9,1
385,b13,9.0,2.5,0.0,10.0,6.0,28.0,9,2
386,c13,9.0,2.5,5.0,10.0,6.0,28.0,9,3
387,d13,9.0,2.5,17.5,10.0,6.0,28.0,9,4
388,e13,9.0,2.5,45.0,10.0,6.0,28.0,9,5
389,f13,9.0,2.5,90.0,10.0,6.0,28.0,9,7
390,g13,9.0,2.5,155.0,10.0,6.0,28.0,9,8
391,h13,9.0,2.5,245.0,10.0,6.0,28.0,9,9
392,i13,9.0,2.5,360.0,10.0,6.0,28.0,9,10
393,j13,9.0,2.5,500.0,10.0,6.0,29.0,9,11
394,k13,9.0,2.5,0.0,10.0,6.0,29.0,9,13
395,l13,9.0,2.5,5.0,10.0,6.0,30.0,9,14
396,m13,9.0,2.5,17.5,10.0,6.0,23.0,9,15
397,n13,9.0,2.5,45.0,10.0,6.0,31.0,9,16
398,o13,9.0,2.5,90.0,10.0,6.0,31.0,9,17
399,p13,9.0,2.5,155.0,10.0,6.0,31.0,9,18
400,q13,9.0,2.5,245.0,10.0,6.0,31.0,9,19
401,r13,9.0,2.5,360.0,10.0,6.0,31.0,9,20
402,s13,9.0,2.5,500.0,10.0,6.0,31.0,9,21
403,t13,9.0,2.5,0.0,10.0,6.0,30.0,9,22
404,u13,9.0,2.5,5.0,10.0,6.0,30.0,9,23
405,v13,9.0,2.5,17.5,10.0,6.0,30.0,9,25
406,w13,9.0,2.5,45.0,10.0,6.0,30.0,9,26
407,x13,9.0,2.5,90.0,10.0,6.0,30.0,9,27
408,y13,9.0,2.5,155.0,10.0,6.0,30.0,9,28
409,z13,9.0,2.5,245.0,10.0,6.0,30.0,9,29
410,aa13,9.0,2.5,360.0,10.0,6.0,30.0,9,30
411,ab13,9.0,2.5,500.0,10.0,6.0,28.0,9,31
412,ac13,9.0,2.5,0.0,10.0,6.0,27.0,9,0
413,ad13,9.0,2.5,5.0,10.0,6.0,31.0,9,1
414,ae13,9.0,2.5,17.5,10.0,6.0,25.0,9,2
415,af13,9.0,2.5,45.0,10.0,6.0,25.0,9,3
416,a14,9.0,2.5,90.0,10.0,6.0,25.0,9,5
417,b14,9.0,2.5,155.0,10.0,6.0,25.0,9,6
418,c14,9.0,2.5,245.0,10.0,6.0,25.0,9,7
419,d14,9.0,2.5,360.0,10.0,6.0,27.0,9,8
420,e14,9.0,2.5,500.0,10.0,6.0,25.0,9,9
421,f14,9.0,2.5,0.0,10.0,6.0,25.0,9,11
422,g14,9.0,2.5,5.0,10.0,6.0,24.0,9,12
423,h14,9.0,2.5,17.5,10.0,6.0,24.0,9,13
424,i14,9.0,2.5,45.0,10.0,6.0,24.0,9,14
425,j14,9.0,2.5,90.0,10.0,6.0,24.0,9,15
426,k14,9.0,2.5,155.0,10.0,6.0,24.0,9,17
427,l14,9.0,2.5,245.0,10.0,6.0,24.0,9,18
428,m14,9.0,2.5,360.0,10.0,6.0,24.0,9,19
429,n14,9.0,2.5,500.0,10.0,6.0,24.0,9,20
430,o14,9.0,2.5,0.0,10.0,6.0,25.0,9,21
431,p14,9.0,2.5,5.0,10.0,6.0,25.0,9,22
432,q14,9.0,2.5,17.5,10.0,6.0,26.0,10,23
433,r14,9.0,2.5,45.0,10.0,6.0,27.0,10,24
434,s14,9.0,2.5,90.0,10.0,6.0,27.0,10,25
435,t14,9.0,2.5,155.0,10.0,6.0,27.0,10,26
436,u14,9.0,2.5,245.0,10.0,6.0,27.0,10,27
437,v14,9.0,2.5,360.0,10.0,6.0,26.0,10,29
438,w14,9.0,2.5,500.0,10.0,6.0,27.0,10,30
439,x14,9.0,2.5,0.0,10.0,6.0,27.0,10,31
440,y14,9.0,2.5,5.0,10.0,6.0,27.0,10,0
441,z14,9.0,2.5,17.5,10.0,6.0,26.0,10,1
442,aa14,9.0,2.5,45.0,10.0,6.0,26.0,10,2
443,ab14,9.0,2.5,90.0,10.0,6.0,26.0,10,3
444,ac14,9.0,2.5,155.0,10.0,6.0,26.0,10,4
445,ad14,9.0,2.5,245.0,10.0,6.0,26.0,10,5
446,ae14,9.0,2.5,360.0,10.0,6.0,26.0,10,6
447,af14,9.0,2.5,500.0,10.0,6.0,26.0,10,7
448,a15,12.0,1.0,0.0,10.0,10.0,59.0,10,9
449,b15,12.0,4.0,2.5,10.0,10.0,58.0,10,10
450,c15,12.0,4.0,15.0,10.0,10.0,58.0,10,11
451,d15,12.0,4.0,65.0,10.0,10.0,58.0,10,12
452,e15,12.0,4.0,205.0,10.0,10.0,58.0,10,13
453,f15,12.0,4.0,500.0,10.0,10.0,58.0,10,15
454,g15,12.0,1.0,0.0,10.0,10.0,59.0,10,16
455,h15,6.0,4.0,100.0,10.0,10.0,56.0,10,17
456,i15,12.0,1.0,200.0,10.0,10.0,59.0,10,18
457,j15,12.0,1.0,302.5,10.0,10.0,59.0,10,19
458,k15,12.0,1.0,400.0,10.0,10.0,59.0,10,21
459,l15,12.0,1.0,500.0,10.0,10.0,59.0,10,22
460,m15,12.0,1.0,0.0,10.0,10.0,59.0,10,23
461,n15,12.0,1.0,2.5,10.0,10.0,59.0,10,24
462,o15,12.0,1.0,2.5,10.0,10.0,59.0,10,25
463,p15,12.0,4.0,5.0,10.0,10.0,58.0,10,26
464,q15,6.0,4.0,10.0,10.0,10.0,56.0,10,27
465,r15,12.0,4.0,22.5,10.0,10.0,58.0,10,28
466,s15,12.0,1.0,45.0,10.0,10.0,59.0,10,29
467,t15,6.0,4.0,82.5,10.0,10.0,56.0,10,30
468,u15,6.0,4.0,140.0,10.0,10.0,56.0,10,31
469,v15,6.0,4.0,225.0,10.0,10.0,56.0,10,1
470,w15,6.0,4.0,342.5,10.0,10.0,56.0,10,2
471,x15,6.0,1.0,500.0,10.0,10.0,57.0,10,3
472,y15,6.0,1.0,0.0,10.0,10.0,57.0,10,4
473,z15,6.0,1.0,47.5,10.0,10.0,57.0,10,5
474,aa15,6.0,1.0,92.5,10.0,10.0,57.0,10,6
475,ab15,6.0,1.0,137.5,10.0,10.0,57.0,10,7
476,ac15,6.0,1.0,182.5,10.0,10.0,57.0,10,8
477,ad15,12.0,4.0,227.5,10.0,10.0,58.0,10,9
478,ae15,12.0,4.0,275.0,10.0,10.0,58.0,10,10
479,af15,12.0,4.0,320.0,10.0,10.0,58.0,10,11
480,a16,12.0,4.0,365.0,10.0,10.0,58.0,11,13
481,b16,12.0,4.0,410.0,10.0,10.0,58.0,11,14
482,c16,12.0,1.0,455.0,10.0,10.0,59.0,11,15
483,d16,12.0,4.0,500.0,10.0,10.0,62.0,11,16
484,e16,6.0,4.0,0.0,10.0,10.0,60.0,11,17
485,f16,12.0,4.0,2.5,10.0,10.0,62.0,11,19
486,g16,12.0,4.0,15.0,10.0,10.0,62.0,11,20
487,h16,12.0,4.0,65.0,10.0,10.0,62.0,11,21
488,i16,12.0,4.0,205.0,10.0,10.0,62.0,11,22
489,j16,12.0,4.0,500.0,10.0,10.0,63.0,11,23
490,k16,12.0,4.0,0.0,10.0,10.0,63.0,11,25
491,l16,12.0,4.0,100.0,10.0,10.0,62.0,11,26
492,m16,12.0,4.0,200.0,10.0,10.0,63.0,11,27
493,n16,12.0,4.0,302.5,10.0,10.0,63.0,11,28
494,o16,12.0,4.0,400.0,10.0,10.0,63.0,11,29
495,p16,12.0,4.0,500.0,10.0,10.0,63.0,11,30
496,q16,12.0,4.0,0.0,10.0,10.0,63.0,11,31
497,r16,12.0,4.0,47.5,10.0,10.0,63.0,11,1
498,s16,12.0,4.0,92.5,10.0,10.0,63.0,11,2
499,t16,12.0,4.0,137.5,10.0,10.0,63.0,11,3
500,u16,12.0,1.0,182.5,10.0,10.0,59.0,11,4
501,v16,12.0,4.0,227.5,10.0,10.0,62.0,11,5
502,w16,12.0,4.0,275.0,10.0,10.0,62.0,11,7
503,x16,6.0,4.0,320.0,10.0,10.0,60.0,11,8
504,y16,6.0,4.0,365.0,10.0,10.0,60.0,11,9
505,z16,6.0,4.0,410.0,10.0,10.0,60.0,11,10
506,aa16,6.0,4.0,455.0,10.0,10.0,60.0,11,11
507,ab16,6.0,4.0,500.0,10.0,10.0,60.0,11,12
508,ac16,6.0,1.0,0.0,10.0,10.0,61.0,11,13
509,ad16,12.0,4.0,47.5,10.0,10.0,62.0,11,14
510,ae16,6.0,1.0,92.5,10.0,10.0,61.0,11,15
511,af16,6.0,1.0,137.5,10.0,10.0,61.0,11,16
512,a17,6.0,1.0,182.5,10.0,10.0,61.0,11,17
513,b17,6.0,1.0,227.5,10.0,10.0,61.0,11,19
514,c17,12.0,4.0,275.0,10.0,10.0,62.0,11,20
515,d17,12.0,4.0,320.0,10.0,10.0,62.0,11,21
516,e17,12.0,4.0,365.0,10.0,10.0,62.0,11,22
517,f17,6.0,1.0,410.0,10.0,10.0,61.0,11,23
518,g17,12.0,1.0,455.0,10.0,10.0,55.0,11,24
519,h17,6.0,4.0,500.0,10.0,10.0,48.0,11,25
520,i17,12.0,1.0,0.0,10.0,10.0,55.0,11,26
521,j17,12.0,4.0,2.5,10.0,10.0,50.0,11,27
522,k17,12.0,4.0,15.0,10.0,10.0,50.0,11,28
523,l17,12.0,4.0,65.0,10.0,10.0,50.0,11,29
524,m17,12.0,4.0,205.0,10.0,10.0,50.0,11,31
525,n17,12.0,4.0,500.0,10.0,10.0,50.0,11,0
526,o17,12.0,4.0,0.0,10.0,10.0,50.0,11,1
527,p17,12.0,4.0,100.0,10.0,10.0,50.0,11,2
528,q17,12.0,1.0,200.0,10.0,10.0,51.0,12,3
529,r17,12.0,1.0,302.5,10.0,10.0,51.0,12,4
530,s17,12.0,1.0,400.0,10.0,10.0,51.0,12,5
531,t17,12.0,1.0,500.0,10.0,10.0,51.0,12,6
532,u17,12.0,1.0,0.0,10.0,10.0,51.0,12,7
533,v17,12.0,1.0,2.5,10.0,10.0,51.0,12,8
534,w17,12.0,1.0,2.5,10.0,10.0,51.0,12,9
535,x17,12.0,1.0,5.0,10.0,10.0,51.0,12,11
536,y17,12.0,1.0,10.0,10.0,10.0,51.0,12,12
537,z17,12.0,4.0,22.5,10.0,10.0,50.0,12,13
538,aa17,12.0,4.0,45.0,10.0,10.0,50.0,12,14
539,ab17,12.0,4.0,82.5,10.0,10.0,63.0,12,15
540,ac17,6.0,4.0,140.0,10.0,10.0,48.0,12,16
541,ad17,6.0,4.0,225.0,10.0,10.0,48.0,12,17
542,ae17,6.0,4.0,342.5,10.0,10.0,48.0,12,18
543,af17,6.0,4.0,500.0,10.0,10.0,48.0,12,19
544,a18,6.0,4.0,0.0,10.0,10.0,48.0,12,20
545,b18,12.0,4.0,47.5,10.0,10.0,50.0,12,21
546,c18,6.0,1.0,92.5,10.0,10.0,49.0,12,23
547,d18,6.0,1.0,137.5,10.0,10.0,49.0,12,24
548,e18,6.0,1.0,182.5,10.0,10.0,49.0,12,25
549,f18,6.0,1.0,227.5,10.0,10.0,49.0,12,26
550,g18,6.0,1.0,275.0,10.0,10.0,49.0,12,27
551,h18,12.0,4.0,320.0,10.0,10.0,50.0,12,29
552,i18,12.0,4.0,365.0,10.0,10.0,50.0,12,30
553,j18,6.0,1.0,410.0,10.0,10.0,49.0,12,31
554,k18,12.0,1.0,455.0,10.0,10.0,51.0,12,0
555,l18,12.0,1.0,500.0,10.0,10.0,51.0,12,1
556,m18,12.0,1.0,0.0,10.0,10.0,51.0,12,3
557,n18,12.0,1.0,2.5,10.0,10.0,54.0,12,4
558,o18,12.0,1.0,15.0,10.0,10.0,54.0,12,5
559,p18,12.0,1.0,65.0,10.0,10.0,54.0,12,6
560,q18,12.0,1.0,205.0,10.0,10.0,54.0,12,7
561,r18,12.0,1.0,500.0,10.0,10.0,54.0,12,9
562,s18,12.0,1.0,0.0,10.0,10.0,55.0,12,10
563,t18,12.0,1.0,100.0,10.0,10.0,54.0,12,11
564,u18,12.0,1.0,200.0,10.0,10.0,55.0,12,12
565,v18,12.0,1.0,302.5,10.0,10.0,55.0,12,13
566,w18,12.0,1.0,400.0,10.0,10.0,55.0,12,14
567,x18,12.0,1.0,500.0,10.0,10.0,55.0,12,15
568,y18,12.0,1.0,0.0,10.0,10.0,55.0,12,16
569,z18,12.0,1.0,2.5,10.0,10.0,55.0,12,17
570,aa18,12.0,1.0,2.5,10.0,10.0,55.0,12,18
571,ab18,12.0,1.0,5.0,10.0,10.0,55.0,12,19
572,ac18,12.0,1.0,10.0,10.0,10.0,54.0,12,21
573,ad18,12.0,1.0,22.5,10.0,10.0,54.0,12,22
574,ae18,12.0,1.0,45.0,10.0,10.0,54.0,12,23
575,af18,6.0,4.0,82.5,10.0,10.0,52.0,12,24
576,a19,6.0,4.0,140.0,10.0,10.0,52.0,13,25
577,b19,6.0,4.0,225.0,10.0,10.0,52.0,13,26
578,c19,6.0,4.0,342.5,10.0,10.0,52.0,13,27
579,d19,6.0,4.0,500.0,10.0,10.0,52.0,13,28
580,e19,6.0,4.0,0.0,10.0,10.0,52.0,13,29
581,f19,6.0,1.0,2.5,10.0,10.0,53.0,13,30
582,g19,6.0,1.0,2.5,10.0,10.0,53.0,13,31
583,h19,6.0,1.0,5.0,10.0,10.0,53.0,13,1
584,i19,6.0,1.0,10.0,10.0,10.0,53.0,13,2
585,j19,6.0,1.0,22.5,10.0,10.0,53.0,13,3
586,k19,6.0,1.0,45.0,10.0,10.0,53.0,13,4
587,l19,12.0,1.0,82.5,10.0,10.0,54.0,13,5
588,m19,12.0,1.0,140.0,10.0,10.0,54.0,13,7
589,n19,12.0,1.0,225.0,10.0,10.0,54.0,13,8
590,o19,12.0,1.0,342.5,10.0,10.0,55.0,13,9
591,p19,12.0,4.0,500.0,10.0,10.0,63.0,13,10
592,q19,0.0,0.0,0.0,0.0,0.0,0.0,13,11
593,r19,0.0,0.0,0.0,0.0,0.0,0.0,13,13
594,s19,0.0,0.0,0.0,0.0,0.0,0.0,13,14
595,t19,0.0,0.0,0.0,0.0,0.0,0.0,13,15
596,u19,0.0,0.0,0.0,0.0,0.0,0.0,13,16
597,v19,0.0,0.0,0.0,0.0,0.0,0.0,13,17
598,w19,0.0,0.0,0.0,0.0,0.0,0.0,13,19
599,x19,0.0,0.0,0.0,0.0,0.0,0.0,13,20
600,y19,0.0,0.0,0.0,0.0,0.0,0.0,13,21
601,z19,0.0,0.0,0.0,0.0,0.0,0.0,13,22
602,aa19,0.0,0.0,0.0,0.0,0.0,0.0,13,23
603,ab19,0.0,0.0,0.0,0.0,0.0,0.0,13,25
604,ac19,0.0,0.0,0.0,0.0,0.0,0.0,13,26
605,ad19,0.0,0.0,0.0,0.0,0.0,0.0,13,27
606,ae19,0.0,0.0,0.0,0.0,0.0,0.0,13,28
607,af19,0.0,0.0,0.0,0.0,0.0,0.0,13,29
608,a20,0.0,0.0,0.0,0.0,0.0,0.0,13,30
609,b20,0.0,0.0,0.0,0.0,0.0,0.0,13,31
610,c20,0.0,0.0,0.0,0.0,0.0,0.0,13,0
611,d20,0.0,0.0,0.0,0.0,0.0,0.0,13,1
612,e20,0.0,0.0,0.0,0.0,0.0,0.0,13,2
613,f20,0.0,0.0,0.0,0.0,0.0,0.0,13,3
614,g20,0.0,0.0,0.0,0.0,0.0,0.0,13,5
615,h20,0.0,0.0,0.0,0.0,0.0,0.0,13,6
616,i20,0.0,0.0,0.0,0.0,0.0,0.0,13,7
617,j20,0.0,0.0,0.0,0.0,0.0,0.0,13,8
618,k20,0.0,0.0,0.0,0.0,0.0,0.0,13,9
619,l20,0.0,0.0,0.0,0.0,0.0,0.0,13,10
620,m20,0.0,0.0,0.0,0.0,0.0,0.0,13,11
621,n20,0.0,0.0,0.0,0.0,0.0,0.0,13,12
622,o20,0.0,0.0,0.0,0.0,0.0,0.0,13,13
623,p20,0.0,0.0,0.0,0.0,0.0,0.0,13,14
624,q20,0.0,0.0,0.0,0.0,0.0,0.0,14,15
625,r20,0.0,0.0,0.0,0.0,0.0,0.0,14,1
626,s20,0.0,0.0,0.0,0.0,0.0,0.0,14,2
627,t20,0.0,0.0,0.0,0.0,0.0,0.0,14,3
628,u20,0.0,0.0,0.0,0.0,0.0,0.0,14,4
629,v20,0.0,0.0,0.0,0.0,0.0,0.0,14,5
630,w20,0.0,0.0,0.0,0.0,0.0,0.0,14,6
631,x20,0.0,0.0,0.0,0.0,0.0,0.0,14,7
632,y20,0.0,0.0,0.0,0.0,0.0,0.0,14,8
633,z20,0.0,0.0,0.0,0.0,0.0,0.0,14,10
634,aa20,0.0,0.0,0.0,0.0,0.0,0.0,14,11
635,ab20,0.0,0.0,0.0,0.0,0.0,0.0,14,12
636,ac20,0.0,0.0,0.0,0.0,0.0,0.0,14,13
637,ad20,0.0,0.0,0.0,0.0,0.0,0.0,14,14
638,ae20,0.0,0.0,0.0,0.0,0.0,0.0,14,15
639,af20,0.0,0.0,0.0,0.0,0.0,0.0,14,16
640,a21,0.0,0.0,0.0,0.0,0.0,0.0,14,17
641,b21,0.0,0.0,0.0,0.0,0.0,0.0,14,19
642,c21,0.0,0.0,0.0,0.0,0.0,0.0,14,20
643,d21,0.0,0.0,0.0,0.0,0.0,0.0,14,21
644,e21,0.0,0.0,0.0,0.0,0.0,0.0,14,22
645,f21,0.0,0.0,0.0,0.0,0.0,0.0,14,23
646,g21,0.0,0.0,0.0,0.0,0.0,0.0,14,24
647,h21,0.0,0.0,0.0,0.0,0.0,0.0,14,25
648,i21,0.0,0.0,0.0,0.0,0.0,0.0,14,26
649,j21,0.0,0.0,0.0,0.0,0.0,0.0,14,28
650,k21,0.0,0.0,0.0,0.0,0.0,0.0,14,29
651,l21,0.0,0.0,0.0,0.0,0.0,0.0,14,30
652,m21,0.0,0.0,0.0,0.0,0.0,0.0,14,31
653,n21,0.0,0.0,0.0,0.0,0.0,0.0,14,0
654,o21,0.0,0.0,0.0,0.0,0.0,0.0,14,1
655,p21,0.0,0.0,0.0,0.0,0.0,0.0,14,2
656,q21,0.0,0.0,0.0,0.0,0.0,0.0,14,3
657,r21,0.0,0.0,0.0,0.0,0.0,0.0,14,5
658,s21,0.0,0.0,0.0,0.0,0.0,0.0,14,6
659,t21,0.0,0.0,0.0,0.0,0.0,0.0,14,7
660,u21,0.0,0.0,0.0,0.0,0.0,0.0,14,8
661,v21,0.0,0.0,0.0,0.0,0.0,0.0,14,9
662,w21,0.0,0.0,0.0,0.0,0.0,0.0,14,10
663,x21,0.0,0.0,0.0,0.0,0.0,0.0,14,11
664,y21,0.0,0.0,0.0,0.0,0.0,0.0,14,12
665,z21,0.0,0.0,0.0,0.0,0.0,0.0,14,14
666,aa21,0.0,0.0,0.0,0.0,0.0,0.0,14,15
667,ab21,0.0,0.0,0.0,0.0,0.0,0.0,14,16
668,ac21,0.0,0.0,0.0,0.0,0.0,0.0,14,17
669,ad21,0.0,0.0,0.0,0.0,0.0,0.0,14,18
670,ae21,0.0,0.0,0.0,0.0,0.0,0.0,14,19
671,af21,0.0,0.0,0.0,0.0,0.0,0.0,14,20
672,a22,0.0,0.0,0.0,0.0,0.0,0.0,15,21
673,b22,0.0,0.0,0.0,0.0,0.0,0.0,15,23
674,c22,0.0,0.0,0.0,0.0,0.0,0.0,15,24
675,d22,0.0,0.0,0.0,0.0,0.0,0.0,15,25
676,e22,0.0,0.0,0.0,0.0,0.0,0.0,15,26
677,f22,0.0,0.0,0.0,0.0,0.0,0.0,15,27
678,g22,0.0,0.0,0.0,0.0,0.0,0.0,15,28
679,h22,0.0,0.0,0.0,0.0,0.0,0.0,15,29
680,i22,0.0,0.0,0.0,0.0,0.0,0.0,15,30
681,j22,0.0,0.0,0.0,0.0,0.0,0.0,15,0
682,k22,0.0,0.0,0.0,0.0,0.0,0.0,15,1
683,l22,0.0,0.0,0.0,0.0,0.0,0.0,15,2
684,m22,0.0,0.0,0.0,0.0,0.0,0.0,15,3
685,n22,0.0,0.0,0.0,0.0,0.0,0.0,15,4
686,o22,0.0,0.0,0.0,0.0,0.0,0.0,15,5
687,p22,0.0,0.0,0.0,0.0,0.0,0.0,15,6
688,q22,0.0,0.0,0.0,0.0,0.0,0.0,15,7
689,r22,0.0,0.0,0.0,0.0,0.0,0.0,15,9
690,s22,0.0,0.0,0.0,0.0,0.0,0.0,15,10
691,t22,0.0,0.0,0.0,0.0,0.0,0.0,15,11
692,u22,0.0,0.0,0.0,0.0,0.0,0.0,15,12
693,v22,0.0,0.0,0.0,0.0,0.0,0.0,15,13
694,w22,0.0,0.0,0.0,0.0,0.0,0.0,15,14
695,x22,0.0,0.0,0.0,0.0,0.0,0.0,15,15
696,y22,0.0,0.0,0.0,0.0,0.0,0.0,15,16
697,z22,0.0,0.0,0.0,0.0,0.0,0.0,15,18
698,aa22,0.0,0.0,0.0,0.0,0.0,0.0,15,19
699,ab22,0.0,0.0,0.0,0.0,0.0,0.0,15,20
700,ac22,0.0,0.0,0.0,0.0,0.0,0.0,15,21
701,ad22,0.0,0.0,0.0,0.0,0.0,0.0,15,22
702,ae22,0.0,0.0,0.0,0.0,0.0,0.0,15,23
703,af22,0.0,0.0,0.0,0.0,0.0,0.0,15,24
704,a23,0.0,0.0,0.0,0.0,0.0,0.0,15,25
705,b23,0.0,0.0,0.0,0.0,0.0,0.0,15,27
706,c23,0.0,0.0,0.0,0.0,0.0,0.0,15,28
707,d23,0.0,0.0,0.0,0.0,0.0,0.0,15,29
708,e23,0.0,0.0,0.0,0.0,0.0,0.0,15,30
709,f23,0.0,0.0,0.0,0.0,0.0,0.0,15,31
710,g23,0.0,0.0,0.0,0.0,0.0,0.0,15,0
711,h23,0.0,0.0,0.0,0.0,0.0,0.0,15,1
712,i23,0.0,0.0,0.0,0.0,0.0,0.0,15,2
713,j23,0.0,0.0,0.0,0.0,0.0,0.0,15,4
714,k23,0.0,0.0,0.0,0.0,0.0,0.0,15,5
715,l23,0.0,0.0,0.0,0.0,0.0,0.0,15,6
716,m23,0.0,0.0,0.0,0.0,0.0,0.0,15,7
717,n23,0.0,0.0,0.0,0.0,0.0,0.0,15,8
718,o23,0.0,0.0,0.0,0.0,0.0,0.0,15,9
719,p23,0.0,0.0,0.0,0.0,0.0,0.0,15,10
720,q23,0.0,0.0,0.0,0.0,0.0,0.0,16,11
721,r23,0.0,0.0,0.0,0.0,0.0,0.0,16,13
722,s23,0.0,0.0,0.0,0.0,0.0,0.0,16,14
723,t23,0.0,0.0,0.0,0.0,0.0,0.0,16,15
724,u23,0.0,0.0,0.0,0.0,0.0,0.0,16,16
725,v23,0.0,0.0,0.0,0.0,0.0,0.0,16,17
726,w23,0.0,0.0,0.0,0.0,0.0,0.0,16,18
727,x23,0.0,0.0,0.0,0.0,0.0,0.0,16,19
728,y23,0.0,0.0,0.0,0.0,0.0,0.0,16,20
729,z23,0.0,0.0,0.0,0.0,0.0,0.0,16,22
730,aa23,0.0,0.0,0.0,0.0,0.0,0.0,16,23
731,ab23,0.0,0.0,0.0,0.0,0.0,0.0,16,24
732,ac23,0.0,0.0,0.0,0.0,0.0,0.0,16,25
733,ad23,0.0,0.0,0.0,0.0,0.0,0.0,16,26
734,ae23,0.0,0.0,0.0,0.0,0.0,0.0,16,27
735,af23,0.0,0.0,0.0,0.0,0.0,0.0,16,28
736,a24,0.0,0.0,0.0,0.0,0.0,0.0,16,29
737,b24,0.0,0.0,0.0,0.0,0.0,0.0,16,31
738,c24,0.0,0.0,0.0,0.0,0.0,0.0,16,0
739,d24,0.0,0.0,0.0,0.0,0.0,0.0,16,1
740,e24,0.0,0.0,0.0,0.0,0.0,0.0,16,2
741,f24,0.0,0.0,0.0,0.0,0.0,0.0,16,3
742,g24,0.0,0.0,0.0,0.0,0.0,0.0,16,4
743,h24,0.0,0.0,0.0,0.0,0.0,0.0,16,5
744,i24,0.0,0.0,0.0,0.0,0.0,0.0,16,6
745,j24,0.0,0.0,0.0,0.0,0.0,0.0,16,8
746,k24,0.0,0.0,0.0,0.0,0.0,0.0,16,9
747,l24,0.0,0.0,0.0,0.0,0.0,0.0,16,10
748,m24,0.0,0.0,0.0,0.0,0.0,0.0,16,11
749,n24,0.0,0.0,0.0,0.0,0.0,0.0,16,12
750,o24,0.0,0.0,0.0,0.0,0.0,0.0,16,13
751,p24,0.0,0.0,0.0,0.0,0.0,0.0,16,14
752,q24,0.0,0.0,0.0,0.0,0.0,0.0,16,15
753,r24,0.0,0.0,0.0,0.0,0.0,0.0,16,17
754,s24,0.0,0.0,0.0,0.0,0.0,0.0,16,18
755,t24,0.0,0.0,0.0,0.0,0.0,0.0,16,19
756,u24,0.0,0.0,0.0,0.0,0.0,0.0,16,20
757,v24,0.0,0.0,0.0,0.0,0.0,0.0,16,21
758,w24,0.0,0.0,0.0,0.0,0.0,0.0,16,22
759,x24,0.0,0.0,0.0,0.0,0.0,0.0,16,23
760,y24,0.0,0.0,0.0,0.0,0.0,0.0,16,24
761,z24,0.0,0.0,0.0,0.0,0.0,0.0,16,26
762,aa24,0.0,0.0,0.0,0.0,0.0,0.0,16,27
763,ab24,0.0,0.0,0.0,0.0,0.0,0.0,16,28
764,ac24,0.0,0.0,0.0,0.0,0.0,0.0,16,29
765,ad24,0.0,0.0,0.0,0.0,0.0,0.0,16,30
766,ae24,0.0,0.0,0.0,0.0,0.0,0.0,16,31
767,af24,0.0,0.0,0.0,0.0,0.0,0.0,16,0
768,a25,0.0,0.0,0.0,0.0,0.0,0.0,17,1
769,b25,0.0,0.0,0.0,0.0,0.0,0.0,17,3
770,c25,0.0,0.0,0.0,0.0,0.0,0.0,17,4
771,d25,0.0,0.0,0.0,0.0,0.0,0.0,17,5
772,e25,0.0,0.0,0.0,0.0,0.0,0.0,17,6
773,f25,0.0,0.0,0.0,0.0,0.0,0.0,17,7
774,g25,0.0,0.0,0.0,0.0,0.0,0.0,17,8
775,h25,0.0,0.0,0.0,0.0,0.0,0.0,17,9
776,i25,0.0,0.0,0.0,0.0,0.0,0.0,17,10
777,j25,0.0,0.0,0.0,0.0,0.0,0.0,17,12
778,k25,0.0,0.0,0.0,0.0,0.0,0.0,17,13
779,l25,0.0,0.0,0.0,0.0,0.0,0.0,17,14
780,m25,0.0,0.0,0.0,0.0,0.0,0.0,17,15
781,n25,0.0,0.0,0.0,0.0,0.0,0.0,17,16
782,o25,0.0,0.0,0.0,0.0,0.0,0.0,17,17
783,p25,0.0,0.0,0.0,0.0,0.0,0.0,17,18
784,q25,0.0,0.0,0.0,0.0,0.0,0.0,17,19
785,r25,0.0,0.0,0.0,0.0,0.0,0.0,17,21
786,s25,0.0,0.0,0.0,0.0,0.0,0.0,17,22
787,t25,0.0,0.0,0.0,0.0,0.0,0.0,17,23
788,u25,0.0,0.0,0.0,0.0,0.0,0.0,17,24
789,v25,0.0,0.0,0.0,0.0,0.0,0.0,17,25
790,w25,0.0,0.0,0.0,0.0,0.0,0.0,17,26
791,x25,0.0,0.0,0.0,0.0,0.0,0.0,17,27
792,y25,0.0,0.0,0.0,0.0,0.0,0.0,17,28
793,z25,0.0,0.0,0.0,0.0,0.0,0.0,17,30
794,aa25,0.0,0.0,0.0,0.0,0.0,0.0,17,31
795,ab25,0.0,0.0,0.0,0.0,0.0,0.0,17,0
796,ac25,0.0,0.0,0.0,0.0,0.0,0.0,17,1
797,ad25,0.0,0.0,0.0,0.0,0.0,0.0,17,2
798,ae25,0.0,0.0,0.0,0.0,0.0,0.0,17,3
799,af25,0.0,0.0,0.0,0.0,0.0,0.0,17,4
800,a26,0.0,0.0,0.0,0.0,0.0,0.0,17,5
801,b26,0.0,0.0,0.0,0.0,0.0,0.0,17,7
802,c26,0.0,0.0,0.0,0.0,0.0,0.0,17,8
803,d26,0.0,0.0,0.0,0.0,0.0,0.0,17,9
804,e26,0.0,0.0,0.0,0.0,0.0,0.0,17,10
805,f26,0.0,0.0,0.0,0.0,0.0,0.0,17,11
806,g26,0.0,0.0,0.0,0.0,0.0,0.0,17,12
807,h26,0.0,0.0,0.0,0.0,0.0,0.0,17,13
808,i26,0.0,0.0,0.0,0.0,0.0,0.0,17,14
809,j26,0.0,0.0,0.0,0.0,0.0,0.0,17,16
810,k26,0.0,0.0,0.0,0.0,0.0,0.0,17,17
811,l26,0.0,0.0,0.0,0.0,0.0,0.0,17,18
812,m26,0.0,0.0,0.0,0.0,0.0,0.0,17,19
813,n26,0.0,0.0,0.0,0.0,0.0,0.0,17,20
814,o26,0.0,0.0,0.0,0.0,0.0,0.0,17,21
815,p26,0.0,0.0,0.0,0.0,0.0,0.0,17,22
816,q26,0.0,0.0,0.0,0.0,0.0,0.0,18,23
817,r26,0.0,0.0,0.0,0.0,0.0,0.0,18,25
818,s26,0.0,0.0,0.0,0.0,0.0,0.0,18,26
819,t26,0.0,0.0,0.0,0.0,0.0,0.0,18,27
820,u26,0.0,0.0,0.0,0.0,0.0,0.0,18,28
821,v26,0.0,0.0,0.0,0.0,0.0,0.0,18,29
822,w26,0.0,0.0,0.0,0.0,0.0,0.0,18,30
823,x26,0.0,0.0,0.0,0.0,0.0,0.0,18,31
824,y26,0.0,0.0,0.0,0.0,0.0,0.0,18,0
825,z26,0.0,0.0,0.0,0.0,0.0,0.0,18,2
826,aa26,0.0,0.0,0.0,0.0,0.0,0.0,18,3
827,ab26,0.0,0.0,0.0,0.0,0.0,0.0,18,4
828,ac26,0.0,0.0,0.0,0.0,0.0,0.0,18,5
829,ad26,0.0,0.0,0.0,0.0,0.0,0.0,18,6
830,ae26,0.0,0.0,0.0,0.0,0.0,0.0,18,7
831,af26,0.0,0.0,0.0,0.0,0.0,0.0,18,8
832,a27,0.0,0.0,0.0,0.0,0.0,0.0,18,9
833,b27,0.0,0.0,0.0,0.0,0.0,0.0,18,11
834,c27,0.0,0.0,0.0,0.0,0.0,0.0,18,12
835,d27,0.0,0.0,0.0,0.0,0.0,0.0,18,13
836,e27,0.0,0.0,0.0,0.0,0.0,0.0,18,14
837,f27,0.0,0.0,0.0,0.0,0.0,0.0,18,15
838,g27,0.0,0.0,0.0,0.0,0.0,0.0,18,16
839,h27,0.0,0.0,0.0,0.0,0.0,0.0,18,17
840,i27,0.0,0.0,0.0,0.0,0.0,0.0,18,18
841,j27,0.0,0.0,0.0,0.0,0.0,0.0,18,20
842,k27,0.0,0.0,0.0,0.0,0.0,0.0,18,21
843,l27,0.0,0.0,0.0,0.0,0.0,0.0,18,22
844,m27,0.0,0.0,0.0,0.0,0.0,0.0,18,23
845,n27,0.0,0.0,0.0,0.0,0.0,0.0,18,24
846,o27,0.0,0.0,0.0,0.0,0.0,0.0,18,25
847,p27,0.0,0.0,0.0,0.0,0.0,0.0,18,26
848,q27,0.0,0.0,0.0,0.0,0.0,0.0,18,27
849,r27,0.0,0.0,0.0,0.0,0.0,0.0,18,29
850,s27,0.0,0.0,0.0,0.0,0.0,0.0,18,30
851,t27,0.0,0.0,0.0,0.0,0.0,0.0,18,31
852,u27,0.0,0.0,0.0,0.0,0.0,0.0,18,0
853,v27,0.0,0.0,0.0,0.0,0.0,0.0,18,1
854,w27,0.0,0.0,0.0,0.0,0.0,0.0,18,2
855,x27,0.0,0.0,0.0,0.0,0.0,0.0,18,3
856,y27,0.0,0.0,0.0,0.0,0.0,0.0,18,4
857,z27,0.0,0.0,0.0,0.0,0.0,0.0,18,6
858,aa27,0.0,0.0,0.0,0.0,0.0,0.0,18,7
859,ab27,0.0,0.0,0.0,0.0,0.0,0.0,18,8
860,ac27,0.0,0.0,0.0,0.0,0.0,0.0,18,9
861,ad27,0.0,0.0,0.0,0.0,0.0,0.0,18,10
862,ae27,0.0,0.0,0.0,0.0,0.0,0.0,18,11
863,af27,0.0,0.0,0.0,0.0,0.0,0.0,18,12
864,a28,0.0,0.0,0.0,0.0,0.0,0.0,19,13
865,b28,0.0,0.0,0.0,0.0,0.0,0.0,19,15
866,c28,0.0,0.0,0.0,0.0,0.0,0.0,19,16
867,d28,0.0,0.0,0.0,0.0,0.0,0.0,19,17
868,e28,0.0,0.0,0.0,0.0,0.0,0.0,19,18
869,f28,0.0,0.0,0.0,0.0,0.0,0.0,19,19
870,g28,0.0,0.0,0.0,0.0,0.0,0.0,19,20
871,h28,0.0,0.0,0.0,0.0,0.0,0.0,19,21
872,i28,0.0,0.0,0.0,0.0,0.0,0.0,19,22
873,j28,0.0,0.0,0.0,0.0,0.0,0.0,19,24
874,k28,0.0,0.0,0.0,0.0,0.0,0.0,19,25
875,l28,0.0,0.0,0.0,0.0,0.0,0.0,19,26
876,m28,0.0,0.0,0.0,0.0,0.0,0.0,19,27
877,n28,0.0,0.0,0.0,0.0,0.0,0.0,19,28
878,o28,0.0,0.0,0.0,0.0,0.0,0.0,19,29
879,p28,0.0,0.0,0.0,0.0,0.0,0.0,19,30
880,q28,0.0,0.0,0.0,0.0,0.0,0.0,19,31
881,r28,0.0,0.0,0.0,0.0,0.0,0.0,19,1
882,s28,0.0,0.0,0.0,0.0,0.0,0.0,19,2
883,t28,0.0,0.0,0.0,0.0,0.0,0.0,19,3
884,u28,0.0,0.0,0.0,0.0,0.0,0.0,19,4
885,v28,0.0,0.0,0.0,0.0,0.0,0.0,19,5
886,w28,0.0,0.0,0.0,0.0,0.0,0.0,19,7
887,x28,0.0,0.0,0.0,0.0,0.0,0.0,19,8
888,y28,0.0,0.0,0.0,0.0,0.0,0.0,19,9
889,z28,0.0,0.0,0.0,0.0,0.0,0.0,19,10
890,aa28,0.0,0.0,0.0,0.0,0.0,0.0,19,11
891,ab28,0.0,0.0,0.0,0.0,0.0,0.0,19,13
892,ac28,0.0,0.0,0.0,0.0,0.0,0.0,19,14
893,ad28,0.0,0.0,0.0,0.0,0.0,0.0,19,15
894,ae28,0.0,0.0,0.0,0.0,0.0,0.0,19,16
895,af28,0.0,0.0,0.0,0.0,0.0,0.0,19,17
896,a29,0.0,0.0,0.0,0.0,0.0,0.0,19,18
897,b29,0.0,0.0,0.0,0.0,0.0,0.0,19,19
898,c29,0.0,0.0,0.0,0.0,0.0,0.0,19,20
899,d29,0.0,0.0,0.0,0.0,0.0,0.0,19,21
900,e29,0.0,0.0,0.0,0.0,0.0,0.0,19,22
901,f29,0.0,0.0,0.0,0.0,0.0,0.0,19,23
902,g29,0.0,0.0,0.0,0.0,0.0,0.0,19,25
903,h29,0.0,0.0,0.0,0.0,0.0,0.0,19,26
904,i29,0.0,0.0,0.0,0.0,0.0,0.0,19,27
905,j29,0.0,0.0,0.0,0.0,0.0,0.0,19,28
906,k29,0.0,0.0,0.0,0.0,0.0,0.0,19,29
907,l29,0.0,0.0,0.0,0.0,0.0,0.0,19,30
908,m29,0.0,0.0,0.0,0.0,0.0,0.0,19,31
909,n29,0.0,0.0,0.0,0.0,0.0,0.0,19,0
910,o29,0.0,0.0,0.0,0.0,0.0,0.0,19,1
911,p29,0.0,0.0,0.0,0.0,0.0,0.0,19,2
912,q29,0.0,0.0,0.0,0.0,0.0,0.0,20,3
913,r29,0.0,0.0,0.0,0.0,0.0,0.0,20,5
914,s29,0.0,0.0,0.0,0.0,0.0,0.0,20,6
915,t29,0.0,0.0,0.0,0.0,0.0,0.0,20,7
916,u29,0.0,0.0,0.0,0.0,0.0,0.0,20,8
917,v29,0.0,0.0,0.0,0.0,0.0,0.0,20,9
918,w29,0.0,0.0,0.0,0.0,0.0,0.0,20,11
919,x29,0.0,0.0,0.0,0.0,0.0,0.0,20,12
920,y29,0.0,0.0,0.0,0.0,0.0,0.0,20,13
921,z29,0.0,0.0,0.0,0.0,0.0,0.0,20,14
922,aa29,0.0,0.0,0.0,0.0,0.0,0.0,20,15
923,ab29,0.0,0.0,0.0,0.0,0.0,0.0,20,17
924,ac29,0.0,0.0,0.0,0.0,0.0,0.0,20,18
925,ad29,0.0,0.0,0.0,0.0,0.0,0.0,20,19
926,ae29,0.0,0.0,0.0,0.0,0.0,0.0,20,20
927,af29,0.0,0.0,0.0,0.0,0.0,0.0,20,21
928,a30,0.0,0.0,0.0,0.0,0.0,0.0,20,22
929,b30,0.0,0.0,0.0,0.0,0.0,0.0,20,23
930,c30,0.0,0.0,0.0,0.0,0.0,0.0,20,24
931,d30,0.0,0.0,0.0,0.0,0.0,0.0,20,25
932,e30,0.0,0.0,0.0,0.0,0.0,0.0,20,26
933,f30,0.0,0.0,0.0,0.0,0.0,0.0,20,27
934,g30,0.0,0.0,0.0,0.0,0.0,0.0,20,29
935,h30,0.0,0.0,0.0,0.0,0.0,0.0,20,30
936,i30,0.0,0.0,0.0,0.0,0.0,0.0,20,31
937,j30,0.0,0.0,0.0,0.0,0.0,0.0,20,0
938,k30,0.0,0.0,0.0,0.0,0.0,0.0,20,1
939,l30,0.0,0.0,0.0,0.0,0.0,0.0,20,2
940,m30,0.0,0.0,0.0,0.0,0.0,0.0,20,3
941,n30,0.0,0.0,0.0,0.0,0.0,0.0,20,4
942,o30,0.0,0.0,0.0,0.0,0.0,0.0,20,5
943,p30,0.0,0.0,0.0,0.0,0.0,0.0,20,6
944,q30,0.0,0.0,0.0,0.0,0.0,0.0,20,7
945,r30,0.0,0.0,0.0,0.0,0.0,0.0,20,9
946,s30,0.0,0.0,0.0,0.0,0.0,0.0,20,10
947,t30,0.0,0.0,0.0,0.0,0.0,0.0,20,11
948,u30,0.0,0.0,0.0,0.0,0.0,0.0,20,12
949,v30,0.0,0.0,0.0,0.0,0.0,0.0,20,13
950,w30,0.0,0.0,0.0,0.0,0.0,0.0,20,15
951,x30,0.0,0.0,0.0,0.0,0.0,0.0,20,16
952,y30,0.0,0.0,0.0,0.0,0.0,0.0,20,17
953,z30,0.0,0.0,0.0,0.0,0.0,0.0,20,18
954,aa30,0.0,0.0,0.0,0.0,0.0,0.0,20,19
955,ab30,0.0,0.0,0.0,0.0,0.0,0.0,20,21
956,ac30,0.0,0.0,0.0,0.0,0.0,0.0,20,22
957,ad30,0.0,0.0,0.0,0.0,0.0,0.0,20,23
958,ae30,0.0,0.0,0.0,0.0,0.0,0.0,20,24
959,af30,0.0,0.0,0.0,0.0,0.0,0.0,20,25
960,a31,0.0,0.0,0.0,0.0,0.0,0.0,21,26
961,b31,0.0,0.0,0.0,0.0,0.0,0.0,21,27
962,c31,0.0,0.0,0.0,0.0,0.0,0.0,21,28
963,d31,0.0,0.0,0.0,0.0,0.0,0.0,21,29
964,e31,0.0,0.0,0.0,0.0,0.0,0.0,21,30
965,f31,0.0,0.0,0.0,0.0,0.0,0.0,21,31
966,g31,0.0,0.0,0.0,0.0,0.0,0.0,21,1
967,h31,0.0,0.0,0.0,0.0,0.0,0.0,21,2
968,i31,0.0,0.0,0.0,0.0,0.0,0.0,21,3
969,j31,0.0,0.0,0.0,0.0,0.0,0.0,21,4
970,k31,0.0,0.0,0.0,0.0,0.0,0.0,21,5
971,l31,0.0,0.0,0.0,0.0,0.0,0.0,21,6
972,m31,0.0,0.0,0.0,0.0,0.0,0.0,21,7
973,n31,0.0,0.0,0.0,0.0,0.0,0.0,21,8
974,o31,0.0,0.0,0.0,0.0,0.0,0.0,21,9
975,p31,0.0,0.0,0.0,0.0,0.0,0.0,21,10
976,q31,0.0,0.0,0.0,0.0,0.0,0.0,21,11
977,r31,0.0,0.0,0.0,0.0,0.0,0.0,21,13
978,s31,0.0,0.0,0.0,0.0,0.0,0.0,21,14
979,t31,0.0,0.0,0.0,0.0,0.0,0.0,21,15
980,u31,0.0,0.0,0.0,0.0,0.0,0.0,21,16
981,v31,0.0,0.0,0.0,0.0,0.0,0.0,21,17
982,w31,0.0,0.0,0.0,0.0,0.0,0.0,21,19
983,x31,0.0,0.0,0.0,0.0,0.0,0.0,21,20
984,y31,0.0,0.0,0.0,0.0,0.0,0.0,21,21
985,z31,0.0,0.0,0.0,0.0,0.0,0.0,21,22
986,aa31,0.0,0.0,0.0,0.0,0.0,0.0,21,23
987,ab31,0.0,0.0,0.0,0.0,0.0,0.0,21,25
988,ac31,0.0,0.0,0.0,0.0,0.0,0.0,21,26
989,ad31,0.0,0.0,0.0,0.0,0.0,0.0,21,27
990,ae31,0.0,0.0,0.0,0.0,0.0,0.0,21,28
991,af31,0.0,0.0,0.0,0.0,0.0,0.0,21,29
992,a32,0.0,0.0,0.0,0.0,0.0,0.0,21,30
993,b32,0.0,0.0,0.0,0.0,0.0,0.0,21,31
