,0,No. concs,Power,Substrate/nl,Vol/µl,[Prot]/µM,Source Well
0,a1,6.0,1.0,0.0,10.0,2.0,1
1,b1,12.0,1.0,100.0,10.0,2.0,1
2,c1,12.0,1.0,200.0,10.0,2.0,1
3,d1,12.0,1.0,302.5,10.0,2.0,1
4,e1,12.0,1.0,400.0,10.0,2.0,1
5,f1,6.0,4.0,500.0,10.0,2.0,1
6,g1,6.0,4.0,0.0,10.0,2.0,1
7,h1,12.0,1.0,47.5,10.0,2.0,1
8,i1,6.0,4.0,92.5,10.0,2.0,1
9,j1,6.0,4.0,137.5,10.0,2.0,1
10,k1,6.0,4.0,182.5,10.0,2.0,1
11,l1,6.0,1.0,227.5,10.0,2.0,1
12,m1,6.0,1.0,275.0,10.0,2.0,1
13,n1,6.0,1.0,320.0,10.0,2.0,1
14,o1,6.0,1.0,365.0,10.0,2.0,1
15,p1,6.0,4.0,410.0,10.0,2.0,1
16,q1,6.0,1.0,455.0,10.0,2.0,1
17,r1,12.0,1.0,500.0,10.0,2.0,1
18,s1,12.0,1.0,0.0,10.0,2.0,1
19,t1,12.0,4.0,2.5,10.0,2.0,1
20,u1,12.0,4.0,2.5,10.0,2.0,1
21,v1,12.0,4.0,5.0,10.0,2.0,1
22,w1,12.0,4.0,10.0,10.0,2.0,1
23,x1,12.0,4.0,22.5,10.0,2.0,1
24,y1,12.0,4.0,45.0,10.0,2.0,1
25,z1,12.0,1.0,82.5,10.0,2.0,1
26,aa1,12.0,4.0,140.0,10.0,2.0,1
27,ab1,12.0,4.0,225.0,10.0,2.0,1
28,ac1,12.0,4.0,342.5,10.0,2.0,1
29,ad1,12.0,1.0,500.0,10.0,2.0,1
30,ae1,12.0,1.0,0.0,10.0,2.0,1
31,af1,12.0,1.0,2.5,10.0,2.0,1
32,a2,12.0,1.0,2.5,10.0,2.0,1
33,b2,12.0,4.0,5.0,10.0,2.0,1
34,c2,6.0,1.0,10.0,10.0,2.0,1
35,d2,6.0,4.0,22.5,10.0,2.0,1
36,e2,6.0,4.0,45.0,10.0,2.0,1
37,f2,12.0,1.0,82.5,10.0,2.0,1
38,g2,12.0,1.0,140.0,10.0,2.0,1
39,h2,12.0,1.0,225.0,10.0,2.0,1
40,i2,12.0,4.0,342.5,10.0,2.0,1
41,j2,12.0,4.0,500.0,10.0,2.0,1
42,k2,12.0,4.0,0.0,10.0,2.0,1
43,l2,12.0,1.0,47.5,10.0,2.0,1
44,m2,12.0,4.0,92.5,10.0,2.0,1
45,n2,12.0,4.0,137.5,10.0,2.0,1
46,o2,12.0,4.0,182.5,10.0,2.0,1
47,p2,12.0,4.0,227.5,10.0,2.0,1
48,q2,12.0,4.0,275.0,10.0,2.0,2
49,r2,12.0,4.0,320.0,10.0,2.0,2
50,s2,12.0,4.0,365.0,10.0,2.0,2
51,t2,12.0,4.0,410.0,10.0,2.0,2
52,u2,12.0,1.0,455.0,10.0,2.0,2
53,v2,12.0,1.0,500.0,10.0,2.0,2
54,w2,12.0,1.0,0.0,10.0,2.0,2
55,x2,6.0,4.0,2.5,10.0,2.0,2
56,y2,6.0,4.0,15.0,10.0,2.0,2
57,z2,6.0,4.0,65.0,10.0,2.0,2
58,aa2,6.0,4.0,205.0,10.0,2.0,2
59,ab2,6.0,4.0,500.0,10.0,2.0,2
60,ac2,6.0,4.0,0.0,10.0,2.0,2
61,ad2,6.0,4.0,100.0,10.0,2.0,2
62,ae2,6.0,4.0,200.0,10.0,2.0,2
63,af2,6.0,4.0,302.5,10.0,2.0,2
64,a3,6.0,4.0,400.0,10.0,2.0,2
65,b3,12.0,1.0,500.0,10.0,2.0,2
66,c3,12.0,1.0,0.0,10.0,2.0,2
67,d3,12.0,1.0,100.0,10.0,2.0,2
68,e3,12.0,1.0,200.0,10.0,2.0,2
69,f3,12.0,1.0,302.5,10.0,2.0,2
70,g3,12.0,4.0,400.0,10.0,2.0,2
71,h3,12.0,4.0,500.0,10.0,2.0,2
72,i3,12.0,4.0,0.0,10.0,2.0,2
73,j3,6.0,1.0,2.5,10.0,2.0,2
74,k3,12.0,4.0,2.5,10.0,2.0,2
75,l3,12.0,4.0,5.0,10.0,2.0,2
76,m3,12.0,4.0,10.0,10.0,2.0,2
77,n3,12.0,4.0,22.5,10.0,2.0,2
78,o3,12.0,4.0,45.0,10.0,2.0,2
79,p3,12.0,4.0,82.5,10.0,2.0,2
80,q3,12.0,1.0,140.0,10.0,2.0,2
81,r3,12.0,4.0,225.0,10.0,2.0,2
82,s3,12.0,4.0,342.5,10.0,2.0,2
83,t3,12.0,4.0,500.0,10.0,2.0,2
84,u3,12.0,4.0,0.0,10.0,2.0,2
85,v3,12.0,4.0,47.5,10.0,2.0,2
86,w3,12.0,4.0,92.5,10.0,2.0,2
87,x3,12.0,4.0,137.5,10.0,2.0,2
88,y3,12.0,4.0,182.5,10.0,2.0,2
89,z3,12.0,4.0,227.5,10.0,2.0,2
90,aa3,12.0,1.0,275.0,10.0,2.0,2
91,ab3,12.0,1.0,320.0,10.0,2.0,2
92,ac3,6.0,1.0,365.0,10.0,2.0,2
93,ad3,6.0,1.0,410.0,10.0,2.0,2
94,ae3,6.0,1.0,455.0,10.0,2.0,2
95,af3,6.0,1.0,500.0,10.0,2.0,2
96,a4,6.0,1.0,0.0,10.0,2.0,3
97,b4,6.0,1.0,2.5,10.0,2.0,3
98,c4,12.0,1.0,15.0,10.0,2.0,3
99,d4,12.0,1.0,65.0,10.0,2.0,3
100,e4,12.0,1.0,205.0,10.0,2.0,3
101,f4,12.0,1.0,500.0,10.0,2.0,3
102,g4,12.0,1.0,0.0,10.0,2.0,3
103,h4,12.0,1.0,100.0,10.0,2.0,3
104,i4,12.0,1.0,200.0,10.0,2.0,3
105,j4,12.0,1.0,302.5,10.0,2.0,3
106,k4,12.0,1.0,400.0,10.0,2.0,3
107,l4,12.0,4.0,500.0,10.0,2.0,3
108,m4,12.0,4.0,0.0,10.0,2.0,3
109,n4,12.0,4.0,2.5,10.0,2.0,3
110,o4,6.0,4.0,15.0,10.0,2.0,3
111,p4,6.0,4.0,65.0,10.0,2.0,3
112,q4,6.0,4.0,205.0,10.0,2.0,3
113,r4,6.0,4.0,500.0,10.0,2.0,3
114,s4,6.0,1.0,0.0,10.0,2.0,3
115,t4,6.0,1.0,2.5,10.0,2.0,3
116,u4,6.0,4.0,15.0,10.0,2.0,3
117,v4,6.0,1.0,65.0,10.0,2.0,3
118,w4,6.0,1.0,205.0,10.0,2.0,3
119,x4,6.0,1.0,500.0,10.0,2.0,3
120,y4,6.0,1.0,0.0,10.0,2.0,3
121,z4,6.0,1.0,47.5,10.0,2.0,3
122,aa4,6.0,1.0,92.5,10.0,2.0,3
123,ab4,12.0,4.0,137.5,10.0,2.0,3
124,ac4,6.0,1.0,182.5,10.0,2.0,3
125,ad4,12.0,1.0,227.5,10.0,2.0,3
126,ae4,6.0,4.0,275.0,10.0,2.0,3
127,af4,6.0,1.0,320.0,10.0,2.0,3
128,a5,12.0,4.0,365.0,10.0,2.0,3
129,b5,12.0,1.0,410.0,10.0,2.0,3
130,c5,12.0,4.0,455.0,10.0,2.0,3
131,d5,12.0,4.0,500.0,10.0,2.0,3
132,e5,12.0,4.0,0.0,10.0,2.0,3
133,f5,12.0,1.0,2.5,10.0,2.0,3
134,g5,12.0,1.0,2.5,10.0,2.0,3
135,h5,12.0,1.0,5.0,10.0,2.0,3
136,i5,12.0,4.0,10.0,10.0,2.0,3
137,j5,12.0,1.0,22.5,10.0,2.0,3
138,k5,12.0,1.0,45.0,10.0,2.0,3
139,l5,12.0,1.0,82.5,10.0,2.0,3
140,m5,12.0,1.0,140.0,10.0,2.0,3
141,n5,12.0,1.0,225.0,10.0,2.0,3
142,o5,12.0,1.0,342.5,10.0,2.0,3
143,p5,12.0,1.0,500.0,10.0,2.0,3
144,q5,0.0,0.0,0.0,0.0,0.0,4
145,r5,0.0,0.0,0.0,0.0,0.0,4
146,s5,0.0,0.0,0.0,0.0,0.0,4
147,t5,0.0,0.0,0.0,0.0,0.0,4
148,u5,0.0,0.0,0.0,0.0,0.0,4
149,v5,0.0,0.0,0.0,0.0,0.0,4
150,w5,0.0,0.0,0.0,0.0,0.0,4
151,x5,0.0,0.0,0.0,0.0,0.0,4
152,y5,0.0,0.0,0.0,0.0,0.0,4
153,z5,0.0,0.0,0.0,0.0,0.0,4
154,aa5,0.0,0.0,0.0,0.0,0.0,4
155,ab5,0.0,0.0,0.0,0.0,0.0,4
156,ac5,0.0,0.0,0.0,0.0,0.0,4
157,ad5,0.0,0.0,0.0,0.0,0.0,4
158,ae5,0.0,0.0,0.0,0.0,0.0,4
159,af5,0.0,0.0,0.0,0.0,0.0,4
160,a6,9.0,2.5,0.0,10.0,6.0,4
161,b6,9.0,2.5,5.0,10.0,6.0,4
162,c6,9.0,2.5,17.5,10.0,6.0,4
163,d6,9.0,2.5,45.0,10.0,6.0,4
164,e6,9.0,2.5,90.0,10.0,6.0,4
165,f6,9.0,2.5,155.0,10.0,6.0,4
166,g6,9.0,2.5,245.0,10.0,6.0,4
167,h6,9.0,2.5,360.0,10.0,6.0,4
168,i6,9.0,2.5,500.0,10.0,6.0,4
169,j6,9.0,2.5,0.0,10.0,6.0,4
170,k6,9.0,2.5,5.0,10.0,6.0,4
171,l6,9.0,2.5,17.5,10.0,6.0,4
172,m6,9.0,2.5,45.0,10.0,6.0,4
173,n6,9.0,2.5,90.0,10.0,6.0,4
174,o6,9.0,2.5,155.0,10.0,6.0,4
175,p6,9.0,2.5,245.0,10.0,6.0,4
176,q6,9.0,2.5,360.0,10.0,6.0,4
177,r6,9.0,2.5,500.0,10.0,6.0,4
178,s6,9.0,2.5,0.0,10.0,6.0,4
179,t6,9.0,2.5,5.0,10.0,6.0,4
180,u6,9.0,2.5,17.5,10.0,6.0,4
181,v6,9.0,2.5,45.0,10.0,6.0,4
182,w6,9.0,2.5,90.0,10.0,6.0,4
183,x6,9.0,2.5,155.0,10.0,6.0,4
184,y6,9.0,2.5,245.0,10.0,6.0,4
185,z6,9.0,2.5,360.0,10.0,6.0,4
186,aa6,9.0,2.5,500.0,10.0,6.0,4
187,ab6,9.0,2.5,0.0,10.0,6.0,4
188,ac6,9.0,2.5,5.0,10.0,6.0,4
189,ad6,9.0,2.5,17.5,10.0,6.0,4
190,ae6,9.0,2.5,45.0,10.0,6.0,4
191,af6,9.0,2.5,90.0,10.0,6.0,4
192,a7,9.0,2.5,155.0,10.0,6.0,5
193,b7,9.0,2.5,245.0,10.0,6.0,5
194,c7,9.0,2.5,360.0,10.0,6.0,5
195,d7,9.0,2.5,500.0,10.0,6.0,5
196,e7,9.0,2.5,0.0,10.0,6.0,5
197,f7,9.0,2.5,5.0,10.0,6.0,5
198,g7,9.0,2.5,17.5,10.0,6.0,5
199,h7,9.0,2.5,45.0,10.0,6.0,5
200,i7,9.0,2.5,90.0,10.0,6.0,5
201,j7,9.0,2.5,155.0,10.0,6.0,5
202,k7,9.0,2.5,245.0,10.0,6.0,5
203,l7,9.0,2.5,360.0,10.0,6.0,5
204,m7,9.0,2.5,500.0,10.0,6.0,5
205,n7,9.0,2.5,0.0,10.0,6.0,5
206,o7,9.0,2.5,5.0,10.0,6.0,5
207,p7,9.0,2.5,17.5,10.0,6.0,5
208,q7,9.0,2.5,45.0,10.0,6.0,5
209,r7,9.0,2.5,90.0,10.0,6.0,5
210,s7,9.0,2.5,155.0,10.0,6.0,5
211,t7,9.0,2.5,245.0,10.0,6.0,5
212,u7,9.0,2.5,360.0,10.0,6.0,5
213,v7,9.0,2.5,500.0,10.0,6.0,5
214,w7,9.0,2.5,0.0,10.0,6.0,5
215,x7,9.0,2.5,5.0,10.0,6.0,5
216,y7,9.0,2.5,17.5,10.0,6.0,5
217,z7,9.0,2.5,45.0,10.0,6.0,5
218,aa7,9.0,2.5,90.0,10.0,6.0,5
219,ab7,9.0,2.5,155.0,10.0,6.0,5
220,ac7,9.0,2.5,245.0,10.0,6.0,5
221,ad7,9.0,2.5,360.0,10.0,6.0,5
222,ae7,9.0,2.5,500.0,10.0,6.0,5
223,af7,9.0,2.5,0.0,10.0,6.0,5
224,a8,9.0,2.5,5.0,10.0,6.0,5
225,b8,9.0,2.5,17.5,10.0,6.0,5
226,c8,9.0,2.5,45.0,10.0,6.0,5
227,d8,9.0,2.5,90.0,10.0,6.0,5
228,e8,9.0,2.5,155.0,10.0,6.0,5
229,f8,9.0,2.5,245.0,10.0,6.0,5
230,g8,9.0,2.5,360.0,10.0,6.0,5
231,h8,9.0,2.5,500.0,10.0,6.0,5
232,i8,9.0,2.5,0.0,10.0,6.0,5
233,j8,9.0,2.5,5.0,10.0,6.0,5
234,k8,9.0,2.5,17.5,10.0,6.0,5
235,l8,9.0,2.5,45.0,10.0,6.0,5
236,m8,9.0,2.5,90.0,10.0,6.0,5
237,n8,9.0,2.5,155.0,10.0,6.0,5
238,o8,9.0,2.5,245.0,10.0,6.0,5
239,p8,9.0,2.5,360.0,10.0,6.0,5
240,q8,9.0,2.5,500.0,10.0,6.0,6
241,r8,9.0,2.5,0.0,10.0,6.0,6
242,s8,9.0,2.5,5.0,10.0,6.0,6
243,t8,9.0,2.5,17.5,10.0,6.0,6
244,u8,9.0,2.5,45.0,10.0,6.0,6
245,v8,9.0,2.5,90.0,10.0,6.0,6
246,w8,9.0,2.5,155.0,10.0,6.0,6
247,x8,9.0,2.5,245.0,10.0,6.0,6
248,y8,9.0,2.5,360.0,10.0,6.0,6
249,z8,9.0,2.5,500.0,10.0,6.0,6
250,aa8,9.0,2.5,0.0,10.0,6.0,6
251,ab8,9.0,2.5,5.0,10.0,6.0,6
252,ac8,9.0,2.5,17.5,10.0,6.0,6
253,ad8,9.0,2.5,45.0,10.0,6.0,6
254,ae8,9.0,2.5,90.0,10.0,6.0,6
255,af8,9.0,2.5,155.0,10.0,6.0,6
256,a9,9.0,2.5,245.0,10.0,6.0,6
257,b9,9.0,2.5,360.0,10.0,6.0,6
258,c9,9.0,2.5,500.0,10.0,6.0,6
259,d9,9.0,2.5,0.0,10.0,6.0,6
260,e9,9.0,2.5,5.0,10.0,6.0,6
261,f9,9.0,2.5,17.5,10.0,6.0,6
262,g9,9.0,2.5,45.0,10.0,6.0,6
263,h9,9.0,2.5,90.0,10.0,6.0,6
264,i9,9.0,2.5,155.0,10.0,6.0,6
265,j9,9.0,2.5,245.0,10.0,6.0,6
266,k9,9.0,2.5,360.0,10.0,6.0,6
267,l9,9.0,2.5,500.0,10.0,6.0,6
268,m9,9.0,2.5,0.0,10.0,6.0,6
269,n9,9.0,2.5,5.0,10.0,6.0,6
270,o9,9.0,2.5,17.5,10.0,6.0,6
271,p9,9.0,2.5,45.0,10.0,6.0,6
272,q9,9.0,2.5,90.0,10.0,6.0,6
273,r9,9.0,2.5,155.0,10.0,6.0,6
274,s9,9.0,2.5,245.0,10.0,6.0,6
275,t9,9.0,2.5,360.0,10.0,6.0,6
276,u9,9.0,2.5,500.0,10.0,6.0,6
277,v9,9.0,2.5,0.0,10.0,6.0,6
278,w9,9.0,2.5,5.0,10.0,6.0,6
279,x9,9.0,2.5,17.5,10.0,6.0,6
280,y9,9.0,2.5,45.0,10.0,6.0,6
281,z9,9.0,2.5,90.0,10.0,6.0,6
282,aa9,9.0,2.5,155.0,10.0,6.0,6
283,ab9,9.0,2.5,245.0,10.0,6.0,6
284,ac9,9.0,2.5,360.0,10.0,6.0,6
285,ad9,9.0,2.5,500.0,10.0,6.0,6
286,ae9,9.0,2.5,0.0,10.0,6.0,6
287,af9,9.0,2.5,5.0,10.0,6.0,6
288,a10,9.0,2.5,17.5,10.0,6.0,7
289,b10,9.0,2.5,45.0,10.0,6.0,7
290,c10,9.0,2.5,90.0,10.0,6.0,7
291,d10,9.0,2.5,155.0,10.0,6.0,7
292,e10,9.0,2.5,245.0,10.0,6.0,7
293,f10,9.0,2.5,360.0,10.0,6.0,7
294,g10,9.0,2.5,500.0,10.0,6.0,7
295,h10,9.0,2.5,0.0,10.0,6.0,7
296,i10,9.0,2.5,5.0,10.0,6.0,7
297,j10,9.0,2.5,17.5,10.0,6.0,7
298,k10,9.0,2.5,45.0,10.0,6.0,7
299,l10,9.0,2.5,90.0,10.0,6.0,7
300,m10,9.0,2.5,155.0,10.0,6.0,7
301,n10,9.0,2.5,245.0,10.0,6.0,7
302,o10,9.0,2.5,360.0,10.0,6.0,7
303,p10,9.0,2.5,500.0,10.0,6.0,7
304,q10,9.0,2.5,0.0,10.0,6.0,7
305,r10,9.0,2.5,5.0,10.0,6.0,7
306,s10,9.0,2.5,17.5,10.0,6.0,7
307,t10,9.0,2.5,45.0,10.0,6.0,7
308,u10,9.0,2.5,90.0,10.0,6.0,7
309,v10,9.0,2.5,155.0,10.0,6.0,7
310,w10,9.0,2.5,245.0,10.0,6.0,7
311,x10,9.0,2.5,360.0,10.0,6.0,7
312,y10,9.0,2.5,500.0,10.0,6.0,7
313,z10,9.0,2.5,0.0,10.0,6.0,7
314,aa10,9.0,2.5,5.0,10.0,6.0,7
315,ab10,9.0,2.5,17.5,10.0,6.0,7
316,ac10,9.0,2.5,45.0,10.0,6.0,7
317,ad10,9.0,2.5,90.0,10.0,6.0,7
318,ae10,9.0,2.5,155.0,10.0,6.0,7
319,af10,9.0,2.5,245.0,10.0,6.0,7
320,a11,9.0,2.5,360.0,10.0,6.0,7
321,b11,9.0,2.5,500.0,10.0,6.0,7
322,c11,9.0,2.5,0.0,10.0,6.0,7
323,d11,9.0,2.5,5.0,10.0,6.0,7
324,e11,9.0,2.5,17.5,10.0,6.0,7
325,f11,9.0,2.5,45.0,10.0,6.0,7
326,g11,9.0,2.5,90.0,10.0,6.0,7
327,h11,9.0,2.5,155.0,10.0,6.0,7
328,i11,9.0,2.5,245.0,10.0,6.0,7
329,j11,9.0,2.5,360.0,10.0,6.0,7
330,k11,9.0,2.5,500.0,10.0,6.0,7
331,l11,9.0,2.5,0.0,10.0,6.0,7
332,m11,9.0,2.5,5.0,10.0,6.0,7
333,n11,9.0,2.5,17.5,10.0,6.0,7
334,o11,9.0,2.5,45.0,10.0,6.0,7
335,p11,9.0,2.5,90.0,10.0,6.0,7
336,q11,9.0,2.5,155.0,10.0,6.0,8
337,r11,9.0,2.5,245.0,10.0,6.0,8
338,s11,9.0,2.5,360.0,10.0,6.0,8
339,t11,9.0,2.5,500.0,10.0,6.0,8
340,u11,9.0,2.5,0.0,10.0,6.0,8
341,v11,9.0,2.5,5.0,10.0,6.0,8
342,w11,9.0,2.5,17.5,10.0,6.0,8
343,x11,9.0,2.5,45.0,10.0,6.0,8
344,y11,9.0,2.5,90.0,10.0,6.0,8
345,z11,9.0,2.5,155.0,10.0,6.0,8
346,aa11,9.0,2.5,245.0,10.0,6.0,8
347,ab11,9.0,2.5,360.0,10.0,6.0,8
348,ac11,9.0,2.5,500.0,10.0,6.0,8
349,ad11,9.0,2.5,0.0,10.0,6.0,8
350,ae11,9.0,2.5,5.0,10.0,6.0,8
351,af11,9.0,2.5,17.5,10.0,6.0,8
352,a12,9.0,2.5,45.0,10.0,6.0,8
353,b12,9.0,2.5,90.0,10.0,6.0,8
354,c12,9.0,2.5,155.0,10.0,6.0,8
355,d12,9.0,2.5,245.0,10.0,6.0,8
356,e12,9.0,2.5,360.0,10.0,6.0,8
357,f12,9.0,2.5,500.0,10.0,6.0,8
358,g12,9.0,2.5,0.0,10.0,6.0,8
359,h12,9.0,2.5,5.0,10.0,6.0,8
360,i12,9.0,2.5,17.5,10.0,6.0,8
361,j12,9.0,2.5,45.0,10.0,6.0,8
362,k12,9.0,2.5,90.0,10.0,6.0,8
363,l12,9.0,2.5,155.0,10.0,6.0,8
364,m12,9.0,2.5,245.0,10.0,6.0,8
365,n12,9.0,2.5,360.0,10.0,6.0,8
366,o12,9.0,2.5,500.0,10.0,6.0,8
367,p12,9.0,2.5,0.0,10.0,6.0,8
368,q12,9.0,2.5,5.0,10.0,6.0,8
369,r12,9.0,2.5,17.5,10.0,6.0,8
370,s12,9.0,2.5,45.0,10.0,6.0,8
371,t12,9.0,2.5,90.0,10.0,6.0,8
372,u12,9.0,2.5,155.0,10.0,6.0,8
373,v12,9.0,2.5,245.0,10.0,6.0,8
374,w12,9.0,2.5,360.0,10.0,6.0,8
375,x12,9.0,2.5,500.0,10.0,6.0,8
376,y12,9.0,2.5,0.0,10.0,6.0,8
377,z12,9.0,2.5,5.0,10.0,6.0,8
378,aa12,9.0,2.5,17.5,10.0,6.0,8
379,ab12,9.0,2.5,45.0,10.0,6.0,8
380,ac12,9.0,2.5,90.0,10.0,6.0,8
381,ad12,9.0,2.5,155.0,10.0,6.0,8
382,ae12,9.0,2.5,245.0,10.0,6.0,8
383,af12,9.0,2.5,360.0,10.0,6.0,8
384,a13,9.0,2.5,500.0,10.0,6.0,9
385,b13,9.0,2.5,0.0,10.0,6.0,9
386,c13,9.0,2.5,5.0,10.0,6.0,9
387,d13,9.0,2.5,17.5,10.0,6.0,9
388,e13,9.0,2.5,45.0,10.0,6.0,9
389,f13,9.0,2.5,90.0,10.0,6.0,9
390,g13,9.0,2.5,155.0,10.0,6.0,9
391,h13,9.0,2.5,245.0,10.0,6.0,9
392,i13,9.0,2.5,360.0,10.0,6.0,9
393,j13,9.0,2.5,500.0,10.0,6.0,9
394,k13,9.0,2.5,0.0,10.0,6.0,9
395,l13,9.0,2.5,5.0,10.0,6.0,9
396,m13,9.0,2.5,17.5,10.0,6.0,9
397,n13,9.0,2.5,45.0,10.0,6.0,9
398,o13,9.0,2.5,90.0,10.0,6.0,9
399,p13,9.0,2.5,155.0,10.0,6.0,9
400,q13,9.0,2.5,245.0,10.0,6.0,9
401,r13,9.0,2.5,360.0,10.0,6.0,9
402,s13,9.0,2.5,500.0,10.0,6.0,9
403,t13,9.0,2.5,0.0,10.0,6.0,9
404,u13,9.0,2.5,5.0,10.0,6.0,9
405,v13,9.0,2.5,17.5,10.0,6.0,9
406,w13,9.0,2.5,45.0,10.0,6.0,9
407,x13,9.0,2.5,90.0,10.0,6.0,9
408,y13,9.0,2.5,155.0,10.0,6.0,9
409,z13,9.0,2.5,245.0,10.0,6.0,9
410,aa13,9.0,2.5,360.0,10.0,6.0,9
411,ab13,9.0,2.5,500.0,10.0,6.0,9
412,ac13,9.0,2.5,0.0,10.0,6.0,9
413,ad13,9.0,2.5,5.0,10.0,6.0,9
414,ae13,9.0,2.5,17.5,10.0,6.0,9
415,af13,9.0,2.5,45.0,10.0,6.0,9
416,a14,9.0,2.5,90.0,10.0,6.0,9
417,b14,9.0,2.5,155.0,10.0,6.0,9
418,c14,9.0,2.5,245.0,10.0,6.0,9
419,d14,9.0,2.5,360.0,10.0,6.0,9
420,e14,9.0,2.5,500.0,10.0,6.0,9
421,f14,9.0,2.5,0.0,10.0,6.0,9
422,g14,9.0,2.5,5.0,10.0,6.0,9
423,h14,9.0,2.5,17.5,10.0,6.0,9
424,i14,9.0,2.5,45.0,10.0,6.0,9
425,j14,9.0,2.5,90.0,10.0,6.0,9
426,k14,9.0,2.5,155.0,10.0,6.0,9
427,l14,9.0,2.5,245.0,10.0,6.0,9
428,m14,9.0,2.5,360.0,10.0,6.0,9
429,n14,9.0,2.5,500.0,10.0,6.0,9
430,o14,9.0,2.5,0.0,10.0,6.0,9
431,p14,9.0,2.5,5.0,10.0,6.0,9
432,q14,9.0,2.5,17.5,10.0,6.0,10
433,r14,9.0,2.5,45.0,10.0,6.0,10
434,s14,9.0,2.5,90.0,10.0,6.0,10
435,t14,9.0,2.5,155.0,10.0,6.0,10
436,u14,9.0,2.5,245.0,10.0,6.0,10
437,v14,9.0,2.5,360.0,10.0,6.0,10
438,w14,9.0,2.5,500.0,10.0,6.0,10
439,x14,9.0,2.5,0.0,10.0,6.0,10
440,y14,9.0,2.5,5.0,10.0,6.0,10
441,z14,9.0,2.5,17.5,10.0,6.0,10
442,aa14,9.0,2.5,45.0,10.0,6.0,10
443,ab14,9.0,2.5,90.0,10.0,6.0,10
444,ac14,9.0,2.5,155.0,10.0,6.0,10
445,ad14,9.0,2.5,245.0,10.0,6.0,10
446,ae14,9.0,2.5,360.0,10.0,6.0,10
447,af14,9.0,2.5,500.0,10.0,6.0,10
448,a15,12.0,1.0,0.0,10.0,10.0,10
449,b15,12.0,4.0,2.5,10.0,10.0,10
450,c15,12.0,4.0,15.0,10.0,10.0,10
451,d15,12.0,4.0,65.0,10.0,10.0,10
452,e15,12.0,4.0,205.0,10.0,10.0,10
453,f15,12.0,4.0,500.0,10.0,10.0,10
454,g15,12.0,1.0,0.0,10.0,10.0,10
455,h15,6.0,4.0,100.0,10.0,10.0,10
456,i15,12.0,1.0,200.0,10.0,10.0,10
457,j15,12.0,1.0,302.5,10.0,10.0,10
458,k15,12.0,1.0,400.0,10.0,10.0,10
459,l15,12.0,1.0,500.0,10.0,10.0,10
460,m15,12.0,1.0,0.0,10.0,10.0,10
461,n15,12.0,1.0,2.5,10.0,10.0,10
462,o15,12.0,1.0,2.5,10.0,10.0,10
463,p15,12.0,4.0,5.0,10.0,10.0,10
464,q15,6.0,4.0,10.0,10.0,10.0,10
465,r15,12.0,4.0,22.5,10.0,10.0,10
466,s15,12.0,1.0,45.0,10.0,10.0,10
467,t15,6.0,4.0,82.5,10.0,10.0,10
468,u15,6.0,4.0,140.0,10.0,10.0,10
469,v15,6.0,4.0,225.0,10.0,10.0,10
470,w15,6.0,4.0,342.5,10.0,10.0,10
471,x15,6.0,1.0,500.0,10.0,10.0,10
472,y15,6.0,1.0,0.0,10.0,10.0,10
473,z15,6.0,1.0,47.5,10.0,10.0,10
474,aa15,6.0,1.0,92.5,10.0,10.0,10
475,ab15,6.0,1.0,137.5,10.0,10.0,10
476,ac15,6.0,1.0,182.5,10.0,10.0,10
477,ad15,12.0,4.0,227.5,10.0,10.0,10
478,ae15,12.0,4.0,275.0,10.0,10.0,10
479,af15,12.0,4.0,320.0,10.0,10.0,10
480,a16,12.0,4.0,365.0,10.0,10.0,11
481,b16,12.0,4.0,410.0,10.0,10.0,11
482,c16,12.0,1.0,455.0,10.0,10.0,11
483,d16,12.0,4.0,500.0,10.0,10.0,11
484,e16,6.0,4.0,0.0,10.0,10.0,11
485,f16,12.0,4.0,2.5,10.0,10.0,11
486,g16,12.0,4.0,15.0,10.0,10.0,11
487,h16,12.0,4.0,65.0,10.0,10.0,11
488,i16,12.0,4.0,205.0,10.0,10.0,11
489,j16,12.0,4.0,500.0,10.0,10.0,11
490,k16,12.0,4.0,0.0,10.0,10.0,11
491,l16,12.0,4.0,100.0,10.0,10.0,11
492,m16,12.0,4.0,200.0,10.0,10.0,11
493,n16,12.0,4.0,302.5,10.0,10.0,11
494,o16,12.0,4.0,400.0,10.0,10.0,11
495,p16,12.0,4.0,500.0,10.0,10.0,11
496,q16,12.0,4.0,0.0,10.0,10.0,11
497,r16,12.0,4.0,47.5,10.0,10.0,11
498,s16,12.0,4.0,92.5,10.0,10.0,11
499,t16,12.0,4.0,137.5,10.0,10.0,11
500,u16,12.0,1.0,182.5,10.0,10.0,11
501,v16,12.0,4.0,227.5,10.0,10.0,11
502,w16,12.0,4.0,275.0,10.0,10.0,11
503,x16,6.0,4.0,320.0,10.0,10.0,11
504,y16,6.0,4.0,365.0,10.0,10.0,11
505,z16,6.0,4.0,410.0,10.0,10.0,11
506,aa16,6.0,4.0,455.0,10.0,10.0,11
507,ab16,6.0,4.0,500.0,10.0,10.0,11
508,ac16,6.0,1.0,0.0,10.0,10.0,11
509,ad16,12.0,4.0,47.5,10.0,10.0,11
510,ae16,6.0,1.0,92.5,10.0,10.0,11
511,af16,6.0,1.0,137.5,10.0,10.0,11
512,a17,6.0,1.0,182.5,10.0,10.0,11
513,b17,6.0,1.0,227.5,10.0,10.0,11
514,c17,12.0,4.0,275.0,10.0,10.0,11
515,d17,12.0,4.0,320.0,10.0,10.0,11
516,e17,12.0,4.0,365.0,10.0,10.0,11
517,f17,6.0,1.0,410.0,10.0,10.0,11
518,g17,12.0,1.0,455.0,10.0,10.0,11
519,h17,6.0,4.0,500.0,10.0,10.0,11
520,i17,12.0,1.0,0.0,10.0,10.0,11
521,j17,12.0,4.0,2.5,10.0,10.0,11
522,k17,12.0,4.0,15.0,10.0,10.0,11
523,l17,12.0,4.0,65.0,10.0,10.0,11
524,m17,12.0,4.0,205.0,10.0,10.0,11
525,n17,12.0,4.0,500.0,10.0,10.0,11
526,o17,12.0,4.0,0.0,10.0,10.0,11
527,p17,12.0,4.0,100.0,10.0,10.0,11
528,q17,12.0,1.0,200.0,10.0,10.0,12
529,r17,12.0,1.0,302.5,10.0,10.0,12
530,s17,12.0,1.0,400.0,10.0,10.0,12
531,t17,12.0,1.0,500.0,10.0,10.0,12
532,u17,12.0,1.0,0.0,10.0,10.0,12
533,v17,12.0,1.0,2.5,10.0,10.0,12
534,w17,12.0,1.0,2.5,10.0,10.0,12
535,x17,12.0,1.0,5.0,10.0,10.0,12
536,y17,12.0,1.0,10.0,10.0,10.0,12
537,z17,12.0,4.0,22.5,10.0,10.0,12
538,aa17,12.0,4.0,45.0,10.0,10.0,12
539,ab17,12.0,4.0,82.5,10.0,10.0,12
540,ac17,6.0,4.0,140.0,10.0,10.0,12
541,ad17,6.0,4.0,225.0,10.0,10.0,12
542,ae17,6.0,4.0,342.5,10.0,10.0,12
543,af17,6.0,4.0,500.0,10.0,10.0,12
544,a18,6.0,4.0,0.0,10.0,10.0,12
545,b18,12.0,4.0,47.5,10.0,10.0,12
546,c18,6.0,1.0,92.5,10.0,10.0,12
547,d18,6.0,1.0,137.5,10.0,10.0,12
548,e18,6.0,1.0,182.5,10.0,10.0,12
549,f18,6.0,1.0,227.5,10.0,10.0,12
550,g18,6.0,1.0,275.0,10.0,10.0,12
551,h18,12.0,4.0,320.0,10.0,10.0,12
552,i18,12.0,4.0,365.0,10.0,10.0,12
553,j18,6.0,1.0,410.0,10.0,10.0,12
554,k18,12.0,1.0,455.0,10.0,10.0,12
555,l18,12.0,1.0,500.0,10.0,10.0,12
556,m18,12.0,1.0,0.0,10.0,10.0,12
557,n18,12.0,1.0,2.5,10.0,10.0,12
558,o18,12.0,1.0,15.0,10.0,10.0,12
559,p18,12.0,1.0,65.0,10.0,10.0,12
560,q18,12.0,1.0,205.0,10.0,10.0,12
561,r18,12.0,1.0,500.0,10.0,10.0,12
562,s18,12.0,1.0,0.0,10.0,10.0,12
563,t18,12.0,1.0,100.0,10.0,10.0,12
564,u18,12.0,1.0,200.0,10.0,10.0,12
565,v18,12.0,1.0,302.5,10.0,10.0,12
566,w18,12.0,1.0,400.0,10.0,10.0,12
567,x18,12.0,1.0,500.0,10.0,10.0,12
568,y18,12.0,1.0,0.0,10.0,10.0,12
569,z18,12.0,1.0,2.5,10.0,10.0,12
570,aa18,12.0,1.0,2.5,10.0,10.0,12
571,ab18,12.0,1.0,5.0,10.0,10.0,12
572,ac18,12.0,1.0,10.0,10.0,10.0,12
573,ad18,12.0,1.0,22.5,10.0,10.0,12
574,ae18,12.0,1.0,45.0,10.0,10.0,12
575,af18,6.0,4.0,82.5,10.0,10.0,12
576,a1,6.0,1.0,0.0,10.0,2.0,1
577,b1,12.0,1.0,100.0,10.0,2.0,1
578,c1,12.0,1.0,200.0,10.0,2.0,1
579,d1,12.0,1.0,302.5,10.0,2.0,1
580,e1,12.0,1.0,400.0,10.0,2.0,1
581,f1,6.0,4.0,500.0,10.0,2.0,1
582,g1,6.0,4.0,0.0,10.0,2.0,1
583,h1,12.0,1.0,47.5,10.0,2.0,1
584,i1,6.0,4.0,92.5,10.0,2.0,1
585,j1,6.0,4.0,137.5,10.0,2.0,1
586,k1,6.0,4.0,182.5,10.0,2.0,1
587,l1,6.0,1.0,227.5,10.0,2.0,1
588,m1,6.0,1.0,275.0,10.0,2.0,1
589,n1,6.0,1.0,320.0,10.0,2.0,1
590,o1,6.0,1.0,365.0,10.0,2.0,1
591,p1,6.0,4.0,410.0,10.0,2.0,1
592,q1,6.0,1.0,455.0,10.0,2.0,1
593,r1,12.0,1.0,500.0,10.0,2.0,1
594,s1,12.0,1.0,0.0,10.0,2.0,1
595,t1,12.0,4.0,2.5,10.0,2.0,1
596,u1,12.0,4.0,2.5,10.0,2.0,1
597,v1,12.0,4.0,5.0,10.0,2.0,1
598,w1,12.0,4.0,10.0,10.0,2.0,1
599,x1,12.0,4.0,22.5,10.0,2.0,1
600,y1,12.0,4.0,45.0,10.0,2.0,1
601,z1,12.0,1.0,82.5,10.0,2.0,1
602,aa1,12.0,4.0,140.0,10.0,2.0,1
603,ab1,12.0,4.0,225.0,10.0,2.0,1
604,ac1,12.0,4.0,342.5,10.0,2.0,1
605,ad1,12.0,1.0,500.0,10.0,2.0,1
606,ae1,12.0,1.0,0.0,10.0,2.0,1
607,af1,12.0,1.0,2.5,10.0,2.0,1
608,a2,12.0,1.0,2.5,10.0,2.0,1
609,b2,12.0,4.0,5.0,10.0,2.0,1
610,c2,6.0,1.0,10.0,10.0,2.0,1
611,d2,6.0,4.0,22.5,10.0,2.0,1
612,e2,6.0,4.0,45.0,10.0,2.0,1
613,f2,12.0,1.0,82.5,10.0,2.0,1
614,g2,12.0,1.0,140.0,10.0,2.0,1
615,h2,12.0,1.0,225.0,10.0,2.0,1
616,i2,12.0,4.0,342.5,10.0,2.0,1
617,j2,12.0,4.0,500.0,10.0,2.0,1
618,k2,12.0,4.0,0.0,10.0,2.0,1
619,l2,12.0,1.0,47.5,10.0,2.0,1
620,m2,12.0,4.0,92.5,10.0,2.0,1
621,n2,12.0,4.0,137.5,10.0,2.0,1
622,o2,12.0,4.0,182.5,10.0,2.0,1
623,p2,12.0,4.0,227.5,10.0,2.0,1
624,q2,12.0,4.0,275.0,10.0,2.0,2
625,r2,12.0,4.0,320.0,10.0,2.0,2
626,s2,12.0,4.0,365.0,10.0,2.0,2
627,t2,12.0,4.0,410.0,10.0,2.0,2
628,u2,12.0,1.0,455.0,10.0,2.0,2
629,v2,12.0,1.0,500.0,10.0,2.0,2
630,w2,12.0,1.0,0.0,10.0,2.0,2
631,x2,6.0,4.0,2.5,10.0,2.0,2
632,y2,6.0,4.0,15.0,10.0,2.0,2
633,z2,6.0,4.0,65.0,10.0,2.0,2
634,aa2,6.0,4.0,205.0,10.0,2.0,2
635,ab2,6.0,4.0,500.0,10.0,2.0,2
636,ac2,6.0,4.0,0.0,10.0,2.0,2
637,ad2,6.0,4.0,100.0,10.0,2.0,2
638,ae2,6.0,4.0,200.0,10.0,2.0,2
639,af2,6.0,4.0,302.5,10.0,2.0,2
640,a3,6.0,4.0,400.0,10.0,2.0,2
641,b3,12.0,1.0,500.0,10.0,2.0,2
642,c3,12.0,1.0,0.0,10.0,2.0,2
643,d3,12.0,1.0,100.0,10.0,2.0,2
644,e3,12.0,1.0,200.0,10.0,2.0,2
645,f3,12.0,1.0,302.5,10.0,2.0,2
646,g3,12.0,4.0,400.0,10.0,2.0,2
647,h3,12.0,4.0,500.0,10.0,2.0,2
648,i3,12.0,4.0,0.0,10.0,2.0,2
649,j3,6.0,1.0,2.5,10.0,2.0,2
650,k3,12.0,4.0,2.5,10.0,2.0,2
651,l3,12.0,4.0,5.0,10.0,2.0,2
652,m3,12.0,4.0,10.0,10.0,2.0,2
653,n3,12.0,4.0,22.5,10.0,2.0,2
654,o3,12.0,4.0,45.0,10.0,2.0,2
655,p3,12.0,4.0,82.5,10.0,2.0,2
656,q3,12.0,1.0,140.0,10.0,2.0,2
657,r3,12.0,4.0,225.0,10.0,2.0,2
658,s3,12.0,4.0,342.5,10.0,2.0,2
659,t3,12.0,4.0,500.0,10.0,2.0,2
660,u3,12.0,4.0,0.0,10.0,2.0,2
661,v3,12.0,4.0,47.5,10.0,2.0,2
662,w3,12.0,4.0,92.5,10.0,2.0,2
663,x3,12.0,4.0,137.5,10.0,2.0,2
664,y3,12.0,4.0,182.5,10.0,2.0,2
665,z3,12.0,4.0,227.5,10.0,2.0,2
666,aa3,12.0,1.0,275.0,10.0,2.0,2
667,ab3,12.0,1.0,320.0,10.0,2.0,2
668,ac3,6.0,1.0,365.0,10.0,2.0,2
669,ad3,6.0,1.0,410.0,10.0,2.0,2
670,ae3,6.0,1.0,455.0,10.0,2.0,2
671,af3,6.0,1.0,500.0,10.0,2.0,2
672,a4,6.0,1.0,0.0,10.0,2.0,3
673,b4,6.0,1.0,2.5,10.0,2.0,3
674,c4,12.0,1.0,15.0,10.0,2.0,3
675,d4,12.0,1.0,65.0,10.0,2.0,3
676,e4,12.0,1.0,205.0,10.0,2.0,3
677,f4,12.0,1.0,500.0,10.0,2.0,3
678,g4,12.0,1.0,0.0,10.0,2.0,3
679,h4,12.0,1.0,100.0,10.0,2.0,3
680,i4,12.0,1.0,200.0,10.0,2.0,3
681,j4,12.0,1.0,302.5,10.0,2.0,3
682,k4,12.0,1.0,400.0,10.0,2.0,3
683,l4,12.0,4.0,500.0,10.0,2.0,3
684,m4,12.0,4.0,0.0,10.0,2.0,3
685,n4,12.0,4.0,2.5,10.0,2.0,3
686,o4,6.0,4.0,15.0,10.0,2.0,3
687,p4,6.0,4.0,65.0,10.0,2.0,3
688,q4,6.0,4.0,205.0,10.0,2.0,3
689,r4,6.0,4.0,500.0,10.0,2.0,3
690,s4,6.0,1.0,0.0,10.0,2.0,3
691,t4,6.0,1.0,2.5,10.0,2.0,3
692,u4,6.0,4.0,15.0,10.0,2.0,3
693,v4,6.0,1.0,65.0,10.0,2.0,3
694,w4,6.0,1.0,205.0,10.0,2.0,3
695,x4,6.0,1.0,500.0,10.0,2.0,3
696,y4,6.0,1.0,0.0,10.0,2.0,3
697,z4,6.0,1.0,47.5,10.0,2.0,3
698,aa4,6.0,1.0,92.5,10.0,2.0,3
699,ab4,12.0,4.0,137.5,10.0,2.0,3
700,ac4,6.0,1.0,182.5,10.0,2.0,3
701,ad4,12.0,1.0,227.5,10.0,2.0,3
702,ae4,6.0,4.0,275.0,10.0,2.0,3
703,af4,6.0,1.0,320.0,10.0,2.0,3
704,a5,12.0,4.0,365.0,10.0,2.0,3
705,b5,12.0,1.0,410.0,10.0,2.0,3
706,c5,12.0,4.0,455.0,10.0,2.0,3
707,d5,12.0,4.0,500.0,10.0,2.0,3
708,e5,12.0,4.0,0.0,10.0,2.0,3
709,f5,12.0,1.0,2.5,10.0,2.0,3
710,g5,12.0,1.0,2.5,10.0,2.0,3
711,h5,12.0,1.0,5.0,10.0,2.0,3
712,i5,12.0,4.0,10.0,10.0,2.0,3
713,j5,12.0,1.0,22.5,10.0,2.0,3
714,k5,12.0,1.0,45.0,10.0,2.0,3
715,l5,12.0,1.0,82.5,10.0,2.0,3
716,m5,12.0,1.0,140.0,10.0,2.0,3
717,n5,12.0,1.0,225.0,10.0,2.0,3
718,o5,12.0,1.0,342.5,10.0,2.0,3
719,p5,12.0,1.0,500.0,10.0,2.0,3
720,q5,0.0,0.0,0.0,0.0,0.0,4
721,r5,0.0,0.0,0.0,0.0,0.0,4
722,s5,0.0,0.0,0.0,0.0,0.0,4
723,t5,0.0,0.0,0.0,0.0,0.0,4
724,u5,0.0,0.0,0.0,0.0,0.0,4
725,v5,0.0,0.0,0.0,0.0,0.0,4
726,w5,0.0,0.0,0.0,0.0,0.0,4
727,x5,0.0,0.0,0.0,0.0,0.0,4
728,y5,0.0,0.0,0.0,0.0,0.0,4
729,z5,0.0,0.0,0.0,0.0,0.0,4
730,aa5,0.0,0.0,0.0,0.0,0.0,4
731,ab5,0.0,0.0,0.0,0.0,0.0,4
732,ac5,0.0,0.0,0.0,0.0,0.0,4
733,ad5,0.0,0.0,0.0,0.0,0.0,4
734,ae5,0.0,0.0,0.0,0.0,0.0,4
735,af5,0.0,0.0,0.0,0.0,0.0,4
736,a6,9.0,2.5,0.0,10.0,6.0,4
737,b6,9.0,2.5,5.0,10.0,6.0,4
738,c6,9.0,2.5,17.5,10.0,6.0,4
739,d6,9.0,2.5,45.0,10.0,6.0,4
740,e6,9.0,2.5,90.0,10.0,6.0,4
741,f6,9.0,2.5,155.0,10.0,6.0,4
742,g6,9.0,2.5,245.0,10.0,6.0,4
743,h6,9.0,2.5,360.0,10.0,6.0,4
744,i6,9.0,2.5,500.0,10.0,6.0,4
745,j6,9.0,2.5,0.0,10.0,6.0,4
746,k6,9.0,2.5,5.0,10.0,6.0,4
747,l6,9.0,2.5,17.5,10.0,6.0,4
748,m6,9.0,2.5,45.0,10.0,6.0,4
749,n6,9.0,2.5,90.0,10.0,6.0,4
750,o6,9.0,2.5,155.0,10.0,6.0,4
751,p6,9.0,2.5,245.0,10.0,6.0,4
752,q6,9.0,2.5,360.0,10.0,6.0,4
753,r6,9.0,2.5,500.0,10.0,6.0,4
754,s6,9.0,2.5,0.0,10.0,6.0,4
755,t6,9.0,2.5,5.0,10.0,6.0,4
756,u6,9.0,2.5,17.5,10.0,6.0,4
757,v6,9.0,2.5,45.0,10.0,6.0,4
758,w6,9.0,2.5,90.0,10.0,6.0,4
759,x6,9.0,2.5,155.0,10.0,6.0,4
760,y6,9.0,2.5,245.0,10.0,6.0,4
761,z6,9.0,2.5,360.0,10.0,6.0,4
762,aa6,9.0,2.5,500.0,10.0,6.0,4
763,ab6,9.0,2.5,0.0,10.0,6.0,4
764,ac6,9.0,2.5,5.0,10.0,6.0,4
765,ad6,9.0,2.5,17.5,10.0,6.0,4
766,ae6,9.0,2.5,45.0,10.0,6.0,4
767,af6,9.0,2.5,90.0,10.0,6.0,4
768,a7,9.0,2.5,155.0,10.0,6.0,5
769,b7,9.0,2.5,245.0,10.0,6.0,5
770,c7,9.0,2.5,360.0,10.0,6.0,5
771,d7,9.0,2.5,500.0,10.0,6.0,5
772,e7,9.0,2.5,0.0,10.0,6.0,5
773,f7,9.0,2.5,5.0,10.0,6.0,5
774,g7,9.0,2.5,17.5,10.0,6.0,5
775,h7,9.0,2.5,45.0,10.0,6.0,5
776,i7,9.0,2.5,90.0,10.0,6.0,5
777,j7,9.0,2.5,155.0,10.0,6.0,5
778,k7,9.0,2.5,245.0,10.0,6.0,5
779,l7,9.0,2.5,360.0,10.0,6.0,5
780,m7,9.0,2.5,500.0,10.0,6.0,5
781,n7,9.0,2.5,0.0,10.0,6.0,5
782,o7,9.0,2.5,5.0,10.0,6.0,5
783,p7,9.0,2.5,17.5,10.0,6.0,5
784,q7,9.0,2.5,45.0,10.0,6.0,5
785,r7,9.0,2.5,90.0,10.0,6.0,5
786,s7,9.0,2.5,155.0,10.0,6.0,5
787,t7,9.0,2.5,245.0,10.0,6.0,5
788,u7,9.0,2.5,360.0,10.0,6.0,5
789,v7,9.0,2.5,500.0,10.0,6.0,5
790,w7,9.0,2.5,0.0,10.0,6.0,5
791,x7,9.0,2.5,5.0,10.0,6.0,5
792,y7,9.0,2.5,17.5,10.0,6.0,5
793,z7,9.0,2.5,45.0,10.0,6.0,5
794,aa7,9.0,2.5,90.0,10.0,6.0,5
795,ab7,9.0,2.5,155.0,10.0,6.0,5
796,ac7,9.0,2.5,245.0,10.0,6.0,5
797,ad7,9.0,2.5,360.0,10.0,6.0,5
798,ae7,9.0,2.5,500.0,10.0,6.0,5
799,af7,9.0,2.5,0.0,10.0,6.0,5
800,a8,9.0,2.5,5.0,10.0,6.0,5
801,b8,9.0,2.5,17.5,10.0,6.0,5
802,c8,9.0,2.5,45.0,10.0,6.0,5
803,d8,9.0,2.5,90.0,10.0,6.0,5
804,e8,9.0,2.5,155.0,10.0,6.0,5
805,f8,9.0,2.5,245.0,10.0,6.0,5
806,g8,9.0,2.5,360.0,10.0,6.0,5
807,h8,9.0,2.5,500.0,10.0,6.0,5
808,i8,9.0,2.5,0.0,10.0,6.0,5
809,j8,9.0,2.5,5.0,10.0,6.0,5
810,k8,9.0,2.5,17.5,10.0,6.0,5
811,l8,9.0,2.5,45.0,10.0,6.0,5
812,m8,9.0,2.5,90.0,10.0,6.0,5
813,n8,9.0,2.5,155.0,10.0,6.0,5
814,o8,9.0,2.5,245.0,10.0,6.0,5
815,p8,9.0,2.5,360.0,10.0,6.0,5
816,q8,9.0,2.5,500.0,10.0,6.0,6
817,r8,9.0,2.5,0.0,10.0,6.0,6
818,s8,9.0,2.5,5.0,10.0,6.0,6
819,t8,9.0,2.5,17.5,10.0,6.0,6
820,u8,9.0,2.5,45.0,10.0,6.0,6
821,v8,9.0,2.5,90.0,10.0,6.0,6
822,w8,9.0,2.5,155.0,10.0,6.0,6
823,x8,9.0,2.5,245.0,10.0,6.0,6
824,y8,9.0,2.5,360.0,10.0,6.0,6
825,z8,9.0,2.5,500.0,10.0,6.0,6
826,aa8,9.0,2.5,0.0,10.0,6.0,6
827,ab8,9.0,2.5,5.0,10.0,6.0,6
828,ac8,9.0,2.5,17.5,10.0,6.0,6
829,ad8,9.0,2.5,45.0,10.0,6.0,6
830,ae8,9.0,2.5,90.0,10.0,6.0,6
831,af8,9.0,2.5,155.0,10.0,6.0,6
832,a9,9.0,2.5,245.0,10.0,6.0,6
833,b9,9.0,2.5,360.0,10.0,6.0,6
834,c9,9.0,2.5,500.0,10.0,6.0,6
835,d9,9.0,2.5,0.0,10.0,6.0,6
836,e9,9.0,2.5,5.0,10.0,6.0,6
837,f9,9.0,2.5,17.5,10.0,6.0,6
838,g9,9.0,2.5,45.0,10.0,6.0,6
839,h9,9.0,2.5,90.0,10.0,6.0,6
840,i9,9.0,2.5,155.0,10.0,6.0,6
841,j9,9.0,2.5,245.0,10.0,6.0,6
842,k9,9.0,2.5,360.0,10.0,6.0,6
843,l9,9.0,2.5,500.0,10.0,6.0,6
844,m9,9.0,2.5,0.0,10.0,6.0,6
845,n9,9.0,2.5,5.0,10.0,6.0,6
846,o9,9.0,2.5,17.5,10.0,6.0,6
847,p9,9.0,2.5,45.0,10.0,6.0,6
848,q9,9.0,2.5,90.0,10.0,6.0,6
849,r9,9.0,2.5,155.0,10.0,6.0,6
850,s9,9.0,2.5,245.0,10.0,6.0,6
851,t9,9.0,2.5,360.0,10.0,6.0,6
852,u9,9.0,2.5,500.0,10.0,6.0,6
853,v9,9.0,2.5,0.0,10.0,6.0,6
854,w9,9.0,2.5,5.0,10.0,6.0,6
855,x9,9.0,2.5,17.5,10.0,6.0,6
856,y9,9.0,2.5,45.0,10.0,6.0,6
857,z9,9.0,2.5,90.0,10.0,6.0,6
858,aa9,9.0,2.5,155.0,10.0,6.0,6
859,ab9,9.0,2.5,245.0,10.0,6.0,6
860,ac9,9.0,2.5,360.0,10.0,6.0,6
861,ad9,9.0,2.5,500.0,10.0,6.0,6
862,ae9,9.0,2.5,0.0,10.0,6.0,6
863,af9,9.0,2.5,5.0,10.0,6.0,6
864,a10,9.0,2.5,17.5,10.0,6.0,7
865,b10,9.0,2.5,45.0,10.0,6.0,7
866,c10,9.0,2.5,90.0,10.0,6.0,7
867,d10,9.0,2.5,155.0,10.0,6.0,7
868,e10,9.0,2.5,245.0,10.0,6.0,7
869,f10,9.0,2.5,360.0,10.0,6.0,7
870,g10,9.0,2.5,500.0,10.0,6.0,7
871,h10,9.0,2.5,0.0,10.0,6.0,7
872,i10,9.0,2.5,5.0,10.0,6.0,7
873,j10,9.0,2.5,17.5,10.0,6.0,7
874,k10,9.0,2.5,45.0,10.0,6.0,7
875,l10,9.0,2.5,90.0,10.0,6.0,7
876,m10,9.0,2.5,155.0,10.0,6.0,7
877,n10,9.0,2.5,245.0,10.0,6.0,7
878,o10,9.0,2.5,360.0,10.0,6.0,7
879,p10,9.0,2.5,500.0,10.0,6.0,7
880,q10,9.0,2.5,0.0,10.0,6.0,7
881,r10,9.0,2.5,5.0,10.0,6.0,7
882,s10,9.0,2.5,17.5,10.0,6.0,7
883,t10,9.0,2.5,45.0,10.0,6.0,7
884,u10,9.0,2.5,90.0,10.0,6.0,7
885,v10,9.0,2.5,155.0,10.0,6.0,7
886,w10,9.0,2.5,245.0,10.0,6.0,7
887,x10,9.0,2.5,360.0,10.0,6.0,7
888,y10,9.0,2.5,500.0,10.0,6.0,7
889,z10,9.0,2.5,0.0,10.0,6.0,7
890,aa10,9.0,2.5,5.0,10.0,6.0,7
891,ab10,9.0,2.5,17.5,10.0,6.0,7
892,ac10,9.0,2.5,45.0,10.0,6.0,7
893,ad10,9.0,2.5,90.0,10.0,6.0,7
894,ae10,9.0,2.5,155.0,10.0,6.0,7
895,af10,9.0,2.5,245.0,10.0,6.0,7
896,a11,9.0,2.5,360.0,10.0,6.0,7
897,b11,9.0,2.5,500.0,10.0,6.0,7
898,c11,9.0,2.5,0.0,10.0,6.0,7
899,d11,9.0,2.5,5.0,10.0,6.0,7
900,e11,9.0,2.5,17.5,10.0,6.0,7
901,f11,9.0,2.5,45.0,10.0,6.0,7
902,g11,9.0,2.5,90.0,10.0,6.0,7
903,h11,9.0,2.5,155.0,10.0,6.0,7
904,i11,9.0,2.5,245.0,10.0,6.0,7
905,j11,9.0,2.5,360.0,10.0,6.0,7
906,k11,9.0,2.5,500.0,10.0,6.0,7
907,l11,9.0,2.5,0.0,10.0,6.0,7
908,m11,9.0,2.5,5.0,10.0,6.0,7
909,n11,9.0,2.5,17.5,10.0,6.0,7
910,o11,9.0,2.5,45.0,10.0,6.0,7
911,p11,9.0,2.5,90.0,10.0,6.0,7
912,q11,9.0,2.5,155.0,10.0,6.0,8
913,r11,9.0,2.5,245.0,10.0,6.0,8
914,s11,9.0,2.5,360.0,10.0,6.0,8
915,t11,9.0,2.5,500.0,10.0,6.0,8
916,u11,9.0,2.5,0.0,10.0,6.0,8
917,v11,9.0,2.5,5.0,10.0,6.0,8
918,w11,9.0,2.5,17.5,10.0,6.0,8
919,x11,9.0,2.5,45.0,10.0,6.0,8
920,y11,9.0,2.5,90.0,10.0,6.0,8
921,z11,9.0,2.5,155.0,10.0,6.0,8
922,aa11,9.0,2.5,245.0,10.0,6.0,8
923,ab11,9.0,2.5,360.0,10.0,6.0,8
924,ac11,9.0,2.5,500.0,10.0,6.0,8
925,ad11,9.0,2.5,0.0,10.0,6.0,8
926,ae11,9.0,2.5,5.0,10.0,6.0,8
927,af11,9.0,2.5,17.5,10.0,6.0,8
928,a12,9.0,2.5,45.0,10.0,6.0,8
929,b12,9.0,2.5,90.0,10.0,6.0,8
930,c12,9.0,2.5,155.0,10.0,6.0,8
931,d12,9.0,2.5,245.0,10.0,6.0,8
932,e12,9.0,2.5,360.0,10.0,6.0,8
933,f12,9.0,2.5,500.0,10.0,6.0,8
934,g12,9.0,2.5,0.0,10.0,6.0,8
935,h12,9.0,2.5,5.0,10.0,6.0,8
936,i12,9.0,2.5,17.5,10.0,6.0,8
937,j12,9.0,2.5,45.0,10.0,6.0,8
938,k12,9.0,2.5,90.0,10.0,6.0,8
939,l12,9.0,2.5,155.0,10.0,6.0,8
940,m12,9.0,2.5,245.0,10.0,6.0,8
941,n12,9.0,2.5,360.0,10.0,6.0,8
942,o12,9.0,2.5,500.0,10.0,6.0,8
943,p12,9.0,2.5,0.0,10.0,6.0,8
944,q12,9.0,2.5,5.0,10.0,6.0,8
945,r12,9.0,2.5,17.5,10.0,6.0,8
946,s12,9.0,2.5,45.0,10.0,6.0,8
947,t12,9.0,2.5,90.0,10.0,6.0,8
948,u12,9.0,2.5,155.0,10.0,6.0,8
949,v12,9.0,2.5,245.0,10.0,6.0,8
950,w12,9.0,2.5,360.0,10.0,6.0,8
951,x12,9.0,2.5,500.0,10.0,6.0,8
952,y12,9.0,2.5,0.0,10.0,6.0,8
953,z12,9.0,2.5,5.0,10.0,6.0,8
954,aa12,9.0,2.5,17.5,10.0,6.0,8
955,ab12,9.0,2.5,45.0,10.0,6.0,8
956,ac12,9.0,2.5,90.0,10.0,6.0,8
957,ad12,9.0,2.5,155.0,10.0,6.0,8
958,ae12,9.0,2.5,245.0,10.0,6.0,8
959,af12,9.0,2.5,360.0,10.0,6.0,8
960,a13,9.0,2.5,500.0,10.0,6.0,9
961,b13,9.0,2.5,0.0,10.0,6.0,9
962,c13,9.0,2.5,5.0,10.0,6.0,9
963,d13,9.0,2.5,17.5,10.0,6.0,9
964,e13,9.0,2.5,45.0,10.0,6.0,9
965,f13,9.0,2.5,90.0,10.0,6.0,9
966,g13,9.0,2.5,155.0,10.0,6.0,9
967,h13,9.0,2.5,245.0,10.0,6.0,9
968,i13,9.0,2.5,360.0,10.0,6.0,9
969,j13,9.0,2.5,500.0,10.0,6.0,9
970,k13,9.0,2.5,0.0,10.0,6.0,9
971,l13,9.0,2.5,5.0,10.0,6.0,9
972,m13,9.0,2.5,17.5,10.0,6.0,9
973,n13,9.0,2.5,45.0,10.0,6.0,9
974,o13,9.0,2.5,90.0,10.0,6.0,9
975,p13,9.0,2.5,155.0,10.0,6.0,9
976,q13,9.0,2.5,245.0,10.0,6.0,9
977,r13,9.0,2.5,360.0,10.0,6.0,9
978,s13,9.0,2.5,500.0,10.0,6.0,9
979,t13,9.0,2.5,0.0,10.0,6.0,9
980,u13,9.0,2.5,5.0,10.0,6.0,9
981,v13,9.0,2.5,17.5,10.0,6.0,9
982,w13,9.0,2.5,45.0,10.0,6.0,9
983,x13,9.0,2.5,90.0,10.0,6.0,9
984,y13,9.0,2.5,155.0,10.0,6.0,9
985,z13,9.0,2.5,245.0,10.0,6.0,9
986,aa13,9.0,2.5,360.0,10.0,6.0,9
987,ab13,9.0,2.5,500.0,10.0,6.0,9
988,ac13,9.0,2.5,0.0,10.0,6.0,9
989,ad13,9.0,2.5,5.0,10.0,6.0,9
990,ae13,9.0,2.5,17.5,10.0,6.0,9
991,af13,9.0,2.5,45.0,10.0,6.0,9
992,a14,9.0,2.5,90.0,10.0,6.0,9
993,b14,9.0,2.5,155.0,10.0,6.0,9
994,c14,9.0,2.5,245.0,10.0,6.0,9
995,d14,9.0,2.5,360.0,10.0,6.0,9
996,e14,9.0,2.5,500.0,10.0,6.0,9
997,f14,9.0,2.5,0.0,10.0,6.0,9
998,g14,9.0,2.5,5.0,10.0,6.0,9
999,h14,9.0,2.5,17.5,10.0,6.0,9
1000,i14,9.0,2.5,45.0,10.0,6.0,9
1001,j14,9.0,2.5,90.0,10.0,6.0,9
1002,k14,9.0,2.5,155.0,10.0,6.0,9
1003,l14,9.0,2.5,245.0,10.0,6.0,9
1004,m14,9.0,2.5,360.0,10.0,6.0,9
1005,n14,9.0,2.5,500.0,10.0,6.0,9
1006,o14,9.0,2.5,0.0,10.0,6.0,9
1007,p14,9.0,2.5,5.0,10.0,6.0,9
1008,q14,9.0,2.5,17.5,10.0,6.0,10
1009,r14,9.0,2.5,45.0,10.0,6.0,10
1010,s14,9.0,2.5,90.0,10.0,6.0,10
1011,t14,9.0,2.5,155.0,10.0,6.0,10
1012,u14,9.0,2.5,245.0,10.0,6.0,10
1013,v14,9.0,2.5,360.0,10.0,6.0,10
1014,w14,9.0,2.5,500.0,10.0,6.0,10
1015,x14,9.0,2.5,0.0,10.0,6.0,10
1016,y14,9.0,2.5,5.0,10.0,6.0,10
1017,z14,9.0,2.5,17.5,10.0,6.0,10
1018,aa14,9.0,2.5,45.0,10.0,6.0,10
1019,ab14,9.0,2.5,90.0,10.0,6.0,10
1020,ac14,9.0,2.5,155.0,10.0,6.0,10
1021,ad14,9.0,2.5,245.0,10.0,6.0,10
1022,ae14,9.0,2.5,360.0,10.0,6.0,10
1023,af14,9.0,2.5,500.0,10.0,6.0,10
1024,a15,12.0,1.0,0.0,10.0,10.0,10
1025,b15,12.0,4.0,2.5,10.0,10.0,10
1026,c15,12.0,4.0,15.0,10.0,10.0,10
1027,d15,12.0,4.0,65.0,10.0,10.0,10
1028,e15,12.0,4.0,205.0,10.0,10.0,10
1029,f15,12.0,4.0,500.0,10.0,10.0,10
1030,g15,12.0,1.0,0.0,10.0,10.0,10
1031,h15,6.0,4.0,100.0,10.0,10.0,10
1032,i15,12.0,1.0,200.0,10.0,10.0,10
1033,j15,12.0,1.0,302.5,10.0,10.0,10
1034,k15,12.0,1.0,400.0,10.0,10.0,10
1035,l15,12.0,1.0,500.0,10.0,10.0,10
1036,m15,12.0,1.0,0.0,10.0,10.0,10
1037,n15,12.0,1.0,2.5,10.0,10.0,10
1038,o15,12.0,1.0,2.5,10.0,10.0,10
1039,p15,12.0,4.0,5.0,10.0,10.0,10
1040,q15,6.0,4.0,10.0,10.0,10.0,10
1041,r15,12.0,4.0,22.5,10.0,10.0,10
1042,s15,12.0,1.0,45.0,10.0,10.0,10
1043,t15,6.0,4.0,82.5,10.0,10.0,10
1044,u15,6.0,4.0,140.0,10.0,10.0,10
1045,v15,6.0,4.0,225.0,10.0,10.0,10
1046,w15,6.0,4.0,342.5,10.0,10.0,10
1047,x15,6.0,1.0,500.0,10.0,10.0,10
1048,y15,6.0,1.0,0.0,10.0,10.0,10
1049,z15,6.0,1.0,47.5,10.0,10.0,10
1050,aa15,6.0,1.0,92.5,10.0,10.0,10
1051,ab15,6.0,1.0,137.5,10.0,10.0,10
1052,ac15,6.0,1.0,182.5,10.0,10.0,10
1053,ad15,12.0,4.0,227.5,10.0,10.0,10
1054,ae15,12.0,4.0,275.0,10.0,10.0,10
1055,af15,12.0,4.0,320.0,10.0,10.0,10
1056,a16,12.0,4.0,365.0,10.0,10.0,11
1057,b16,12.0,4.0,410.0,10.0,10.0,11
1058,c16,12.0,1.0,455.0,10.0,10.0,11
1059,d16,12.0,4.0,500.0,10.0,10.0,11
1060,e16,6.0,4.0,0.0,10.0,10.0,11
1061,f16,12.0,4.0,2.5,10.0,10.0,11
1062,g16,12.0,4.0,15.0,10.0,10.0,11
1063,h16,12.0,4.0,65.0,10.0,10.0,11
1064,i16,12.0,4.0,205.0,10.0,10.0,11
1065,j16,12.0,4.0,500.0,10.0,10.0,11
1066,k16,12.0,4.0,0.0,10.0,10.0,11
1067,l16,12.0,4.0,100.0,10.0,10.0,11
1068,m16,12.0,4.0,200.0,10.0,10.0,11
1069,n16,12.0,4.0,302.5,10.0,10.0,11
1070,o16,12.0,4.0,400.0,10.0,10.0,11
1071,p16,12.0,4.0,500.0,10.0,10.0,11
1072,q16,12.0,4.0,0.0,10.0,10.0,11
1073,r16,12.0,4.0,47.5,10.0,10.0,11
1074,s16,12.0,4.0,92.5,10.0,10.0,11
1075,t16,12.0,4.0,137.5,10.0,10.0,11
1076,u16,12.0,1.0,182.5,10.0,10.0,11
1077,v16,12.0,4.0,227.5,10.0,10.0,11
1078,w16,12.0,4.0,275.0,10.0,10.0,11
1079,x16,6.0,4.0,320.0,10.0,10.0,11
1080,y16,6.0,4.0,365.0,10.0,10.0,11
1081,z16,6.0,4.0,410.0,10.0,10.0,11
1082,aa16,6.0,4.0,455.0,10.0,10.0,11
1083,ab16,6.0,4.0,500.0,10.0,10.0,11
1084,ac16,6.0,1.0,0.0,10.0,10.0,11
1085,ad16,12.0,4.0,47.5,10.0,10.0,11
1086,ae16,6.0,1.0,92.5,10.0,10.0,11
1087,af16,6.0,1.0,137.5,10.0,10.0,11
1088,a17,6.0,1.0,182.5,10.0,10.0,11
1089,b17,6.0,1.0,227.5,10.0,10.0,11
1090,c17,12.0,4.0,275.0,10.0,10.0,11
1091,d17,12.0,4.0,320.0,10.0,10.0,11
1092,e17,12.0,4.0,365.0,10.0,10.0,11
1093,f17,6.0,1.0,410.0,10.0,10.0,11
1094,g17,12.0,1.0,455.0,10.0,10.0,11
1095,h17,6.0,4.0,500.0,10.0,10.0,11
1096,i17,12.0,1.0,0.0,10.0,10.0,11
1097,j17,12.0,4.0,2.5,10.0,10.0,11
1098,k17,12.0,4.0,15.0,10.0,10.0,11
1099,l17,12.0,4.0,65.0,10.0,10.0,11
1100,m17,12.0,4.0,205.0,10.0,10.0,11
1101,n17,12.0,4.0,500.0,10.0,10.0,11
1102,o17,12.0,4.0,0.0,10.0,10.0,11
1103,p17,12.0,4.0,100.0,10.0,10.0,11
1104,q17,12.0,1.0,200.0,10.0,10.0,12
1105,r17,12.0,1.0,302.5,10.0,10.0,12
1106,s17,12.0,1.0,400.0,10.0,10.0,12
1107,t17,12.0,1.0,500.0,10.0,10.0,12
1108,u17,12.0,1.0,0.0,10.0,10.0,12
1109,v17,12.0,1.0,2.5,10.0,10.0,12
1110,w17,12.0,1.0,2.5,10.0,10.0,12
1111,x17,12.0,1.0,5.0,10.0,10.0,12
1112,y17,12.0,1.0,10.0,10.0,10.0,12
1113,z17,12.0,4.0,22.5,10.0,10.0,12
1114,aa17,12.0,4.0,45.0,10.0,10.0,12
1115,ab17,12.0,4.0,82.5,10.0,10.0,12
1116,ac17,6.0,4.0,140.0,10.0,10.0,12
1117,ad17,6.0,4.0,225.0,10.0,10.0,12
1118,ae17,6.0,4.0,342.5,10.0,10.0,12
1119,af17,6.0,4.0,500.0,10.0,10.0,12
1120,a18,6.0,4.0,0.0,10.0,10.0,12
1121,b18,12.0,4.0,47.5,10.0,10.0,12
1122,c18,6.0,1.0,92.5,10.0,10.0,12
1123,d18,6.0,1.0,137.5,10.0,10.0,12
1124,e18,6.0,1.0,182.5,10.0,10.0,12
1125,f18,6.0,1.0,227.5,10.0,10.0,12
1126,g18,6.0,1.0,275.0,10.0,10.0,12
1127,h18,12.0,4.0,320.0,10.0,10.0,12
1128,i18,12.0,4.0,365.0,10.0,10.0,12
1129,j18,6.0,1.0,410.0,10.0,10.0,12
1130,k18,12.0,1.0,455.0,10.0,10.0,12
1131,l18,12.0,1.0,500.0,10.0,10.0,12
1132,m18,12.0,1.0,0.0,10.0,10.0,12
1133,n18,12.0,1.0,2.5,10.0,10.0,12
1134,o18,12.0,1.0,15.0,10.0,10.0,12
1135,p18,12.0,1.0,65.0,10.0,10.0,12
1136,q18,12.0,1.0,205.0,10.0,10.0,12
1137,r18,12.0,1.0,500.0,10.0,10.0,12
1138,s18,12.0,1.0,0.0,10.0,10.0,12
1139,t18,12.0,1.0,100.0,10.0,10.0,12
1140,u18,12.0,1.0,200.0,10.0,10.0,12
1141,v18,12.0,1.0,302.5,10.0,10.0,12
1142,w18,12.0,1.0,400.0,10.0,10.0,12
1143,x18,12.0,1.0,500.0,10.0,10.0,12
1144,y18,12.0,1.0,0.0,10.0,10.0,12
1145,z18,12.0,1.0,2.5,10.0,10.0,12
1146,aa18,12.0,1.0,2.5,10.0,10.0,12
1147,ab18,12.0,1.0,5.0,10.0,10.0,12
1148,ac18,12.0,1.0,10.0,10.0,10.0,12
1149,ad18,12.0,1.0,22.5,10.0,10.0,12
1150,ae18,12.0,1.0,45.0,10.0,10.0,12
1151,af18,6.0,4.0,82.5,10.0,10.0,12
