baseline,,bm3WTHemeDomain_5in1000,,
Wavelength (nm),Abs,Wavelength (nm),Abs,
799.9971313,0.0001963376708,799.9971313,0.002098563826,
798.9984131,-0.001368245576,798.9984131,0.0009969506646,
797.9993896,-0.00124952849,797.9993896,0.002097887686,
796.9998779,-0.0009447414195,796.9998779,-0.0009768723976,
796,-0.0002452261979,796,0.003038408002,
794.9996948,0.0006437432021,794.9996948,0.001526872627,
793.9990234,3.631953223E-005,793.9990234,0.002284975257,
792.9979858,0.0007892550784,792.9979858,0.001722732442,
791.99646,0.0005786778638,791.99646,0.003022063756,
790.9946289,-0.0005983817973,790.9946289,0.001245319727,
789.9923096,0.0002338909253,789.9923096,0.002499453723,
788.989563,-0.0007903556107,788.989563,0.002595639089,
787.9865112,0.00159301539,787.9865112,0.002828509314,
786.9830322,-0.0001343274052,786.9830322,0.00186304294,
786.0137329,0.000833940052,786.0137329,0.003144021146,
785.0094604,0.000323203014,785.0094604,0.003353863489,
784.0048218,0.001466012443,784.0048218,0.00309333601,
782.9998169,-0.0009145712829,782.9998169,0.002840051893,
781.9943237,0.001273877104,781.9943237,0.002679134952,
780.9884644,-0.001183858723,780.9884644,0.001631235355,
780.0169067,0.001538224751,780.0169067,0.002835283754,
779.0102539,2.490301631E-005,779.0102539,0.002427810337,
778.0031738,0.0004025839153,778.0031738,0.002505311742,
776.9957275,0.0006363288849,776.9957275,0.002045243979,
775.9879761,0.0008596430998,775.9879761,0.001772945747,
775.0145264,0.0006015403778,775.0145264,0.002111205598,
774.0058594,-0.000995416427,774.0058594,-0.0003961334587,
772.9969482,-0.0003620972566,772.9969482,0.00228372612,
771.9875488,-0.001050475403,771.9875488,0.002328825416,
771.0126343,0.0007911222638,771.0126343,0.003025608836,
770.0024414,-0.0007243063301,770.0024414,0.0008222432225,
768.9920044,0.0001791678515,768.9920044,0.003650021972,
768.0158691,0.0004728315398,768.0158691,0.002667883178,
767.0045776,0.0003820637066,767.0045776,0.002704166109,
765.9929199,0.0001260570716,765.9929199,0.003455169732,
765.0157471,-0.0004484757374,765.0157471,0.002103168052,
764.0032959,3.085716889E-005,764.0032959,0.003565451596,
762.9904785,-0.0002716659219,762.9904785,0.00257892115,
762.012207,0.0001611441548,762.012207,0.002384262625,
760.9985962,-0.0001719005813,760.9985962,0.002160787582,
759.9846191,-0.0004897968611,759.9846191,0.002001162386,
759.005249,-0.001158868661,759.005249,0.002612592187,
757.9905396,-0.0007933528977,757.9905396,0.002605613088,
757.010376,0.0007441079943,757.010376,0.003626084654,
755.994873,3.826114698E-005,755.994873,0.003460336244,
755.0140991,-0.0002707863459,755.0140991,0.004249061923,
753.9978638,0.000244458206,753.9978638,0.003196407109,
753.0162354,-0.001218605088,753.0162354,0.002209568629,
751.9993286,0.0002922732383,751.9993286,0.003997924738,
751.0170288,-0.001169556752,751.0170288,0.002271495759,
749.9992065,-0.000625782297,749.9992065,0.003066692268,
749.0162354,0.0002711624838,749.0162354,0.00343364384,
747.9977417,-2.72311845E-005,747.9977417,0.0040474087,
747.0140381,0.0005990777863,747.0140381,0.004510231316,
745.994812,-0.0004212709609,745.994812,0.003746305825,
745.010376,0.0005127412151,745.010376,0.003766254289,
743.9903564,0.0006799350958,743.9903564,0.004177312367,
743.005188,-0.0001611878979,743.005188,0.004313868936,
741.9845581,0.0003282804682,741.9845581,0.003807642963,
740.9985962,-7.174997882E-005,740.9985962,0.004524330143,
740.0124512,-0.0003642698575,740.0124512,0.003862381214,
738.9906006,0.0008868781151,738.9906006,0.004612383433,
738.0036621,0.0003529173264,738.0036621,0.004221066367,
737.0164185,2.870848766E-005,737.0164185,0.004241637886,
735.9934692,0.001213753247,735.9934692,0.004889792763,
735.0054932,0.0001867815299,735.0054932,0.004535577726,
734.0172119,3.422259761E-005,734.0172119,0.00450680498,
732.9931641,-0.0001611878979,732.9931641,0.004223863129,
732.0041504,-0.0002806167759,732.0041504,0.004530006088,
731.0147705,0.0003295498318,731.0147705,0.004439327866,
729.9896851,0.0002942419087,729.9896851,0.004903485067,
728.9995728,-6.838534318E-005,728.9995728,0.005344473291,
728.0090942,-0.001189951203,728.0090942,0.004634465091,
726.9829712,4.786579302E-005,726.9829712,0.005752201658,
725.9918213,-0.0002084873122,725.9918213,0.004390583374,
725.0003662,-0.0001455582969,725.0003662,0.004701109137,
724.0085449,0.0005314533482,724.0085449,0.005083299242,
723.0164185,-0.0003814951051,723.0164185,0.005065568723,
721.9884644,0.0001677216787,721.9884644,0.005336716305,
720.9956055,0.0004329773656,720.9956055,0.005843836814,
720.0023804,0.001159218024,720.0023804,0.005727283191,
719.0088501,1.348679871E-005,719.0088501,0.00530078914,
718.0150146,0.0001867297397,718.0150146,0.005185481627,
716.9852295,0.000169715684,716.9852295,0.005133431405,
715.9906616,7.308223576E-005,715.9906616,0.005085944664,
714.9957886,0.0003674773034,714.9957886,0.00570708653,
714.0005493,-1.858572796E-005,714.0005493,0.00499740243,
713.0050049,0.000465938414,713.0050049,0.005824474618,
712.0090332,-0.0003759086248,712.0090332,0.005407766905,
711.0128174,0.0007200452965,711.0128174,0.005219617393,
710.0162354,-0.0004398903693,710.0162354,0.005296596792,
708.9837036,0.0001307956118,708.9837036,0.006130225491,
707.9863892,0.0002863673144,707.9863892,0.005694943015,
706.9888306,0.0001543854596,706.9888306,0.00481340941,
705.9909668,0.0002681578626,705.9909668,0.004863143433,
704.9926147,-1.356403573E-005,704.9926147,0.005332287401,
703.9940796,-0.0002182673925,703.9940796,0.005500535015,
702.9951172,0.0003355081717,702.9951172,0.005764976609,
701.9957886,-6.036188279E-005,701.9957886,0.005692215636,
700.9962769,-5.575479736E-005,700.9962769,0.005664100405,
699.9962769,-0.0004464586964,699.9962769,0.006234807428,
698.9960938,0.0002187397331,698.9960938,0.005808287766,
697.9954834,0.0001242445287,697.9954834,0.005831033457,
696.9945679,0.0003244723775,696.9945679,0.005789477844,
695.9932861,1.721451008E-005,695.9932861,0.006196758244,
694.9917603,-0.0005430585588,694.9917603,0.005311795045,
693.9898682,-7.966970588E-005,693.9898682,0.005368531682,
692.9876709,-0.0002381891245,692.9876709,0.005869811866,
691.9850464,-0.0001888747211,691.9850464,0.005693133455,
690.9821167,0.001154857571,690.9821167,0.006794590503,
690.0147705,-0.0003495787096,690.0147705,0.005601871293,
689.0112915,-0.0001440056512,689.0112915,0.006399595644,
688.0074463,0.0006409952184,688.0074463,0.005450019613,
687.0032349,0.0002438366064,687.0032349,0.006288040429,
685.9987793,0.0003444458125,685.9987793,0.006137130316,
684.9938965,0.0001017437753,684.9938965,0.006137996912,
683.9888306,-0.0006772181368,683.9888306,0.005958768539,
682.9833374,0.00108180067,682.9833374,0.006878293119,
682.0134277,-0.0005304935621,682.0134277,0.005282578059,
681.0073242,0.0006926911301,681.0073242,0.006779787131,
680.0008545,0.0009692159365,680.0008545,0.007368128747,
678.9942017,0.0002020610991,678.9942017,0.006503980141,
677.9871216,0.0007352917455,677.9871216,0.007807886228,
677.015686,-0.0009205641109,677.015686,0.006512572523,
676.0079956,2.347920781E-005,676.0079956,0.005873563699,
675.000061,0.0009354124777,675.000061,0.007353859022,
673.9916992,-0.0001243383886,673.9916992,0.006697444711,
672.9830322,0.0004426166706,672.9830322,0.007114024367,
672.0100708,-0.0007033214206,672.0100708,0.006269761361,
671.0008545,0.0002232979896,671.0008545,0.006698943209,
669.991272,-0.000548798067,669.991272,0.00663701212,
669.017395,-0.0001399687608,669.017395,0.007148864679,
668.0071411,0.0001857974421,668.0071411,0.007144127972,
666.9966431,6.697216304E-005,666.9966431,0.006964273751,
665.9858398,-0.000224062911,665.9858398,0.007342353929,
665.0108032,0.0003667777928,665.0108032,0.006907591131,
663.9993286,0.00016629741,663.9993286,0.006892179139,
662.9875488,0.0002202418837,662.9875488,0.007472035009,
662.0115967,0.000166970698,662.0115967,0.007159627974,
660.9992676,0.000448110135,660.9992676,0.007482674904,
659.9865723,-1.925873403E-005,659.9865723,0.007545806468,
659.0097046,0.0005389954313,659.0097046,0.007801797707,
657.9963989,0.0005976780085,657.9963989,0.007402752992,
656.9827881,0.0002931798808,656.9827881,0.007039194927,
656.0050659,-0.0005639477749,656.0050659,0.006816652138,
654.9907837,0.0005085167941,654.9907837,0.007866794243,
654.0125732,-4.49357176E-005,654.0125732,0.008176308125,
652.9976807,-0.0006451683585,652.9976807,0.007364206016,
651.982605,0.0005883722333,651.982605,0.00716607552,
651.0033569,-5.855011477E-005,651.0033569,0.008197939023,
649.9876709,4.623479981E-005,649.9876709,0.007884693332,
649.0078735,0.00101464591,649.0078735,0.007513356861,
647.9914551,0.000171088177,647.9914551,0.007630786393,
647.0111694,0.0007007286767,647.0111694,0.007422659546,
645.9942627,-6.175952876E-005,645.9942627,0.007741158828,
645.0133057,0.0004939780338,645.0133057,0.007917012088,
643.9957275,0.001239816193,643.9957275,0.008602864109,
643.0142822,0.000829712546,643.0142822,0.008181610145,
641.9960938,-2.112243601E-005,641.9960938,0.0075049554,
641.0140381,-0.0001470074203,641.0140381,0.007843942381,
639.9953003,-0.000531682861,639.9953003,0.007794128731,
639.0126343,0.0003028678766,639.0126343,0.008003145456,
637.9932861,-6.92653266E-005,637.9932861,0.008902915753,
637.0101318,0.0001665045711,637.0101318,0.008341650479,
635.9901733,-0.0003200397186,635.9901733,0.007906414568,
635.0064697,0.0001872735738,635.0064697,0.007838011719,
633.9859009,-0.0001000636257,633.9859009,0.007634764537,
633.0015259,6.20530991E-005,633.0015259,0.00824737642,
632.0169678,0.0004399477039,632.0169678,0.008526986465,
630.9955444,0.0002594030811,630.9955444,0.007836166769,
630.0103149,6.308868615E-005,630.0103149,0.007677630056,
628.9883423,0.0005608968204,628.9883423,0.008366244845,
628.0026245,-0.0003674252948,628.0026245,0.008230492473,
627.0165405,-4.736873962E-005,627.0165405,0.00728641171,
625.9936523,3.675962944E-005,625.9936523,0.008032097481,
625.0071411,-0.0001087074634,625.0071411,0.007683005184,
623.9837036,4.354238263E-005,623.9837036,0.008207673207,
622.996521,-0.0005458507803,622.996521,0.007693939377,
622.0091553,0.0005860652891,622.0091553,0.008346716873,
620.9848633,-0.0001452995202,620.9848633,0.008050213568,
619.9968262,0.0005893054185,619.9968262,0.007943032309,
619.008606,0.0001694826205,619.008606,0.008865054697,
617.9834595,-1.195915229E-005,617.9834595,0.007654945366,
616.9946289,-0.0002629735682,616.9946289,0.008024345152,
616.0056152,0.0005441272515,616.0056152,0.008922521025,
615.0161743,0.0003413111554,615.0161743,0.008422748186,
613.9899902,0.0003962101182,613.9899902,0.009001692757,
613,0.0004548733996,613,0.008452890441,
612.0098877,-0.0003635973844,612.0098877,0.009411706589,
610.9828491,0.0007743957103,610.9828491,0.008939221501,
609.9920654,-0.000564516522,609.9920654,0.008860510774,
609.0010376,0.000657431432,609.0010376,0.009892598726,
608.0098267,0.0002033300989,608.0098267,0.009539097548,
607.0182495,-0.0004795057175,607.0182495,0.01020552125,
605.9897461,-0.0001092768071,605.9897461,0.00955195725,
604.9977417,6.402072177E-005,604.9977417,0.01046178676,
604.0053711,0.0006910318043,604.0053711,0.01109473407,
603.0128174,-0.0003612695727,603.0128174,0.01055288315,
601.9832153,-0.0003179186024,601.9832153,0.01080951281,
600.9900513,-0.0003611143911,600.9900513,0.01147993747,
599.9966431,-0.0001580309618,599.9966431,0.01201781072,
599.0029907,-0.0004655425146,599.0029907,0.01204719208,
598.0090942,-0.0001008400213,598.0090942,0.01242604852,
597.0148926,5.084301665E-005,597.0148926,0.01341293659,
595.9836426,3.613831359E-005,595.9836426,0.01409950852,
594.9889526,0.0003750942997,594.9889526,0.01473181136,
593.9939575,0.0004876028688,593.9939575,0.01484108437,
592.9987183,-3.033729445E-005,592.9987183,0.01563093998,
592.0031738,0.0004151504254,592.0031738,0.01678563841,
591.0074463,-0.0003027085331,591.0074463,0.01764465496,
590.0114136,0.000501597242,590.0114136,0.01904131658,
589.0151978,0.0003121675109,589.0151978,0.01964491978,
587.9817505,6.02667169E-005,587.9817505,0.02120038681,
586.9849243,0.000110624831,586.9849243,0.02222046256,
585.987854,-0.0002068314061,585.987854,0.02353920788,
584.9906006,0.0008480492979,584.9906006,0.02587986737,
583.992981,0.00021464772,583.992981,0.02657054365,
582.9951782,0.0001252284856,582.9951782,0.02834745124,
581.9970093,0.0002726130188,581.9970093,0.03082697093,
580.9987793,0.0003331766347,580.9987793,0.03253073245,
580.0001221,-0.0005022596451,580.0001221,0.03420994803,
579.0013428,2.430760469E-005,579.0013428,0.03646448627,
578.0021973,6.482330355E-005,578.0021973,0.03911760077,
577.0028076,0.0002910298936,577.0028076,0.040802598,
576.0032349,-9.421470168E-005,576.0032349,0.04257546365,
575.0033569,-8.764104859E-005,575.0033569,0.04373815283,
574.0032959,0.0006535167922,574.0032959,0.0461807996,
573.0028687,4.457792602E-005,573.0028687,0.04681675136,
572.0022583,0.0002826372802,572.0022583,0.04753212631,
571.0014038,0.0005042924895,571.0014038,0.04896632954,
570.0003052,-0.0002694928553,570.0003052,0.04893599451,
568.9989014,0.0002972467337,568.9989014,0.0491181314,
567.9972534,0.0001743252069,567.9972534,0.04901028797,
566.9954224,0.0003883336612,566.9954224,0.04844106361,
565.9932861,0.000404345803,565.9932861,0.04892518744,
564.9909668,0.0004582162073,564.9909668,0.04815343022,
563.9883423,0.0005677395966,563.9883423,0.04697080329,
562.9854736,-0.0002972244984,562.9854736,0.04603287205,
561.9823608,0.0003185918904,561.9823608,0.04581284523,
561.0161743,-3.572116839E-005,561.0161743,0.04487901554,
560.0125122,-0.0005694801803,560.0125122,0.04339577258,
559.008728,-6.9161797E-005,559.008728,0.0436533913,
558.0046387,-0.0003762707056,558.0046387,0.04259062558,
557.0003662,5.332836736E-005,557.0003662,0.04152045771,
555.9957275,-0.0001543047256,555.9957275,0.04150718451,
554.9909058,-0.0001338615984,554.9909058,0.04164149612,
553.9858398,0.0004199439427,553.9858398,0.04053225368,
553.0178223,0.0002889576426,553.0178223,0.04063750058,
552.0122681,0.0004494316818,552.0122681,0.04060347751,
551.0064087,-0.0001254252857,551.0064087,0.04038237408,
550.0004272,0.0003908727667,550.0004272,0.04100695625,
548.9941406,0.0002841655514,548.9941406,0.04148359969,
547.9876709,-0.0001381055627,547.9876709,0.04125484824,
547.0182495,0.0001309768559,547.0182495,0.04214011878,
546.0112305,0.0002442510158,546.0112305,0.04276737571,
545.0040283,0.0002051170741,545.0040283,0.04351129755,
543.996582,0.0002154246758,543.996582,0.04406707734,
542.9888306,-0.0001271850197,542.9888306,0.04439149424,
542.0182495,0.0005052773049,542.0182495,0.04541740566,
541.0100708,1.716273619E-005,541.0100708,0.04536533356,
540.001709,0.0001795304124,540.001709,0.04637978598,
538.993042,0.0002046250011,538.993042,0.04670878872,
537.9841919,0.0001416452287,537.9841919,0.04717485607,
537.0124512,0.0002856679203,537.0124512,0.04743969068,
536.0031738,-0.000175626672,536.0031738,0.04727297649,
534.9935913,0.0004175601352,534.9935913,0.04743131623,
533.9837646,0.000170052328,533.9837646,0.04729571939,
533.0111084,5.413093459E-005,533.0111084,0.04694983363,
532.0008545,8.716680168E-005,532.0008545,0.04668206722,
530.9903564,-0.0001605151047,530.9903564,0.04615552351,
530.0170898,0.000221925322,530.0170898,0.04563062266,
529.0061035,-1.858572796E-005,529.0061035,0.04489916563,
527.9949341,0.0002890094474,527.9949341,0.04465543851,
526.9835205,8.442234684E-005,526.9835205,0.04397749528,
526.0093384,-5.11994258E-005,526.0093384,0.04298020899,
524.9974976,0.000270152319,524.9974976,0.04233603179,
523.9853516,7.895938325E-005,523.9853516,0.04131636769,
523.010498,0.0002280634799,523.010498,0.04019531608,
521.9979248,0.0001352493564,521.9979248,0.03920680657,
520.9852295,0.0002203713811,520.9852295,0.03821947053,
520.0097046,0.0004960253136,520.0097046,0.03794225678,
518.99646,2.492890235E-005,518.99646,0.03693357483,
517.9829712,0.0001756200218,517.9829712,0.03610559553,
517.0068359,0.000111298039,517.0068359,0.03508963063,
515.9929199,0.0003046811617,515.9929199,0.03432392702,
515.0163574,5.195624544E-005,515.0163574,0.03374670073,
514.0020142,-0.0002913264907,514.0020142,0.03257696703,
512.9873657,-2.774887071E-005,512.9873657,0.03244824335,
512.0101929,-0.0002190435916,512.0101929,0.0319189392,
510.9951782,-3.313277557E-005,510.9951782,0.03125773743,
510.0175781,0.0006150199333,510.0175781,0.03105732799,
509.0021057,0.0001241668506,509.0021057,0.03023333289,
507.9864197,0.000332088588,507.9864197,0.03003128804,
507.0081482,0.000160315496,507.0081482,0.02978217788,
505.9920044,6.925048365E-005,505.9920044,0.02895492315,
505.0133057,0.000251969439,505.0133057,0.02927408367,
503.9967346,0.000338901853,503.9967346,0.02935519814,
503.0176697,1.812055598E-005,503.0176697,0.02821599878,
502.0006104,-9.892490198E-005,502.0006104,0.02796767838,
500.9834595,0.0003746279399,500.9834595,0.0283352118,
500.0036621,0.0002414796618,500.0036621,0.02805774473,
498.986084,-8.406948473E-005,498.986084,0.02778751962,
498.0059509,0.0003908986691,498.0059509,0.02807273902,
496.987854,0.000173729597,496.987854,0.02768484503,
496.0073242,0.0001710622746,496.0073242,0.02777333558,
494.988739,0.0001469536219,494.988739,0.02786612138,
494.007782,-1.082020026E-005,494.007782,0.02782380953,
492.9888306,0.0001482224616,492.9888306,0.0279760994,
492.0074463,0.0001590466272,492.0074463,0.02793278359,
490.9881287,0.0002103226434,490.9881287,0.02772148699,
490.0063171,0.0003092921106,490.0063171,0.02796306834,
488.9866333,0.0001798152662,488.9866333,0.02783272415,
488.004303,-3.494465273E-005,488.004303,0.02792792581,
486.9841309,0.0003650419821,486.9841309,0.02809339575,
486.0015564,0.0001886202372,486.0015564,0.02820481174,
485.0187073,0.0001477304613,485.0187073,0.02851510048,
483.9979553,0.0001593573688,483.9979553,0.02846551128,
483.014679,0.0002245670476,483.014679,0.02858457156,
481.9934998,0.0002287368698,481.9934998,0.02886981703,
481.0098877,-6.569361722E-005,481.0098877,0.02909188718,
479.9882202,0.0001782614709,479.9882202,0.02930565178,
479.0042419,0.0004312153906,479.0042419,0.03001758456,
477.9821472,0.0002306534443,477.9821472,0.0303533785,
476.9977722,-0.0002026915899,476.9977722,0.03033003211,
476.0131836,0.0002433444897,476.0131836,0.03099999763,
474.990509,0.0001402987255,474.990509,0.03139417619,
474.0055237,0.000505121774,474.0055237,0.03204920515,
472.9823914,0.0004121188831,472.9823914,0.03255790845,
471.9970093,0.0003634616151,471.9970093,0.03319812566,
471.0114441,0.0002707480744,471.0114441,0.03359791264,
469.9877625,9.488243813E-005,469.9877625,0.034373153,
469.0018005,0.0002441215038,469.0018005,0.03520661965,
468.015625,0.0002665260399,468.015625,0.03617578372,
466.9913635,-0.0002354466997,466.9913635,0.03734502569,
466.0048218,0.000184994642,466.0048218,0.03872243688,
465.0180359,0.0002193613182,465.0180359,0.03965198249,
463.9931946,0.0002553365775,463.9931946,0.04127474502,
463.006073,3.318707968E-005,463.006073,0.04282428324,
462.0186768,0.0004123779945,462.0186768,0.04428071901,
460.9932556,0.000342451036,460.9932556,0.04618926346,
460.0055542,0.0003235656768,460.0055542,0.04771211371,
459.0176697,0.0001580366952,459.0176697,0.04985873401,
457.9916077,0.0003398344852,457.9916077,0.05214431509,
457.0032959,4.789168088E-005,457.0032959,0.05417143553,
456.0148926,7.160648966E-005,456.0148926,0.05706429854,
454.9882507,0.0001277919364,454.9882507,0.05968683213,
453.9994202,0.0003804314474,453.9994202,0.06212454662,
453.0104065,4.017688116E-005,453.0104065,0.06517838687,
451.9831238,-1.149321815E-005,451.9831238,0.06834225357,
450.9937439,-7.169821038E-005,450.9937439,0.07195582986,
450.0041504,0.0002989304776,450.0041504,0.0757599622,
449.0144348,0.0004712248628,449.0144348,0.07967033982,
447.9864197,0.00019486151,447.9864197,0.08359905332,
446.9963379,0.0005277989549,446.9963379,0.08780961484,
446.0059814,0.0002642466861,446.0059814,0.09235282987,
445.0155029,1.63602399E-005,445.0155029,0.09766157717,
443.9866943,0.0004316040431,443.9866943,0.1037268117,
442.9958801,0.0001687575277,442.9958801,0.1099044532,
442.0048218,0.0002630552044,442.0048218,0.1181595474,
441.0136108,0.0005567237968,441.0136108,0.1249256581,
439.9840393,-4.933585296E-005,439.9840393,0.1338133514,
438.9924622,0.0001016660972,438.9924622,0.143587485,
438.0007324,0.0002179886651,438.0007324,0.1545017362,
437.0087891,-0.0004118575016,437.0087891,0.1656290889,
436.0166626,-5.927482198E-005,436.0166626,0.1784321666,
434.9862366,0.0002944232256,434.9862366,0.195650056,
433.9937744,-0.0001002189019,433.9937744,0.2115678936,
433.0010681,0.0005008974695,433.0010681,0.2285269648,
432.0081787,0.000136828894,432.0081787,0.2486960143,
431.0152588,0.0001605226716,431.0152588,0.2677251101,
429.9838562,0.0001219141341,429.9838562,0.2906326652,
428.9904785,-0.0001507854759,428.9904785,0.31366238,
427.9969788,5.040290489E-005,427.9969788,0.3365985155,
427.0032654,-0.0001567888976,427.0032654,0.3594566882,
426.0093689,0.0001570267777,426.0093689,0.3811430633,
425.0152588,0.0001605485595,425.0152588,0.4033604264,
423.9828186,7.095923502E-005,423.9828186,0.4243900776,
422.9883728,0.000254404149,422.9883728,0.4420372248,
421.9938049,5.67975294E-005,421.9938049,0.4566376805,
420.9990234,0.0002678211313,420.9990234,0.4671191573,
420.0041199,0.0003492903779,420.0041199,0.4749212563,
419.0090027,0.00014879214,419.0090027,0.4786070585,
418.0137634,1.995853927E-005,418.0137634,0.4780542552,
417.0183105,2.228839003E-005,417.0183105,0.4740442634,
415.984436,-5.922305718E-005,415.984436,0.4660197496,
414.9886169,1.858652286E-005,414.9886169,0.455507189,
413.9926758,0.0002119283454,413.9926758,0.4412716925,
412.996521,5.327659164E-005,412.996521,0.4282239974,
412.0003052,0.0002003518312,412.0003052,0.4113805294,
411.0038147,9.247452545E-005,411.0038147,0.3948188722,
410.0072021,0.0002250332473,410.0072021,0.3756822944,
409.010376,0.0001223284198,409.010376,0.361972034,
408.0134277,-0.0001098979119,408.0134277,0.3434251845,
407.0162964,0.000170388972,407.0162964,0.3280698657,
406.0189819,0.0004481619399,406.0189819,0.3108986318,
404.9832153,-6.523215234E-006,404.9832153,0.2987250388,
403.9855652,-0.0001115541963,403.9855652,0.2845701873,
402.9877625,1.294300318E-006,402.9877625,0.2733616233,
401.9898071,0.0005848988658,401.9898071,0.2605665326,
400.9916992,-4.177794472E-005,400.9916992,0.2483636737,
399.9934082,-0.0001778002043,399.9934082,0.2386273146,
398.9949341,0.0001819129102,398.9949341,0.2278564721,
397.9963379,0.0002150102955,397.9963379,0.2204020917,
396.9975891,5.74706537E-005,396.9975891,0.2109456062,
395.9986267,-0.0001544082334,395.9986267,0.2020000666,
394.9995422,0.0003120639012,394.9995422,0.1941345483,
394.0002747,0.0001938256028,394.0002747,0.1885616779,
393.000885,-0.0001836479933,393.000885,0.1811520755,
392.0013123,0.0002039516548,392.0013123,0.173712939,
391.0015564,0.0001407389209,391.0015564,0.1686827838,
390.001709,0.0001142498077,390.001709,0.162074104,
389.0016479,4.760690354E-005,389.0016479,0.156239897,
388.0014343,0.0001078802306,388.0014343,0.1507116407,
387.0010681,2.938156831E-005,387.0010681,0.1468104571,
386.0005493,-2.479804971E-005,386.0005493,0.1421695054,
384.9998474,1.975144369E-005,384.9998474,0.1384638399,
383.9990234,0.0001759825827,383.9990234,0.1346890032,
382.9980469,1.38751011E-005,382.9980469,0.1320013553,
381.9968567,0.0003740579705,381.9968567,0.1293615252,
380.995575,0.0004120152444,380.995575,0.1268669218,
379.9941101,0.0003950700921,379.9941101,0.1252670288,
378.9924927,0.0002035890793,378.9924927,0.1239775345,
377.9907227,0.0004069368006,377.9907227,0.1233570203,
376.9888,0.0003072197724,376.9888,0.1224701703,
375.9867249,-8.272367268E-005,375.9867249,0.1217242032,
374.9844666,0.000679364719,374.9844666,0.1213519871,
373.9821167,0.0001263160084,373.9821167,0.1217447892,
373.0181274,-0.0005796657642,373.0181274,0.1211501434,
372.0154419,-0.000130652712,372.0154419,0.1224937811,
371.0126038,9.840371058E-005,371.0126038,0.1236413717,
370.009613,-0.0002877048682,370.009613,0.124044694,
369.0065002,5.019579476E-005,369.0065002,0.1257096082,
368.0032043,-8.086023445E-005,368.0032043,0.1266561598,
366.9997864,0.0001349127269,366.9997864,0.1286595017,
365.9961853,0.0001373208797,365.9961853,0.1298128814,
364.9924622,-0.0001076205226,364.9924622,0.1303866208,
363.9885864,7.484278467E-005,363.9885864,0.132202059,
362.9845581,0.000318565988,362.9845581,0.1335114986,
362.0189819,0.0002272346901,362.0189819,0.1344290376,
361.014679,0.0007618447416,361.014679,0.1354538798,
360.0101929,0.0003614667221,360.0101929,0.1355942786,
359.0056152,-0.0002775641915,359.0056152,0.135914728,
358.000824,2.451470391E-005,358.000824,0.1357081532,
356.9959106,-6.491715612E-005,356.9959106,0.1356925517,
355.9909058,-0.0004198744718,355.9909058,0.1346716732,
354.9856873,0.000272250385,354.9856873,0.1346333325,
354.0190125,-0.0001888229745,354.0190125,0.1325713694,
353.0135803,3.411904618E-005,353.0135803,0.1314368993,
352.0079346,2.38157445E-005,352.0079346,0.1300802231,
351.0021667,-0.0002316693863,351.0021667,0.1282963902,
349.9962769,0.0003146284434,349.9962769,0.1259257346,
348.9902344,0.0003438499698,348.9902344,0.1240546107,
347.9840088,-0.0003638042836,347.9840088,0.1220044047,
347.0163879,0.0002323110239,347.0163879,0.1191274226,
346.0099182,-0.0002158353309,346.0099182,0.1168773994,
345.0033264,5.338014671E-005,345.0033264,0.1145392582,
343.996582,0.0004609370953,343.996582,0.1128766164,
342.9896851,0.0003011582012,342.9896851,0.1105955467,
341.9826355,9.389855404E-005,341.9826355,0.1078392416,
341.0142517,-0.000278495485,341.0142517,0.1050162464,
340.0069275,0.0003199648636,340.0069275,0.1024121195,
338.9994812,-0.000301880762,338.9994812,0.1004700959,
337.9919128,0.0001033749722,337.9919128,0.09832493961,
336.9841614,0.0002729497501,336.9841614,0.0956588015,
336.0151062,4.007332609E-005,336.0151062,0.09324222058,
335.0071106,0.0006626942777,335.0071106,0.09065447003,
333.9989929,0.0002720949706,333.9989929,0.0876088962,
332.9907227,-1.780918137E-005,332.9907227,0.08491571248,
331.9823608,0.0003950700921,331.9823608,0.08329025656,
331.0126038,9.017018601E-005,331.0126038,0.08022922277,
330.0039368,-0.0005988987978,330.0039368,0.07798597962,
328.9951477,0.000292817218,328.9951477,0.07629507035,
327.9862366,-0.0007043035002,327.9862366,0.0729662776,
327.0159912,4.77363501E-005,327.0159912,0.07139153033,
326.0068359,-0.0002609039366,326.0068359,0.06934361905,
324.997467,0.000481616531,324.997467,0.06789093465,
323.9880371,7.028609252E-005,323.9880371,0.0658044517,
323.0172729,0.0001409978722,323.0172729,0.06399650872,
322.0075684,-0.0001497503981,322.0075684,0.06251035631,
320.9977112,0.0003072715772,320.9977112,0.06095850095,
319.9877625,0.0004613517085,319.9877625,0.05931277573,
319.01651,0.0001109614313,319.01651,0.05841301382,
318.0062866,7.634443318E-005,318.0062866,0.05727690086,
316.9959412,0.0003861573059,316.9959412,0.05658546835,
315.9854736,6.549199497E-006,315.9854736,0.05586637184,
315.0137024,0.0005192981334,315.0137024,0.05616410822,
314.0029907,0.0006546833902,314.0029907,0.05626625568,
312.9921265,6.632491568E-005,312.9921265,0.05539435893,
311.9811096,0.0001385120122,311.9811096,0.05649612844,
311.0088806,0.0002662670158,311.0088806,0.05773366615,
309.9976501,0.0001818611199,309.9976501,0.05851883069,
308.9862671,3.510279203E-005,308.9862671,0.06035903841,
308.0137024,0.0002630033996,308.0137024,0.06251971424,
307.0020752,1.514355517E-005,307.0020752,0.06494478136,
305.9903259,9.801533452E-005,305.9903259,0.06854693592,
305.017395,-5.735951709E-005,305.017395,0.07239081711,
304.0054321,0.0004273286322,304.0054321,0.07739284635,
302.9933167,0.000231637634,302.9933167,0.08409371227,
301.9811096,1.447049726E-005,301.9811096,0.0899925828,
301.0076904,-0.0004471310531,301.0076904,0.09820049256,
299.9952087,0.0003281509271,299.9952087,0.1047550589,
298.982605,0.000185357203,298.982605,0.1129785776,
298.0088501,5.247402805E-005,298.0088501,0.1196671724,
296.9960327,-0.0002797371999,296.9960327,0.1298797578,
295.9830627,-0.0001978272776,295.9830627,0.1415196657,
295.0089722,0.0001151301622,295.0089722,0.1524437815,
293.9957886,0.0001599529642,293.9957886,0.1637594849,
292.9824829,-8.308600809E-005,292.9824829,0.1803435385,
292.0080261,-0.0002550571808,292.0080261,0.1959305406,
290.9945068,-0.0001447819668,290.9945068,0.2052233368,
289.980835,0.0002852793841,289.980835,0.214360103,
289.006073,-7.604631537E-005,289.006073,0.2223242968,
287.992157,3.782104613E-005,287.992157,0.2356613874,
287.0171509,-5.694875654E-006,287.0171509,0.2498437017,
286.0030518,-0.0001447302202,286.0030518,0.2630618811,
284.9888,0.0002086651366,284.9888,0.2744719982,
284.0134888,-0.0006117203739,284.0134888,0.2789486051,
282.9990234,0.0002001964458,282.9990234,0.2827753723,
281.984436,0.0004843893985,281.984436,0.2842169702,
281.0087585,0.000134265385,281.0087585,0.2858422399,
279.993988,-7.475224265E-005,279.993988,0.2870106399,
279.0180969,0.000101640202,279.0180969,0.28733778,
278.0030823,0.0006881020381,278.0030823,0.2860796452,
276.9879456,-0.0002446052677,276.9879456,0.2833766341,
276.0117188,-0.0002349810093,276.0117188,0.2800421417,
274.9963684,0.0003566738742,274.9963684,0.2757270336,
273.980896,-5.658304144E-005,273.980896,0.2710026205,
273.004364,0.0002053760545,273.004364,0.2638771534,
271.9887085,0.0009331814363,271.9887085,0.2597705722,
271.0119629,0.0007378069567,271.0119629,0.2553685308,
269.9960632,-8.12811777E-006,269.9960632,0.2500993311,
269.0191345,-0.0006806814345,269.0191345,0.2447308004,
268.0030212,-0.001122620073,268.0030212,0.2371312976,
266.9867859,-0.0003509236849,266.9867859,0.231026426,
266.0095215,-6.989155281E-006,266.0095215,0.2243301123,
264.993103,-0.0001926524128,264.993103,0.2188193202,
264.0156555,-0.0005417141947,264.0156555,0.2116051912,
262.9989929,0.0003855873074,262.9989929,0.2068085819,
261.9822388,-0.000710712804,261.9822388,0.1983781606,
261.0044861,3.090894461E-005,261.0044861,0.1943172961,
259.9875183,-0.000297017541,259.9875183,0.1925795227,
259.009552,0.001563501894,259.009552,0.1895852983,
257.9923706,0.001227615168,257.9923706,0.1831794977,
257.0141907,0.0005993629456,257.0141907,0.1780976951,
255.9968414,-0.001699037035,255.9968414,0.1715016216,
255.0185089,0.0008093017968,255.0185089,0.1745484024,
254.0009003,0.0006792091881,254.0009003,0.1703824401,
252.9832306,-0.0007978487993,252.9832306,0.1712130606,
252.0045776,0.0005110825296,252.0045776,0.1723724157,
250.9866791,0.0007497349288,250.9866791,0.1743384451,
250.007843,0.0009379287949,250.007843,0.1772157103,
248.9897766,0.001004215563,248.9897766,0.183572337,
248.0107269,-0.000846319017,248.0107269,0.1898079813,
246.9924316,0.0006718460936,246.9924316,0.1984848976,
246.0132294,-0.0007291647489,246.0132294,0.2115653753,
244.994751,-0.0001172476113,244.994751,0.2290917635,
244.0153351,0.0002401587408,244.0153351,0.2508057952,
242.9966583,0.0007910704007,242.9966583,0.2749171257,
242.0170593,0.0002428264852,242.0170593,0.2990528941,
240.9981842,-5.61689194E-005,240.9981842,0.3432372212,
240.0183868,-8.184371836E-005,240.0183868,0.3950899839,
238.9993439,0.000601825479,238.9993439,0.4479559362,
238.0193939,-0.0004117540375,238.0193939,0.5225257874,
237.0001221,9.542616317E-005,237.0001221,0.622332871,
235.9807892,-0.0005391805316,235.9807892,0.7290533781,
235.0005341,-0.001070513972,235.0005341,0.86754179,
233.9809875,0.0004021434579,233.9809875,0.9957707524,
233.0005798,4.11588826E-006,233.0005798,1.192782879,
231.9808502,0.0005266586086,231.9808502,1.372466683,
231.0002594,0.001452454482,231.0002594,1.539824605,
230.0195923,0.000902986445,230.0195923,1.696682334,
228.999588,0.001438793028,228.999588,1.753957868,
228.018692,0.001555370516,228.018692,2.0014112,
226.9985352,0.004552502185,226.9985352,2.121584654,
226.0175171,0.0009487986099,226.0175171,2.160027266,
224.9971466,0.002793362364,224.9971466,2.285484314,
224.0159149,0.004204834346,224.0159149,2.357302904,
222.9953766,0.01844616793,222.9953766,2.464189053,
222.0139923,0.004059349652,222.0139923,2.465976,
220.9932861,-0.008488839492,220.9932861,2.248232603,
220.0117188,-0.002966833068,220.0117188,1.990417719,
218.9908447,0.02982617728,218.9908447,1.934516072,
218.0091248,0.02311190404,218.0091248,1.643551826,
216.9880524,0.005379067268,216.9880524,1.557029247,
216.0061646,0.03563812748,216.0061646,1.241793633,
214.9849243,0.006692949217,214.9849243,1.610601306,
214.0028839,0.02457375638,214.0028839,1.322741985,
212.9814453,0.0143358754,212.9814453,1.016534567,
211.9992371,-0.04443734139,211.9992371,0.6919949651,
211.0169373,0.08181037009,211.0169373,0.5173162222,
209.9953003,0.1339422315,209.9953003,0.4271984696,
209.0128174,0.01684992015,209.0128174,0.2837741077,
207.9910126,-0.1429657787,207.9910126,0.2108586431,
207.0083923,-0.006369622424,207.0083923,0.4012199938,
205.9864044,0.07884078473,205.9864044,0.2972622216,
205.0036163,0.07561211288,205.0036163,0.2790786624,
203.9814758,0.0003408189223,203.9814758,-0.03624426574,
202.9985199,0.1537368894,202.9985199,0.5607227683,
202.0155182,0.2429836243,202.0155182,0.4958687425,
200.993103,-0.1568132788,200.993103,0.5475597382,
200.0099487,-0.1487668306,200.0099487,0.3100294769,

baseline,
baseline
Collection Time: 03/06/2019 10:24:51
Operator Name  :
Scan Version 5.0.0.999
Parameter List :
Instrument  Cary 60
Instrument Version  2.00
Start (nm)  800.0
Stop (nm)  200.0
X Mode  Nanometers
Y Mode  Abs
UV-Vis Scan Rate (nm/min)  4800.00
UV-Vis Data Interval (nm)  1.00
UV-Vis Ave. Time (sec)  0.0125
Beam Mode  Dual Beam
Baseline Correction  On
Baseline Type  Baseline correction
Baseline File Name
Baseline Std Ref File Name
Cycle Mode  Off
Method Log     :
Method Name    :
Date/Time stamp: 30/05/2019 09:34:49
Method Modifications:
Common Interval nm Changed: 03/06/2019 10:24:31, Old:     5.00, New:     1.00
Baseline Correction Changed: 03/06/2019 10:24:31, Old:0, New:1
Storage Changed: 03/06/2019 10:24:31, Old:1, New:0
End Method Modifications
<Current Wavelength> , 292.0

bm3WTHemeDomain_5in1000,
bm3WTHemeDomain_5in1000
Collection Time: 03/06/2019 10:25:59
Operator Name  :
Scan Version 5.0.0.999
Parameter List :
Instrument  Cary 60
Instrument Version  2.00
Start (nm)  800.0
Stop (nm)  200.0
X Mode  Nanometers
Y Mode  Abs
UV-Vis Scan Rate (nm/min)  4800.00
UV-Vis Data Interval (nm)  1.00
UV-Vis Ave. Time (sec)  0.0125
Beam Mode  Dual Beam
Baseline Correction  On
Baseline Type  Baseline correction
Baseline File Name
Baseline Std Ref File Name
Cycle Mode  Off
Method Log     :
Method Name    :
Date/Time stamp: 30/05/2019 09:34:49
Method Modifications:
Common Interval nm Changed: 03/06/2019 10:24:31, Old:     5.00, New:     1.00
Baseline Correction Changed: 03/06/2019 10:24:31, Old:0, New:1
Storage Changed: 03/06/2019 10:24:31, Old:1, New:0
End Method Modifications
<Current Wavelength> , 249.0

