baseline,,bm3wthemeDil2uM,,bm3wthemeDil5uM1,,bm3wthemeDil10uM,,
Wavelength (nm),Abs,Wavelength (nm),Abs,Wavelength (nm),Abs,Wavelength (nm),Abs,
799.9971313,-0.0005947110476,799.9971313,0.003252059221,799.9971313,0.003194790101,799.9971313,0.004799798597,
798.9984131,-8.665757923E-005,798.9984131,0.004196888767,798.9984131,0.004164531827,798.9984131,0.006426838692,
797.9993896,0.001331412699,797.9993896,0.004117882811,797.9993896,0.002651162446,797.9993896,0.005109281279,
796.9998779,-0.0004413385177,796.9998779,0.001250459929,796.9998779,0.003601000411,796.9998779,0.004341138527,
796,0.00115836144,796,0.00373902102,796,0.003442175919,796,0.005009002518,
794.9996948,0.001630507759,794.9996948,0.003802942578,794.9996948,0.005555486772,794.9996948,0.005578376818,
793.9990234,-0.0006399988197,793.9990234,0.003128663637,793.9990234,0.003303910373,793.9990234,0.00436822651,
792.9979858,0.0004446119419,792.9979858,0.00327344588,792.9979858,0.003420494031,792.9979858,0.005781292915,
791.99646,0.000716622686,791.99646,0.00295580714,791.99646,0.0037807466,791.99646,0.004351126496,
790.9946289,-0.001974229468,790.9946289,0.002778147813,790.9946289,0.002321200212,790.9946289,0.003410997102,
789.9923096,0.001236311626,789.9923096,0.004464853089,789.9923096,0.003827829612,789.9923096,0.004651419353,
788.989563,0.0008768138941,788.989563,0.001318326336,788.989563,0.003135677427,788.989563,0.003840156132,
787.9865112,-0.0004297015257,787.9865112,0.002502317773,787.9865112,0.00350589701,787.9865112,0.00383712654,
786.9830322,-0.002097952412,786.9830322,0.001713376492,786.9830322,0.002041394822,786.9830322,0.00474023167,
786.0137329,9.501189925E-005,786.0137329,0.004524068441,786.0137329,0.004512323998,786.0137329,0.004992426839,
785.0094604,0.0006237300113,785.0094604,0.003170852084,785.0094604,0.003340455238,785.0094604,0.006225958001,
784.0048218,-0.0008635252016,784.0048218,0.002977283439,784.0048218,0.002684422536,784.0048218,0.005361927208,
782.9998169,-0.0009220106876,782.9998169,0.002344206674,782.9998169,0.00337322033,782.9998169,0.005088799633,
781.9943237,0.0002083284635,781.9943237,0.003413840896,781.9943237,0.004159775097,781.9943237,0.00544433156,
780.9884644,-0.0009090433014,780.9884644,0.003881159937,780.9884644,0.004873640835,780.9884644,0.005767914467,
780.0169067,7.885581726E-005,780.0169067,0.003525547683,780.0169067,0.002836351981,780.0169067,0.005414188374,
779.0102539,5.638329822E-005,779.0102539,0.002116278047,779.0102539,0.002404981758,779.0102539,0.004294365644,
778.0031738,-0.0007733532693,778.0031738,0.002693825401,778.0031738,0.004169419408,778.0031738,0.004325372633,
776.9957275,0.0005575272953,776.9957275,0.003226605477,776.9957275,0.00322321523,776.9957275,0.006898018066,
775.9879761,-0.001482441439,775.9879761,0.003363985335,775.9879761,0.004035206977,775.9879761,0.005406325217,
775.0145264,-0.001503285603,775.0145264,0.001294958754,775.0145264,0.003257536329,775.0145264,0.004128179047,
774.0058594,-0.0004572678008,774.0058594,0.003906495403,774.0058594,0.005215006415,774.0058594,0.005257555284,
772.9969482,-0.0001705550385,772.9969482,0.001311004278,772.9969482,0.003449507756,772.9969482,0.0052582887,
771.9875488,0.0002623558685,771.9875488,0.004416105337,771.9875488,0.005170340184,771.9875488,0.006123767234,
771.0126343,-0.0010213973,771.0126343,0.003052719403,771.0126343,0.004089085385,771.0126343,0.005154544022,
770.0024414,-0.0001390889229,770.0024414,0.001464142348,770.0024414,0.001710907673,770.0024414,0.00463925302,
768.9920044,-0.0007555233315,768.9920044,0.002885130933,768.9920044,0.002864727518,768.9920044,0.005332706962,
768.0158691,0.0002356003242,768.0158691,0.003692078171,768.0158691,0.00433222251,768.0158691,0.005668375175,
767.0045776,-0.00131049112,767.0045776,0.001825192594,767.0045776,0.003789807437,767.0045776,0.005001985002,
765.9929199,0.0004002779315,765.9929199,0.00308624492,765.9929199,0.004276170395,765.9929199,0.005818597972,
765.0157471,0.0001938515052,765.0157471,0.003638196737,765.0157471,0.004057546612,765.0157471,0.00568356039,
764.0032959,-0.0006596427411,764.0032959,0.003384855576,764.0032959,0.00316164759,764.0032959,0.005255406722,
762.9904785,0.0005446196883,762.9904785,0.004262524657,762.9904785,0.00515577523,762.9904785,0.006046141963,
762.012207,-3.297747025E-005,762.012207,0.003284426406,762.012207,0.004144721664,762.012207,0.005600559991,
760.9985962,0.0006977988523,760.9985962,0.00365349371,760.9985962,0.004694201052,760.9985962,0.006734591443,
759.9846191,0.0008080051048,759.9846191,0.002927373629,759.9846191,0.004126559012,759.9846191,0.006270444021,
759.005249,0.000407377287,759.005249,0.002534446772,759.005249,0.005243066233,759.005249,0.005559445824,
757.9905396,0.001360027585,757.9905396,0.004936629906,757.9905396,0.005118972622,757.9905396,0.008218515664,
757.010376,0.0006814129301,757.010376,0.00396404136,757.010376,0.003671715269,757.010376,0.006628732663,
755.994873,7.341881428E-005,755.994873,0.003453160636,755.994873,0.004567831289,755.994873,0.006262118928,
755.0140991,0.0005041629192,755.0140991,0.003563494189,755.0140991,0.005133510102,755.0140991,0.007232661825,
753.9978638,-0.0004835394502,753.9978638,0.003654407337,753.9978638,0.004226320423,753.9978638,0.006752627436,
753.0162354,-0.0004337357241,753.0162354,0.003392264713,753.0162354,0.004771375097,753.0162354,0.006687639281,
751.9993286,-0.0002630253148,751.9993286,0.001980020432,751.9993286,0.003659732873,751.9993286,0.006116888486,
751.0170288,-0.0006085666828,751.0170288,0.002698696218,751.0170288,0.00322798756,751.0170288,0.007124128751,
749.9992065,-0.0001963783288,749.9992065,0.003173537785,749.9992065,0.004070088733,749.9992065,0.006868194323,
749.0162354,-0.0002583168971,749.0162354,0.003124126932,749.0162354,0.004181075841,749.0162354,0.007249164861,
747.9977417,-0.0008123181178,747.9977417,0.002332989359,747.9977417,0.003501356347,747.9977417,0.005900538061,
747.0140381,0.0005566719337,747.0140381,0.002755300608,747.0140381,0.004552580416,747.0140381,0.007263326086,
745.994812,-0.000706836232,745.994812,0.002496485831,745.994812,0.004459622316,745.994812,0.006447331514,
745.010376,0.0009903346654,745.010376,0.003203630447,745.010376,0.004867305979,745.010376,0.008919931948,
743.9903564,-2.060474253E-005,743.9903564,0.004181807861,743.9903564,0.005158682819,743.9903564,0.008641996421,
743.005188,-0.000208383819,743.005188,0.002404981758,743.005188,0.00463475287,743.005188,0.007572252303,
741.9845581,-0.0004343046458,741.9845581,0.004252251238,741.9845581,0.004650712945,741.9845581,0.006902778056,
740.9985962,-0.000130497443,740.9985962,0.003803830361,740.9985962,0.004119006451,740.9985962,0.008046917617,
740.0124512,0.000464953715,740.0124512,0.003833705559,740.0124512,0.005460636225,740.0124512,0.008712533861,
738.9906006,0.0001169426614,738.9906006,0.003839738201,738.9906006,0.005385147873,738.9906006,0.00765291648,
738.0036621,-0.0004227191675,738.0036621,0.003535986412,738.0036621,0.005308650434,738.0036621,0.008558719419,
737.0164185,-0.0002099879785,737.0164185,0.003380420618,737.0164185,0.005440976471,737.0164185,0.007035091054,
735.9934692,-8.008380246E-005,735.9934692,0.004332954995,735.9934692,0.00449307356,735.9934692,0.008315817453,
735.0054932,0.001125840936,735.0054932,0.00413303962,735.0054932,0.005280586425,735.0054932,0.008247666992,
734.0172119,-0.0002560402791,734.0172119,0.003906782717,734.0172119,0.004967735149,734.0172119,0.009154474363,
732.9931641,-8.836570487E-005,732.9931641,0.003462058259,732.9931641,0.004746355582,732.9931641,0.008848779835,
732.0041504,0.001019523828,732.0041504,0.004557079636,732.0041504,0.005646870472,732.0041504,0.009295064956,
731.0147705,0.0001847874664,731.0147705,0.003733668476,731.0147705,0.00539951073,731.0147705,0.009153654799,
729.9896851,0.00013897811,729.9896851,0.003845875384,729.9896851,0.005428735632,729.9896851,0.009062508121,
728.9995728,-8.148138295E-005,728.9995728,0.003330907784,728.9995728,0.006059503183,728.9995728,0.009371289052,
728.0090942,-0.0007451351266,728.0090942,0.003316900227,728.0090942,0.004498801194,728.0090942,0.008245793171,
726.9829712,-0.0002293926373,726.9829712,0.003566234605,726.9829712,0.005151950754,726.9829712,0.00901665166,
725.9918213,0.0001415934385,725.9918213,0.003880245844,725.9918213,0.005598567426,725.9918213,0.009539837949,
725.0003662,-0.0001175063953,725.0003662,0.003284530714,725.0003662,0.005418408196,725.0003662,0.009382926859,
724.0085449,-0.0006635197205,724.0085449,0.003581764176,724.0085449,0.005222420674,724.0085449,0.008413827978,
723.0164185,0.0005465635913,723.0164185,0.004619290587,723.0164185,0.006268290803,723.0164185,0.01102407463,
721.9884644,-0.00042266745,721.9884644,0.003435313702,721.9884644,0.005492145661,721.9884644,0.009607027285,
720.9956055,0.0001852795103,720.9956055,0.003399935085,720.9956055,0.005928064696,720.9956055,0.008886137977,
720.0023804,0.000183958764,720.0023804,0.003636212787,720.0023804,0.005558449775,720.0023804,0.01043969858,
719.0088501,-0.0001982930116,719.0088501,0.003421172267,719.0088501,0.005767206196,719.0088501,0.009837440215,
718.0150146,-0.0001268227206,718.0150146,0.003527922556,718.0150146,0.005162114277,718.0150146,0.009680103511,
716.9852295,-4.094967153E-005,716.9852295,0.003907279111,716.9852295,0.005895552225,716.9852295,0.009941753,
715.9906616,0.0004867476819,715.9906616,0.003848043038,715.9906616,0.005739794578,715.9906616,0.009793063626,
714.9957886,0.0002991895017,714.9957886,0.003836160293,714.9957886,0.006733697839,714.9957886,0.0102375634,
714.0005493,-0.0004023403744,714.0005493,0.004042052664,714.0005493,0.006173441652,714.0005493,0.01059688628,
713.0050049,-0.000103945611,713.0050049,0.003330516629,713.0050049,0.005254961085,713.0050049,0.009456653148,
712.0090332,-0.0004491480649,712.0090332,0.002945017302,712.0090332,0.005373196676,712.0090332,0.009975126013,
711.0128174,-0.0007777977153,711.0128174,0.003276810516,711.0128174,0.006162545178,711.0128174,0.009842232801,
710.0162354,-0.0003400602145,710.0162354,0.004298496526,710.0162354,0.006015222054,710.0162354,0.01006794814,
708.9837036,0.0002443805279,708.9837036,0.003740561428,708.9837036,0.006488660816,708.9837036,0.01044669934,
707.9863892,0.0003494457924,707.9863892,0.004314940888,707.9863892,0.005656416528,707.9863892,0.01105745137,
706.9888306,0.0007018176257,706.9888306,0.004080305807,706.9888306,0.007064689416,706.9888306,0.0112556126,
705.9909668,1.796523429E-005,705.9909668,0.00461782515,705.9909668,0.006399648264,705.9909668,0.01089370064,
704.9926147,0.0003628398408,704.9926147,0.003933033906,704.9926147,0.006366286427,704.9926147,0.01063243113,
703.9940796,6.355470396E-005,703.9940796,0.005029899999,703.9940796,0.006127468776,703.9940796,0.01070814766,
702.9951172,0.0001679288544,702.9951172,0.003228483023,702.9951172,0.006533147767,702.9951172,0.01019934658,
701.9957886,0.000613386801,701.9957886,0.005085656419,701.9957886,0.006412521005,701.9957886,0.01124214381,
700.9962769,0.0004160573008,700.9962769,0.003858437529,700.9962769,0.006225406658,700.9962769,0.01064492576,
699.9962769,0.0001704666647,699.9962769,0.004302888643,699.9962769,0.006023227703,699.9962769,0.01100373734,
698.9960938,1.819821773E-005,698.9960938,0.003993405029,698.9960938,0.006145637017,698.9960938,0.01076442562,
697.9954834,-0.0001175063953,697.9954834,0.003377916059,697.9954834,0.00638438575,697.9954834,0.01068103313,
696.9945679,0.0001635783556,696.9945679,0.004607150797,696.9945679,0.006264298689,696.9945679,0.01070533507,
695.9932861,0.0006090577808,695.9932861,0.003992020153,695.9932861,0.00642339699,695.9932861,0.0108655123,
694.9917603,0.0004275877727,694.9917603,0.004748134874,694.9917603,0.007624990772,694.9917603,0.01136473101,
693.9898682,0.0003056914138,693.9898682,0.004056422971,693.9898682,0.007183813024,693.9898682,0.01119533926,
692.9876709,0.0002085874439,692.9876709,0.004040014464,692.9876709,0.006362057291,692.9876709,0.0107257124,
691.9850464,0.0002296433522,691.9850464,0.004602886736,691.9850464,0.006666346919,691.9850464,0.0112417452,
690.9821167,0.0003575547016,690.9821167,0.004323516507,690.9821167,0.006736563519,690.9821167,0.01122899447,
690.0147705,0.000138667383,690.0147705,0.003749882802,690.0147705,0.006566286087,690.0147705,0.01076519582,
689.0112915,0.0002531090868,689.0112915,0.004374554381,689.0112915,0.006985422689,689.0112915,0.01131429989,
688.0074463,-9.405942546E-005,688.0074463,0.003752728924,688.0074463,0.007028776687,688.0074463,0.01145909913,
687.0032349,-0.0004707141197,687.0032349,0.004615365993,687.0032349,0.007289886475,687.0032349,0.01120272372,
685.9987793,-2.485045798E-006,685.9987793,0.003088669386,685.9987793,0.005951813888,685.9987793,0.01065232791,
684.9938965,-0.0004349252849,684.9938965,0.004435614217,684.9938965,0.007459579036,684.9938965,0.01107120607,
683.9888306,-0.0001747986535,683.9888306,0.004115060437,683.9888306,0.006465381477,683.9888306,0.0115596829,
682.9833374,8.615705156E-005,682.9833374,0.004466605373,682.9833374,0.006943362299,682.9833374,0.01191515289,
682.0134277,-0.0001081381124,682.0134277,0.004210663028,682.0134277,0.006819123868,682.0134277,0.01198670268,
681.0073242,-0.000121698773,681.0073242,0.0049732076,681.0073242,0.006437269039,681.0073242,0.01133404113,
680.0008545,-0.0002608522191,680.0008545,0.004245350137,680.0008545,0.00648563914,680.0008545,0.01216268539,
678.9942017,0.0003046811617,678.9942017,0.003870843211,678.9942017,0.007418578025,678.9942017,0.0122572016,
677.9871216,0.000674749841,677.9871216,0.004610395059,677.9871216,0.007280173246,677.9871216,0.01248894446,
677.015686,-0.0006873495295,677.015686,0.00399510283,677.015686,0.006983949803,677.015686,0.01197813358,
676.0079956,-6.155246956E-005,676.0079956,0.003972479142,676.0079956,0.006402879488,676.0079956,0.01141304243,
675.000061,-0.0009288300062,675.000061,0.004143624101,675.000061,0.006736090407,675.000061,0.01147906017,
673.9916992,0.0001125149938,673.9916992,0.00498297438,673.9916992,0.007695151493,673.9916992,0.01205954142,
672.9830322,0.0005233411794,672.9830322,0.004550984595,672.9830322,0.007487547118,672.9830322,0.01258113235,
672.0100708,-0.000876390608,672.0100708,0.004607595969,672.0100708,0.007038695272,672.0100708,0.01294352021,
671.0008545,-0.0001031692154,671.0008545,0.004082683474,671.0008545,0.007467400283,671.0008545,0.01161051448,
669.991272,-7.972805179E-006,669.991272,0.003740848741,669.991272,0.006960538216,669.991272,0.01170823444,
669.017395,0.001041060197,669.017395,0.004020497669,669.017395,0.007177523337,669.017395,0.01315012202,
668.0071411,2.117523763E-005,668.0071411,0.004947600421,668.0071411,0.006683144253,668.0071411,0.01257188618,
666.9966431,-0.0004205468576,666.9966431,0.003893644549,666.9966431,0.007522206753,666.9966431,0.01250780653,
665.9858398,-0.0001567888976,665.9858398,0.004398663528,665.9858398,0.006671446376,665.9858398,0.0125284018,
665.0108032,-0.0004028058902,665.0108032,0.003680956783,665.0108032,0.007504217792,665.0108032,0.01244429592,
663.9993286,0.000945374195,663.9993286,0.005415813532,663.9993286,0.008830340579,663.9993286,0.01330530364,
662.9875488,0.0005987148616,662.9875488,0.005045638885,662.9875488,0.00730960397,662.9875488,0.01272768807,
662.0115967,0.0003170894051,662.0115967,0.004351283424,662.0115967,0.008021049201,662.0115967,0.01362862904,
660.9992676,-0.0002027433511,660.9992676,0.00511627458,660.9992676,0.007979785092,660.9992676,0.01326438785,
659.9865723,0.000150993219,659.9865723,0.005115829408,659.9865723,0.007812814787,659.9865723,0.01365376543,
659.0097046,0.000629718299,659.0097046,0.004994810093,659.0097046,0.008257295936,659.0097046,0.01374497171,
657.9963989,-0.0004934167955,657.9963989,0.004249140155,657.9963989,0.007301258855,657.9963989,0.012419709,
656.9827881,0.000907811278,656.9827881,0.005527721718,656.9827881,0.008393136784,656.9827881,0.01499427296,
656.0050659,-0.0006785104051,656.0050659,0.004889714532,656.0050659,0.007624621969,656.0050659,0.01338578574,
654.9907837,-0.0003931851243,654.9907837,0.005730614066,654.9907837,0.008053140715,654.9907837,0.01365421899,
654.0125732,-0.0001294623216,654.0125732,0.004718667828,654.0125732,0.008632120676,654.0125732,0.01364746131,
652.9976807,-0.0004418557219,652.9976807,0.005087516271,652.9976807,0.008431009017,652.9976807,0.0140586514,
651.982605,5.990426143E-005,651.982605,0.005352047272,651.982605,0.008498370647,651.982605,0.01482517365,
651.0033569,0.000910820323,651.0033569,0.005250061862,651.0033569,0.008258667774,651.0033569,0.01501383353,
649.9876709,0.0002781561343,649.9876709,0.00512842834,649.9876709,0.007771727629,649.9876709,0.0137157701,
649.0078735,0.0001687057375,649.0078735,0.005524470471,649.0078735,0.008583800867,649.0078735,0.0137787452,
647.9914551,0.0002777416958,647.9914551,0.005109621678,647.9914551,0.008204349317,647.9914551,0.01454407722,
647.0111694,0.0002584965259,647.0111694,0.005930242594,647.0111694,0.008915017359,647.0111694,0.01434098557,
645.9942627,-0.0003454919788,645.9942627,0.004675962497,645.9942627,0.008221944794,645.9942627,0.01390525792,
645.0133057,0.0003345237346,645.0133057,0.00463828491,645.0133057,0.00856671948,645.0133057,0.01419928763,
643.9957275,-0.0005403180839,643.9957275,0.004970955662,643.9957275,0.007354833186,643.9957275,0.01348265074,
643.0142822,-5.394300752E-005,643.0142822,0.004439798649,643.0142822,0.008457456715,643.0142822,0.01423424669,
641.9960938,-0.0005061380216,641.9960938,0.00490628602,641.9960938,0.008160218596,641.9960938,0.01394861378,
641.0140381,0.0002628220827,641.0140381,0.00488277711,641.0140381,0.008468199521,641.0140381,0.01439886075,
639.9953003,-0.0002052272321,639.9953003,0.005778774619,639.9953003,0.008595814928,639.9953003,0.01502096187,
639.0126343,0.0006129720714,639.0126343,0.005095975939,639.0126343,0.009012052789,639.0126343,0.01475832425,
637.9932861,-0.0002821689122,637.9932861,0.004339621868,637.9932861,0.008296925575,637.9932861,0.01440635324,
637.0101318,-4.276151594E-005,637.0101318,0.00474010082,637.0101318,0.008521125652,637.0101318,0.01516032871,
635.9901733,0.0001068704223,635.9901733,0.004998816177,635.9901733,0.008467486128,635.9901733,0.01501994394,
635.0064697,0.0004565836571,635.0064697,0.005217678845,635.0064697,0.008624014445,635.0064697,0.01570254005,
633.9859009,0.0003308192245,633.9859009,0.005635751411,633.9859009,0.00852397643,633.9859009,0.01448056288,
633.0015259,-0.0002872392361,633.0015259,0.005001775455,633.0015259,0.008726082742,633.0015259,0.01495981589,
632.0169678,-7.966970588E-005,632.0169678,0.004998266231,632.0169678,0.008872135542,632.0169678,0.01520544477,
630.9955444,-0.0005490048788,630.9955444,0.004296038765,630.9955444,0.007697812747,630.9955444,0.01511639636,
630.0103149,0.0002342535154,630.0103149,0.004794982728,630.0103149,0.007865872234,630.0103149,0.0146830501,
628.9883423,-0.0007098341011,628.9883423,0.004645532463,628.9883423,0.008445816115,628.9883423,0.01469507255,
628.0026245,0.000263029302,628.0026245,0.005259100813,628.0026245,0.008418789133,628.0026245,0.01481968258,
627.0165405,0.0004104865366,627.0165405,0.005156980362,627.0165405,0.008464029059,627.0165405,0.01509926934,
625.9936523,-0.0006041722372,625.9936523,0.00463663647,625.9936523,0.008422880433,625.9936523,0.01381511334,
625.0071411,-0.0006349325995,625.0071411,0.00511394348,625.0071411,0.008181425743,625.0071411,0.0143102454,
623.9837036,8.090118354E-005,623.9837036,0.004658981226,623.9837036,0.008500006981,623.9837036,0.01508155372,
622.996521,-0.0005304418155,622.996521,0.004066900816,622.996521,0.008733688854,622.996521,0.01501576323,
622.0091553,0.0008394125034,622.0091553,0.005534538068,622.0091553,0.009356687777,622.0091553,0.01580808498,
620.9848633,-0.0001935838955,620.9848633,0.005710443947,620.9848633,0.008183510043,620.9848633,0.01522627473,
619.9968262,0.0002480066032,619.9968262,0.004662094638,619.9968262,0.009115745313,619.9968262,0.01565216668,
619.008606,-8.251662803E-005,619.008606,0.004731072113,619.008606,0.008534404449,619.008606,0.01524560526,
617.9834595,-0.0006722040707,617.9834595,0.005226429086,617.9834595,0.008356823586,617.9834595,0.01474455837,
616.9946289,-0.0002398449142,616.9946289,0.004429285415,616.9946289,0.007848211564,616.9946289,0.01572653651,
616.0056152,5.47522759E-005,616.0056152,0.004925005138,616.0056152,0.008676273748,616.0056152,0.01549324673,
615.0161743,4.434492803E-005,615.0161743,0.005000256468,615.0161743,0.00937803369,615.0161743,0.01567803696,
613.9899902,-0.0004632669734,613.9899902,0.004900866654,613.9899902,0.009023100138,613.9899902,0.01597608998,
613,6.956116704E-005,613,0.005116929766,613,0.009671977721,613,0.01647267118,
612.0098877,-5.435713319E-005,612.0098877,0.004980120342,612.0098877,0.009373827837,612.0098877,0.01649724692,
610.9828491,0.0001671260834,610.9828491,0.005223390181,610.9828491,0.009648606181,610.9828491,0.01671458408,
609.9920654,0.0009741971735,609.9920654,0.00598774245,609.9920654,0.01029555686,609.9920654,0.01781917177,
609.0010376,0.00035112974,609.0010376,0.005183831323,609.0010376,0.009823035449,609.0010376,0.0174610205,
608.0098267,-0.0004240121925,608.0098267,0.004973443225,608.0098267,0.009935079142,608.0098267,0.01744385436,
607.0182495,0.0002607758506,607.0182495,0.00529224705,607.0182495,0.01014433429,607.0182495,0.01852198876,
605.9897461,3.489568553E-005,605.9897461,0.005860707257,605.9897461,0.01057078596,605.9897461,0.01821292564,
604.9977417,0.0003563370847,604.9977417,0.005412484519,604.9977417,0.01081115752,604.9977417,0.01935516484,
604.0053711,-0.0001176616715,604.0053711,0.005527721718,604.0053711,0.01011500228,604.0053711,0.01939024404,
603.0128174,0.000372581213,603.0128174,0.006103105843,603.0128174,0.01165084913,603.0128174,0.02055325545,
601.9832153,-1.874103691E-005,601.9832153,0.005793990102,601.9832153,0.01215738803,601.9832153,0.02089397609,
600.9900513,0.0005647069775,600.9900513,0.006203821395,600.9900513,0.01188884024,600.9900513,0.0216778107,
599.9966431,-0.0003410431091,599.9966431,0.006358196028,599.9966431,0.01209797431,599.9966431,0.02147897333,
599.0029907,7.549004658E-005,599.0029907,0.006304350216,599.0029907,0.01182486117,599.0029907,0.02184851095,
598.0090942,-0.0001033762528,598.0090942,0.006439186633,598.0090942,0.01214892324,598.0090942,0.02261798456,
597.0148926,-0.000236895532,597.0148926,0.006408080924,597.0148926,0.01250706054,597.0148926,0.02353849821,
595.9836426,-9.788970056E-005,595.9836426,0.007174760103,595.9836426,0.01346841827,595.9836426,0.0242086798,
594.9889526,6.088806549E-005,594.9889526,0.007410099264,594.9889526,0.01446648501,594.9889526,0.02568760887,
593.9939575,-0.000284290174,593.9939575,0.006757701747,593.9939575,0.0137947239,593.9939575,0.02648155577,
592.9987183,0.0002233756823,592.9987183,0.007205078378,592.9987183,0.01462660916,592.9987183,0.02727455832,
592.0031738,0.0003087481309,592.0031738,0.007281910628,592.0031738,0.01526960172,592.0031738,0.0288767051,
591.0074463,-0.0002743563673,591.0074463,0.007702345029,591.0074463,0.01637618616,591.0074463,0.03039241023,
590.0114136,0.0002414796618,590.0114136,0.008118544705,590.0114136,0.01720404066,590.0114136,0.03171855956,
589.0151978,-0.0004177021328,589.0151978,0.008372763172,589.0151978,0.01773176901,589.0151978,0.03317049146,
587.9817505,0.0009731334285,587.9817505,0.009421362542,587.9817505,0.01883378625,587.9817505,0.03616222367,
586.9849243,-0.0003100549802,586.9849243,0.008894434199,586.9849243,0.01902200468,586.9849243,0.03731881827,
585.987854,-0.0005546408356,585.987854,0.009630582295,585.987854,0.02143820375,585.987854,0.04011978954,
584.9906006,-1.346049521E-005,584.9906006,0.009722986259,584.9906006,0.02188640647,584.9906006,0.04334943369,
583.992981,-0.0004849357356,583.992981,0.01000582613,583.992981,0.02342089452,583.992981,0.04563815519,
582.9951782,0.0002382162347,582.9951782,0.01114022639,582.9951782,0.02547490224,582.9951782,0.0492827706,
581.9970093,-0.00039820245,581.9970093,0.01202744432,581.9970093,0.02677346207,581.9970093,0.05205477402,
580.9987793,5.369081555E-005,580.9987793,0.01241845731,580.9987793,0.0283119455,580.9987793,0.05573835969,
580.0001221,0.0005166805349,580.0001221,0.01346964668,580.0001221,0.03032153845,580.0001221,0.05927473679,
579.0013428,-0.0002594552061,579.0013428,0.01363092661,579.0013428,0.03195841983,579.0013428,0.06245353445,
578.0021973,-0.0001842689962,578.0021973,0.01435374841,578.0021973,0.03363122419,578.0021973,0.06509787589,
577.0028076,6.171653513E-005,577.0028076,0.01476137713,577.0028076,0.03529092669,577.0028076,0.06885861605,
576.0032349,2.987343396E-005,576.0032349,0.01586548425,576.0032349,0.03706121072,576.0032349,0.0722958371,
575.0033569,-0.0003989782999,575.0033569,0.01542618684,575.0033569,0.03752866015,575.0033569,0.07405710965,
574.0032959,-0.0001481460058,574.0032959,0.01660180092,574.0032959,0.03889524564,574.0032959,0.07671749592,
573.0028687,0.0005801813095,573.0028687,0.01702379435,573.0028687,0.0404449068,573.0028687,0.07899386436,
572.0022583,0.0002254476276,572.0022583,0.01702993363,572.0022583,0.04061660916,572.0022583,0.08012218773,
571.0014038,0.0001497502526,571.0014038,0.01735186763,571.0014038,0.04167856649,571.0014038,0.08156723529,
570.0003052,0.0002317412291,570.0003052,0.01765252836,570.0003052,0.04171894118,570.0003052,0.08244226873,
568.9989014,-5.10441314E-005,568.9989014,0.01789194345,568.9989014,0.04148641974,568.9989014,0.08244108409,
567.9972534,-0.0002572303347,567.9972534,0.01723143086,567.9972534,0.04162449017,567.9972534,0.08204078674,
566.9954224,3.313530397E-005,566.9954224,0.01738926396,566.9954224,0.04149205983,566.9954224,0.08182499558,
565.9932861,-0.0002544362796,565.9932861,0.01713281125,565.9932861,0.04099990055,565.9932861,0.08138161898,
564.9909668,-0.0002294961159,564.9909668,0.01682540588,564.9909668,0.04092520103,564.9909668,0.07990989834,
563.9883423,-0.0002469336905,563.9883423,0.01667436771,563.9883423,0.0399495326,563.9883423,0.0789392516,
562.9854736,9.555561701E-005,562.9854736,0.01661516726,562.9854736,0.03989044949,562.9854736,0.07772807032,
561.9823608,-1.998350854E-005,561.9823608,0.01629117131,561.9823608,0.0384430103,561.9823608,0.07690533251,
561.0161743,-0.0006195268361,561.0161743,0.01589056291,561.0161743,0.03795900941,561.0161743,0.07569240779,
560.0125122,0.0004553398176,560.0125122,0.01615697518,560.0125122,0.03784978017,560.0125122,0.0739672631,
559.008728,-0.000160825628,559.008728,0.01576196589,559.008728,0.03747659177,559.008728,0.07263293117,
558.0046387,-0.0002462610428,558.0046387,0.01547462959,558.0046387,0.03618143871,558.0046387,0.07169064134,
557.0003662,0.0005369220162,557.0003662,0.01549812872,557.0003662,0.03619072586,557.0003662,0.07125135511,
555.9957275,0.0003236174816,555.9957275,0.01524493471,555.9957275,0.0359774828,555.9957275,0.06993427128,
554.9909058,-0.0001696235122,554.9909058,0.01496983599,554.9909058,0.03550444916,554.9909058,0.06903170794,
553.9858398,0.0001678252738,553.9858398,0.01488774735,553.9858398,0.03546793386,553.9858398,0.06892354041,
553.0178223,-0.0005598114221,553.0178223,0.01474616583,553.0178223,0.034637779,553.0178223,0.06793070585,
552.0122681,-1.289102056E-005,552.0122681,0.01501731761,552.0122681,0.0348969847,552.0122681,0.0681976974,
551.0064087,-0.0002375681943,551.0064087,0.01480661239,551.0064087,0.0348986946,551.0064087,0.0684632808,
550.0004272,-0.0004329081858,550.0004272,0.01503813919,550.0004272,0.03494644165,550.0004272,0.06867110729,
548.9941406,0.0001867556421,548.9941406,0.01518649142,548.9941406,0.03588688374,548.9941406,0.06978620589,
547.9876709,-0.0002289269323,547.9876709,0.01534725726,547.9876709,0.03595107794,547.9876709,0.07026463747,
547.0182495,-2.184720688E-005,547.0182495,0.01594445482,547.0182495,0.03657511249,547.0182495,0.07156322151,
546.0112305,-0.0003060713643,546.0112305,0.01531113591,546.0112305,0.03680609167,546.0112305,0.07179275155,
545.0040283,-0.0004073575838,545.0040283,0.01537160762,545.0040283,0.03733963892,545.0040283,0.07302366942,
543.996582,-2.407328248E-005,543.996582,0.01600471884,543.996582,0.03818535432,543.996582,0.07431136817,
542.9888306,-0.0001385713695,542.9888306,0.01620641351,542.9888306,0.03825234622,542.9888306,0.07521808892,
542.0182495,-7.687452307E-005,542.0182495,0.01668015122,542.0182495,0.03906001896,542.0182495,0.07639400661,
541.0100708,8.012446051E-005,541.0100708,0.01677786186,541.0100708,0.03950436413,541.0100708,0.07735154778,
540.001709,0.000271110679,540.001709,0.01701728068,540.001709,0.04012163728,540.001709,0.07835470885,
538.993042,-0.0007166051073,538.993042,0.01719555631,538.993042,0.04019946232,538.993042,0.07891767472,
537.9841919,-0.0001118129876,537.9841919,0.01724328101,537.9841919,0.04033499211,537.9841919,0.07910434902,
537.0124512,-9.664745448E-005,537.0124512,0.01723215729,537.0124512,0.04069373012,537.0124512,0.07980299741,
536.0031738,-0.0001393994462,536.0031738,0.01703257114,536.0031738,0.04088262096,536.0031738,0.08020758629,
534.9935913,-0.0001254252857,534.9935913,0.01729607582,534.9935913,0.04056297615,534.9935913,0.07999951392,
533.9837646,-0.0001757819118,533.9837646,0.01705260016,533.9837646,0.04057477042,533.9837646,0.07989337295,
533.0111084,-1.589369458E-005,533.0111084,0.01717177592,533.0111084,0.0406803377,533.0111084,0.07972794026,
532.0008545,0.0004576979263,532.0008545,0.01754033566,532.0008545,0.04074604064,532.0008545,0.079416655,
530.9903564,-0.0001140386012,530.9903564,0.0168187879,530.9903564,0.03981295973,530.9903564,0.0780858919,
530.0170898,9.501189925E-005,530.0170898,0.01662105694,530.0170898,0.03950887173,530.0170898,0.07716479152,
529.0061035,2.997698539E-005,529.0061035,0.01646605693,529.0061035,0.03908094764,529.0061035,0.07667975128,
527.9949341,2.705167935E-005,527.9949341,0.01657721959,527.9949341,0.03869586438,527.9949341,0.07561648637,
526.9835205,-0.0001940496295,526.9835205,0.01631804742,526.9835205,0.0376528278,526.9835205,0.07422333956,
526.0093384,-9.369709733E-005,526.0093384,0.016215818,526.0093384,0.03751327842,526.0093384,0.07308139652,
524.9974976,0.0001422149071,524.9974976,0.01582950726,524.9974976,0.03700685874,524.9974976,0.07183416188,
523.9853516,-0.0001957055938,523.9853516,0.01554671489,523.9853516,0.03563638777,523.9853516,0.07039362937,
523.010498,9.666896221E-005,523.010498,0.01540743839,523.010498,0.03528822958,523.010498,0.06876868755,
521.9979248,-8.334482118E-005,521.9979248,0.01501260139,521.9979248,0.03466570377,521.9979248,0.06718567759,
520.9852295,-4.193324276E-005,520.9852295,0.01509015728,520.9852295,0.03424280509,520.9852295,0.06631059945,
520.0097046,-0.0001687437325,520.0097046,0.01438085269,520.0097046,0.03333897889,520.0097046,0.06411851197,
518.99646,0.0002712919959,518.99646,0.0147066135,518.99646,0.03258692473,518.99646,0.06325252354,
517.9829712,8.801238209E-007,517.9829712,0.01418682374,517.9829712,0.03226897493,517.9829712,0.06167471781,
517.0068359,0.0001100810841,517.0068359,0.01382828783,517.0068359,0.03146235645,517.0068359,0.06034886464,
515.9929199,0.0005733383005,515.9929199,0.01390833221,515.9929199,0.03073260561,515.9929199,0.05945342407,
515.0163574,-5.068176688E-005,515.0163574,0.01343661826,515.0163574,0.03014977835,515.0163574,0.05803898722,
514.0020142,9.050677181E-005,514.0020142,0.01334734447,514.0020142,0.02955346368,514.0020142,0.05689641461,
512.9873657,-0.0002211134124,512.9873657,0.0129143456,512.9873657,0.0288077686,512.9873657,0.0557359457,
512.0101929,-0.0002696998126,512.0101929,0.01265404467,512.0101929,0.02840175293,512.0101929,0.0547735393,
510.9951782,0.0004257739638,510.9951782,0.01286642719,510.9951782,0.02842051722,510.9951782,0.05440606922,
510.0175781,-0.0001595318026,510.0175781,0.01209885255,510.0175781,0.0278799776,510.0175781,0.0528610982,
509.0021057,0.0001080614747,509.0021057,0.01265407074,509.0021057,0.02756139822,509.0021057,0.05281613395,
507.9864197,0.0003328916791,507.9864197,0.01248691976,507.9864197,0.02762837335,507.9864197,0.05226940289,
507.0081482,0.0002173152898,507.0081482,0.01233559847,507.0081482,0.0269407779,507.0081482,0.05135918781,
505.9920044,-1.216623514E-005,505.9920044,0.01173395012,505.9920044,0.02633344755,505.9920044,0.0505817607,
505.0133057,-0.0001012541034,505.0133057,0.01173876412,505.0133057,0.02589599416,505.0133057,0.05009840056,
503.9967346,-0.0001937908819,503.9967346,0.01172094606,503.9967346,0.02615179308,503.9967346,0.05000477657,
503.0176697,0.0002197756985,503.0176697,0.01202965342,503.0176697,0.02596713789,503.0176697,0.04952208698,
502.0006104,-4.664401058E-005,502.0006104,0.01206337381,502.0006104,0.02596994117,502.0006104,0.0494819358,
500.9834595,-8.991854702E-005,500.9834595,0.01159932185,500.9834595,0.02581099048,500.9834595,0.04923675582,
500.0036621,-2.811125159E-005,500.0036621,0.01167121809,500.0036621,0.02538671531,500.0036621,0.04878054932,
498.986084,-0.0003417673579,498.986084,0.01159868296,498.986084,0.02503132075,498.986084,0.0487568602,
498.0059509,-0.0001128999211,498.0059509,0.01156523824,498.0059509,0.02547331154,498.0059509,0.04845926538,
496.987854,3.158099616E-006,496.987854,0.01142013818,496.987854,0.02543112263,496.987854,0.04851729795,
496.0073242,-0.0001688472257,496.0073242,0.01150747389,496.0073242,0.02541223913,496.0073242,0.0486119017,
494.988739,-0.0005490048788,494.988739,0.01133151725,494.988739,0.02526076511,494.988739,0.04812754691,
494.007782,-0.0002618870349,494.007782,0.01159995981,494.007782,0.02526603267,494.007782,0.0485877879,
492.9888306,-0.0001405380608,492.9888306,0.01161064766,492.9888306,0.02529176883,492.9888306,0.04827610403,
492.0074463,0.0001046178004,492.0074463,0.01169608068,492.0074463,0.02557334863,492.0074463,0.04868660495,
490.9881287,-0.0001566336286,490.9881287,0.0114050433,490.9881287,0.02541921102,490.9881287,0.04857947677,
490.0063171,-0.0003060713643,490.0063171,0.01114025339,490.0063171,0.02520526573,490.0063171,0.04854222015,
488.9866333,-2.759356539E-005,488.9866333,0.011709271,488.9866333,0.02552766539,488.9866333,0.04857692868,
488.004303,3.189268318E-005,488.004303,0.01184132788,488.004303,0.02581659518,488.004303,0.04904680327,
486.9841309,6.290745659E-005,486.9841309,0.01177863218,486.9841309,0.02569991164,486.9841309,0.04897395149,
486.0015564,5.363903983E-005,486.0015564,0.01166028902,486.0015564,0.02599871345,486.0015564,0.049416814,
485.0187073,3.683729665E-005,485.0187073,0.01163276844,485.0187073,0.02597562969,485.0187073,0.04941095412,
483.9979553,-8.551881911E-005,483.9979553,0.01176706236,483.9979553,0.02588373981,483.9979553,0.04975549877,
483.014679,-0.0001749539078,483.014679,0.01183289476,483.014679,0.02619308978,483.014679,0.05004671961,
481.9934998,-2.044943358E-005,481.9934998,0.0118193021,481.9934998,0.02624472789,481.9934998,0.05016011,
481.0098877,-0.0001539942023,481.0098877,0.01166887768,481.0098877,0.02675680444,481.0098877,0.05065502599,
479.9882202,-0.0001485600515,479.9882202,0.01178863272,479.9882202,0.0264619384,479.9882202,0.05113411322,
479.0042419,-1.987996802E-005,479.0042419,0.0122374706,479.0042419,0.02719733119,479.0042419,0.05185579509,
477.9821472,0.0002839842346,477.9821472,0.01220352482,477.9821472,0.02719755098,477.9821472,0.0522726737,
476.9977722,7.857102173E-005,476.9977722,0.01239624247,476.9977722,0.02772333473,476.9977722,0.05303248763,
476.0131836,3.688907236E-005,476.0131836,0.01282877848,476.0131836,0.02799586765,476.0131836,0.05368394777,
474.990509,-0.000346630055,474.990509,0.01222381182,474.990509,0.02783920988,474.990509,0.0539663285,
474.0055237,-0.0001270297507,474.0055237,0.01291645225,474.0055237,0.02879551426,474.0055237,0.05478634313,
472.9823914,-0.0002197680296,472.9823914,0.0125461733,472.9823914,0.02918301709,472.9823914,0.05564945564,
471.9970093,2.490301631E-005,471.9970093,0.01312706899,471.9970093,0.02968490683,471.9970093,0.05715585127,
471.0114441,6.609190314E-005,471.0114441,0.0132341506,471.0114441,0.03025678359,471.0114441,0.05847781152,
469.9877625,0.0001549292647,469.9877625,0.01399723906,469.9877625,0.03092983365,469.9877625,0.05986536294,
469.0018005,0.0002303426445,469.0018005,0.01393792126,469.0018005,0.03190144524,469.0018005,0.06107614189,
468.015625,-0.0002865666465,468.015625,0.01377177145,468.015625,0.03219350427,468.015625,0.06221511215,
466.9913635,-3.209848273E-006,466.9913635,0.01473869383,466.9913635,0.03323495388,466.9913635,0.06408446282,
466.0048218,0.0001350939856,466.0048218,0.01492032409,466.0048218,0.03400890157,466.0048218,0.06613663584,
465.0180359,-0.0001022375436,465.0180359,0.01506410725,465.0180359,0.03509762883,465.0180359,0.06812725961,
463.9931946,-0.000208383819,463.9931946,0.0154510783,463.9931946,0.03605910018,463.9931946,0.07022900134,
463.006073,-0.0004181676486,463.006073,0.01560190599,463.006073,0.03748121858,463.006073,0.07273875177,
462.0186768,0.0002337614278,462.0186768,0.01695186831,462.0186768,0.03899986669,462.0186768,0.07577851415,
460.9932556,-0.0002423803235,460.9932556,0.01741461828,460.9932556,0.0401164107,460.9932556,0.07822290063,
460.0055542,-0.0002469854371,460.0055542,0.01759915054,460.0055542,0.04114216939,460.0055542,0.08089864999,
459.0176697,-3.463404573E-005,459.0176697,0.01850129664,459.0176697,0.04301810637,459.0176697,0.08434084058,
457.9916077,-6.227717677E-005,457.9916077,0.01857253537,457.9916077,0.04478427395,457.9916077,0.08834928274,
457.0032959,-5.176884952E-005,457.0032959,0.01948198676,457.0032959,0.04683373496,457.0032959,0.09209854156,
456.0148926,9.009251517E-005,456.0148926,0.02041819878,456.0148926,0.04918657243,456.0148926,0.09625839442,
454.9882507,6.316222425E-006,454.9882507,0.02133310586,454.9882507,0.05100154877,454.9882507,0.100707233,
453.9994202,-0.000116885305,453.9994202,0.02201372385,453.9994202,0.0530862771,453.9994202,0.1050427854,
453.0104065,-0.0004421660269,453.0104065,0.02232765779,453.0104065,0.05530102924,453.0104065,0.1098373756,
451.9831238,0.0001657018001,451.9831238,0.02418131009,451.9831238,0.05876960605,451.9831238,0.1153232381,
450.9937439,1.913015149E-005,450.9937439,0.02476069704,450.9937439,0.06061989814,450.9937439,0.1208438575,
450.0041504,-5.264886931E-005,450.0041504,0.02618781105,450.0041504,0.06353963912,450.0041504,0.1267481744,
449.0144348,-0.0003401636786,449.0144348,0.02747132443,449.0144348,0.06700135767,449.0144348,0.1322498322,
447.9864197,0.0001598234812,447.9864197,0.02869240753,447.9864197,0.07068184763,447.9864197,0.1396204531,
446.9963379,-8.386244008E-005,446.9963379,0.02970796824,446.9963379,0.07415440679,446.9963379,0.1471035182,
446.0059814,-9.436998516E-005,446.0059814,0.03160985932,446.0059814,0.07738811523,446.0059814,0.1540248394,
445.0155029,-0.0004070989671,445.0155029,0.03272785991,445.0155029,0.08132239431,445.0155029,0.1624702513,
443.9866943,8.439645899E-005,443.9866943,0.03491493687,443.9866943,0.0864738673,443.9866943,0.1728690118,
442.9958801,5.974892338E-005,442.9958801,0.03712106496,442.9958801,0.09147359431,442.9958801,0.1834042817,
442.0048218,-0.0002783919917,442.0048218,0.0387015231,442.0048218,0.09711316228,442.0048218,0.1946572363,
441.0136108,0.0002151656954,441.0136108,0.04128382728,441.0136108,0.1037008092,441.0136108,0.2062692344,
439.9840393,8.742571663E-005,439.9840393,0.04382862896,439.9840393,0.1110744402,439.9840393,0.2219860852,
438.9924622,0.0002440179087,438.9924622,0.04699289799,438.9924622,0.1182273403,438.9924622,0.2381233871,
438.0007324,-0.0002788059064,438.0007324,0.05034938827,438.0007324,0.1269845665,438.0007324,0.2553366423,
437.0087891,2.557608968E-005,437.0087891,0.05432060733,437.0087891,0.1371813416,437.0087891,0.2744752765,
436.0166626,9.552027223E-006,436.0166626,0.05783745646,436.0166626,0.1471719146,436.0166626,0.2974869311,
434.9862366,4.066876136E-005,434.9862366,0.0623671338,434.9862366,0.1592244357,434.9862366,0.3201284707,
433.9937744,0.0001088900317,433.9937744,0.06846237183,433.9937744,0.1732662916,433.9937744,0.3474682271,
433.0010681,-0.0002112298971,433.0010681,0.07328829169,433.0010681,0.1868681908,433.0010681,0.373437047,
432.0081787,-8.086023445E-005,432.0081787,0.07952781022,432.0081787,0.2024526894,432.0081787,0.4067216814,
431.0152588,-0.000231514161,431.0152588,0.08532764763,431.0152588,0.2175648808,431.0152588,0.4425659776,
429.9838562,-0.0003273858456,429.9838562,0.0914042294,429.9838562,0.2366256267,429.9838562,0.4745779932,
428.9904785,-0.0001210776827,428.9904785,0.09888691455,428.9904785,0.2557655871,428.9904785,0.5098692775,
427.9969788,0.0002336837206,427.9969788,0.1069862396,427.9969788,0.2757040262,427.9969788,0.5517616272,
427.0032654,4.090175571E-005,427.0032654,0.1138048917,427.0032654,0.2950938344,427.0032654,0.5963091254,
426.0093689,8.027980948E-005,426.0093689,0.1212759688,426.0093689,0.3128113747,426.0093689,0.6318702102,
425.0152588,-0.0002520044218,425.0152588,0.1269435436,425.0152588,0.3283647299,425.0152588,0.6601864696,
423.9828186,2.410050547E-005,423.9828186,0.1327100694,423.9828186,0.3434448242,423.9828186,0.6933218241,
422.9883728,0.0001216810924,422.9883728,0.1383937746,422.9883728,0.3583571017,422.9883728,0.7237633467,
421.9938049,-5.161355512E-005,421.9938049,0.1428491175,421.9938049,0.3704616427,421.9938049,0.7493641973,
420.9990234,-9.064320329E-005,420.9990234,0.1467069089,420.9990234,0.378405273,420.9990234,0.7645418048,
420.0041199,-0.0003240749356,420.0041199,0.1485513151,420.0041199,0.3844367862,420.0041199,0.7778487802,
419.0090027,-0.0003439917928,419.0090027,0.1498204768,419.0090027,0.3871732652,419.0090027,0.7838376164,
418.0137634,-0.0002125235624,418.0137634,0.1500963718,418.0137634,0.3875192106,418.0137634,0.7829111814,
417.0183105,-5.088883336E-005,417.0183105,0.1486121118,417.0183105,0.3834990859,417.0183105,0.7756938338,
415.984436,1.283963047E-005,415.984436,0.1465169787,415.984436,0.3774559498,415.984436,0.7619840503,
414.9886169,-0.0002777194022,414.9886169,0.1436122656,414.9886169,0.3708418608,414.9886169,0.7458925247,
413.9926758,0.0002980238351,413.9926758,0.1399645805,413.9926758,0.3605090976,413.9926758,0.7257147431,
412.996521,-0.0001351037354,412.996521,0.1354455054,412.996521,0.3488057554,412.996521,0.702601552,
412.0003052,-0.0002155765978,412.0003052,0.1307254583,412.0003052,0.3355441391,412.0003052,0.6745691895,
411.0038147,-0.0004658527905,411.0038147,0.1261784732,411.0038147,0.3225630522,411.0038147,0.6455679536,
410.0072021,-0.0002196645364,410.0072021,0.1211263984,410.0072021,0.3086300492,410.0072021,0.6200801134,
409.010376,-3.002668564E-005,409.010376,0.1165407673,409.010376,0.2959620655,409.010376,0.5935357809,
408.0134277,-0.0004331668024,408.0134277,0.1117045507,408.0134277,0.2839684486,408.0134277,0.5662156343,
407.0162964,-0.0004141850222,407.0162964,0.1068007275,407.0162964,0.2706968188,407.0162964,0.5385868549,
406.0189819,-2.842186404E-005,406.0189819,0.1024154276,406.0189819,0.2573376298,406.0189819,0.5150850415,
404.9832153,-6.921356544E-005,404.9832153,0.0978827253,404.9832153,0.2454380542,404.9832153,0.4900482595,
403.9855652,-0.0001623264543,403.9855652,0.09473779052,403.9855652,0.2369226515,403.9855652,0.469907552,
402.9877625,-0.0003407844633,402.9877625,0.09082635492,402.9877625,0.2265141904,402.9877625,0.4499627054,
401.9898071,-0.0005941940472,401.9898071,0.08669773489,401.9898071,0.2171400189,401.9898071,0.4287876487,
400.9916992,1.941491064E-005,400.9916992,0.08385363221,400.9916992,0.2074419111,400.9916992,0.4116721153,
399.9934082,-0.0003578554606,399.9934082,0.08023399115,399.9934082,0.1981320977,399.9934082,0.3939995766,
398.9949341,0.0001377351873,398.9949341,0.07806541026,398.9949341,0.1924086809,398.9949341,0.3781808317,
397.9963379,-0.0001263569138,397.9963379,0.07581115514,397.9963379,0.1846389025,397.9963379,0.3637925088,
396.9975891,4.670079943E-005,396.9975891,0.07297497243,396.9975891,0.1783491075,396.9975891,0.3499562442,
395.9986267,0.0002351600124,395.9986267,0.07064873725,395.9986267,0.1715962142,395.9986267,0.3359265029,
394.9995422,-9.923546168E-005,394.9995422,0.06864076108,394.9995422,0.1659942567,394.9995422,0.3238693178,
394.0002747,-0.0002044510184,394.0002747,0.06621920317,394.0002747,0.1598090529,394.0002747,0.3124408126,
393.000885,9.024786414E-005,393.000885,0.06461329758,393.000885,0.1548821479,393.000885,0.3007266223,
392.0013123,-0.0003569760593,392.0013123,0.06207643449,392.0013123,0.1495213509,392.0013123,0.289503634,
391.0015564,-3.986420779E-006,391.0015564,0.06056790426,391.0015564,0.1445398778,391.0015564,0.2804082632,
390.001709,3.026175182E-005,390.001709,0.05887447298,390.001709,0.1397335678,390.001709,0.2701677978,
389.0016479,-0.0001064818207,389.0016479,0.05700024217,389.0016479,0.134466216,389.0016479,0.260874629,
388.0014343,0.0001296562841,388.0014343,0.05552897975,388.0014343,0.1308620721,388.0014343,0.2528423369,
387.0010681,-6.678066711E-005,387.0010681,0.05383374542,387.0010681,0.1271083802,387.0010681,0.2451081574,
386.0005493,-0.000558363623,386.0005493,0.05181443691,386.0005493,0.1235157549,386.0005493,0.2379545569,
384.9998474,-0.0005198931322,384.9998474,0.05070881546,384.9998474,0.1197737083,384.9998474,0.2309843004,
383.9990234,-0.000203157324,383.9990234,0.04969457164,383.9990234,0.1169983,383.9990234,0.2255614996,
382.9980469,-0.0002148004132,382.9980469,0.04841128364,382.9980469,0.1150753498,382.9980469,0.2206948847,
381.9968567,-0.0001613948989,381.9968567,0.047776144,381.9968567,0.1123071536,381.9968567,0.2169941813,
380.995575,-0.0002596621634,380.995575,0.0466722101,380.995575,0.1105004176,380.995575,0.212797761,
379.9941101,-0.0002514352673,379.9941101,0.04670235887,379.9941101,0.1088905632,379.9941101,0.2102067024,
378.9924927,-2.759356539E-005,378.9924927,0.04590991139,378.9924927,0.1078014821,378.9924927,0.2073857933,
377.9907227,-0.0004711795773,377.9907227,0.04504487291,377.9907227,0.1067401543,377.9907227,0.206140548,
376.9888,0.0001703371818,376.9888,0.04556952417,376.9888,0.1066560224,376.9888,0.2050005049,
375.9867249,0.000403102109,375.9867249,0.04489738867,375.9867249,0.105824098,375.9867249,0.2041217685,
374.9844666,-1.28392503E-005,374.9844666,0.04439596459,374.9844666,0.1052446365,374.9844666,0.2036964446,
373.9821167,0.0002968581684,373.9821167,0.04487281665,373.9821167,0.1052788422,373.9821167,0.2034243941,
373.0181274,4.074642493E-005,373.0181274,0.04467231035,373.0181274,0.1056163311,373.0181274,0.2043919712,
372.0154419,2.899325227E-005,372.0154419,0.04486409202,372.0154419,0.1057948694,372.0154419,0.2052306086,
371.0126038,-0.0003141937486,371.0126038,0.04450668395,371.0126038,0.1063298956,371.0126038,0.2064160109,
370.009613,0.0005112639628,370.009613,0.04504501447,370.009613,0.10711734,370.009613,0.2088371217,
369.0065002,-0.0002962415165,369.0065002,0.04495821893,369.0065002,0.1077394113,369.0065002,0.2100102603,
368.0032043,0.0001124373157,368.0032043,0.04563861713,368.0032043,0.1091857031,368.0032043,0.2131593972,
366.9997864,8.775431525E-006,366.9997864,0.04592193663,366.9997864,0.109703429,366.9997864,0.2137558162,
365.9961853,0.0002951744536,365.9961853,0.04682647064,365.9961853,0.1109130308,365.9961853,0.2172845602,
364.9924622,0.0005605598562,364.9924622,0.04671879113,364.9924622,0.1125345826,364.9924622,0.2190347016,
363.9885864,0.0001140944514,363.9885864,0.04716925696,363.9885864,0.1130108833,363.9885864,0.2209487408,
362.9845581,-0.0001145561837,362.9845581,0.04714626074,362.9845581,0.1137646586,362.9845581,0.2228930146,
362.0189819,-0.0001700892753,362.0189819,0.04715052992,362.0189819,0.1140947044,362.0189819,0.2237128466,
361.014679,-0.0001688472257,361.014679,0.04725958407,361.014679,0.1150043681,361.014679,0.2255433202,
360.0101929,-0.0002847040887,360.0101929,0.04695476592,360.0101929,0.1147256792,360.0101929,0.2265311629,
359.0056152,-0.0001353107655,359.0056152,0.04735613987,359.0056152,0.1155259386,359.0056152,0.2269877493,
358.000824,0.0001135765924,358.000824,0.04711506888,358.000824,0.115078114,358.000824,0.2270387858,
356.9959106,2.192596912E-005,356.9959106,0.04688295722,356.9959106,0.114380531,356.9959106,0.2262333483,
355.9909058,-0.0003101584443,355.9909058,0.04651198536,355.9909058,0.1139813066,355.9909058,0.2251281142,
354.9856873,-0.0001195249497,354.9856873,0.04622683674,354.9856873,0.1132191941,354.9856873,0.2237281948,
354.0190125,-5.042293924E-005,354.0190125,0.04597468302,354.0190125,0.1121672764,354.0190125,0.2219027877,
353.0135803,-0.0001992244797,353.0135803,0.04554643854,353.0135803,0.1114102751,353.0135803,0.2200206816,
352.0079346,1.553185939E-005,352.0079346,0.04485714436,352.0079346,0.109810546,352.0079346,0.2165733278,
351.0021667,-0.0003683563846,351.0021667,0.04416487366,351.0021667,0.1084274948,351.0021667,0.2145959437,
349.9962769,-5.901960776E-006,349.9962769,0.04333987832,349.9962769,0.1058598384,349.9962769,0.2113225013,
348.9902344,0.0002308865369,348.9902344,0.04345776513,348.9902344,0.1053035483,348.9902344,0.2078045011,
347.9840088,-0.0002559367858,347.9840088,0.0414801538,347.9840088,0.1031876951,347.9840088,0.2038637251,
347.0163879,-0.0004138229706,347.0163879,0.04111083597,347.0163879,0.1005089208,347.0163879,0.199390471,
346.0099182,-0.0002332734584,346.0099182,0.04039129615,346.0099182,0.09931501746,346.0099182,0.1961131096,
345.0033264,-0.0001199390172,345.0033264,0.03954482079,345.0033264,0.09730692208,345.0033264,0.1923941672,
343.996582,-4.343448381E-005,343.996582,0.03892644495,343.996582,0.09556663036,343.996582,0.188427344,
342.9896851,-0.0001629474864,342.9896851,0.03856944665,342.9896851,0.09370639175,342.9896851,0.1847417951,
341.9826355,-0.0003738912637,341.9826355,0.03708181903,341.9826355,0.09129440039,341.9826355,0.1800557375,
341.0142517,-0.0004710244248,341.0142517,0.03652592003,341.0142517,0.0886349082,341.0142517,0.1762009859,
340.0069275,4.698557314E-005,340.0069275,0.03580985218,340.0069275,0.08758219332,340.0069275,0.1726481467,
338.9994812,8.664897905E-005,338.9994812,0.03514814749,338.9994812,0.08508741856,338.9994812,0.168369621,
337.9919128,-0.0002601278247,337.9919128,0.03431893885,337.9919128,0.08293106407,337.9919128,0.1644152105,
336.9841614,0.0003467256029,336.9841614,0.03335113823,336.9841614,0.08162427694,336.9841614,0.1605273187,
336.0151062,-0.0001112436439,336.0151062,0.03218310699,336.0151062,0.07930956781,336.0151062,0.1565900892,
335.0071106,-2.484981815E-005,335.0071106,0.03272403404,335.0071106,0.07758484781,335.0071106,0.1530557573,
333.9989929,0.0004608852614,333.9989929,0.03146213293,333.9989929,0.07553642243,333.9989929,0.1490252316,
332.9907227,0.0001715025137,332.9907227,0.03020849638,332.9907227,0.07354204357,332.9907227,0.1446285695,
331.9823608,-0.0004668354231,331.9823608,0.02915065363,331.9823608,0.07098808885,331.9823608,0.1405475438,
331.0126038,-0.0004562334507,331.0126038,0.02882500179,331.0126038,0.06947689503,331.0126038,0.137258321,
330.0039368,-0.0006018974236,330.0039368,0.0279205814,330.0039368,0.06724085659,330.0039368,0.1327645034,
328.9951477,-0.0002643705811,328.9951477,0.02717894875,328.9951477,0.06526787579,328.9951477,0.128699258,
327.9862366,0.0002844764094,327.9862366,0.02740404382,327.9862366,0.06403556466,327.9862366,0.1251461208,
327.0159912,9.239684732E-005,327.0159912,0.02634563297,327.0159912,0.06216976792,327.0159912,0.1217923835,
326.0068359,3.867535997E-005,326.0068359,0.02579629421,326.0068359,0.06061840802,326.0068359,0.1184050217,
324.997467,-0.0001901684591,324.997467,0.02492981777,324.997467,0.05885200575,324.997467,0.1151672676,
323.9880371,9.454584506E-005,323.9880371,0.0242415797,323.9880371,0.05764391273,323.9880371,0.1124599501,
323.0172729,-0.0001267192129,323.0172729,0.0234271232,323.0172729,0.0564677082,323.0172729,0.1096807644,
322.0075684,0.0004949109862,322.0075684,0.02334006131,322.0075684,0.05548176914,322.0075684,0.1077948809,
320.9977112,-0.0002576442494,320.9977112,0.02245346829,320.9977112,0.05328622833,320.9977112,0.1042142734,
319.9877625,0.0007074440364,319.9877625,0.02330881357,319.9877625,0.05320022628,319.9877625,0.1029282287,
319.01651,0.0003832555085,319.01651,0.02302853391,319.01651,0.05245893076,319.01651,0.1007596627,
318.0062866,-8.184371836E-005,318.0062866,0.02144541219,318.0062866,0.05032656714,318.0062866,0.09872857481,
316.9959412,0.0001966484415,316.9959412,0.02198717371,316.9959412,0.05066235736,316.9959412,0.09794279188,
315.9854736,4.406015432E-005,315.9854736,0.02136818133,315.9854736,0.04952461272,315.9854736,0.09655541927,
315.0137024,-3.168327021E-005,315.0137024,0.02129963599,315.0137024,0.04987572134,315.0137024,0.09640526772,
314.0029907,0.0001810324175,314.0029907,0.0210364908,314.0029907,0.05008587986,314.0029907,0.09664110094,
312.9921265,-0.0004606811272,312.9921265,0.02100567892,312.9921265,0.04954553023,312.9921265,0.09617061913,
311.9811096,0.0001604967692,311.9811096,0.02197519131,311.9811096,0.05004306138,311.9811096,0.09829556197,
311.0088806,1.905248973E-005,311.0088806,0.02187203243,311.0088806,0.05058940873,311.0088806,0.09869397432,
309.9976501,-0.0001465933747,309.9976501,0.02234041132,309.9976501,0.05185582489,309.9976501,0.1008703783,
308.9862671,-4.405568325E-005,308.9862671,0.02287499607,308.9862671,0.05348905548,308.9862671,0.103152141,
308.0137024,-0.0005221683532,308.0137024,0.0232340917,308.0137024,0.05511948466,308.0137024,0.1068789512,
307.0020752,-3.727419607E-005,307.0020752,0.02471956424,307.0020752,0.05720428005,307.0020752,0.1121726334,
305.9903259,0.0002101154532,305.9903259,0.02555860579,305.9903259,0.06022722647,305.9903259,0.118019335,
305.017395,-0.000218991845,305.017395,0.02648471855,305.017395,0.06392668188,305.017395,0.1240002289,
304.0054321,0.0001680583373,304.0054321,0.0286173895,304.0054321,0.06764760613,304.0054321,0.1325017512,
302.9933167,-5.373594468E-005,302.9933167,0.03027285449,302.9933167,0.07247516513,302.9933167,0.1425613314,
301.9811096,0.0001116346393,301.9811096,0.03227432817,301.9811096,0.07784675062,301.9811096,0.1531502157,
301.0076904,-0.0001106225391,301.0076904,0.03473582864,301.0076904,0.08379099518,301.0076904,0.1631080955,
299.9952087,-0.0001769721857,299.9952087,0.03648351878,299.9952087,0.08893784881,299.9952087,0.1749197692,
298.982605,-0.0004351838725,298.982605,0.03900255635,298.982605,0.09697789699,298.982605,0.1878126264,
298.0088501,2.013975063E-005,298.0088501,0.04198988155,298.0088501,0.1024293229,298.0088501,0.2048348188,
296.9960327,-0.0004797125875,296.9960327,0.04418484494,296.9960327,0.1087294668,296.9960327,0.2167636454,
295.9830627,0.0001654428488,295.9830627,0.04839774221,295.9830627,0.1205273271,295.9830627,0.237223804,
295.0089722,8.809888823E-005,295.0089722,0.05226087943,295.0089722,0.1283141673,295.0089722,0.2562642992,
293.9957886,-0.000164189536,293.9957886,0.05675455928,293.9957886,0.1384080946,293.9957886,0.2747959793,
292.9824829,-0.0009066667408,292.9824829,0.05994939804,292.9824829,0.1525731534,292.9824829,0.2966365516,
292.0080261,0.0003371920611,292.0080261,0.06645341218,292.0080261,0.1632788032,292.0080261,0.3201217949,
290.9945068,-0.0005799242645,290.9945068,0.06855584681,290.9945068,0.1711627692,290.9945068,0.3398822546,
289.980835,5.850622983E-005,289.980835,0.0713519603,289.980835,0.1789250821,289.980835,0.352540493,
289.006073,-0.0001399169996,289.006073,0.0742411539,289.006073,0.1862143427,289.006073,0.3668272197,
287.992157,5.690108446E-005,287.992157,0.07896029949,287.992157,0.1985927671,287.992157,0.3922728598,
287.0171509,0.0002531608916,287.0171509,0.08308098465,287.0171509,0.2076155692,287.0171509,0.4160995781,
286.0030518,0.0001529094443,286.0030518,0.0870257318,286.0030518,0.2179981023,286.0030518,0.4366033077,
284.9888,-7.609807653E-005,284.9888,0.09139212221,284.9888,0.2283020914,284.9888,0.4546422362,
284.0134888,0.0001126703501,284.0134888,0.09296615422,284.0134888,0.2322925329,284.0134888,0.4627143741,
282.9990234,0.0001311581145,282.9990234,0.09420128912,282.9990234,0.2348311543,282.9990234,0.4675645828,
281.984436,7.253853983E-005,281.984436,0.09446038306,281.984436,0.2359853834,281.984436,0.4692556858,
281.0087585,-0.0005721687921,281.0087585,0.09440263361,281.0087585,0.2368380576,281.0087585,0.4718220532,
279.993988,-2.743903906E-006,279.993988,0.09537129104,279.993988,0.2382314801,279.993988,0.4749280512,
279.0180969,-0.0003554759023,279.0180969,0.09570332617,279.0180969,0.2383192629,279.0180969,0.4744342566,
278.0030823,-0.0002046580048,278.0030823,0.0948606655,278.0030823,0.2363786697,278.0030823,0.4725162685,
276.9879456,-0.0004521477385,276.9879456,0.09447875619,276.9879456,0.2359073013,276.9879456,0.4689233005,
276.0117188,-0.001120193047,276.0117188,0.09301155806,276.0117188,0.2330041379,276.0117188,0.463852644,
274.9963684,0.000594334153,274.9963684,0.09223747998,274.9963684,0.2297668606,274.9963684,0.4563248754,
273.980896,0.0003172448487,273.980896,0.09145551175,273.980896,0.2264743,273.980896,0.4492948651,
273.004364,0.0002242821647,273.004364,0.08961410075,273.004364,0.2215359658,273.004364,0.4395412803,
271.9887085,-0.0003588383261,271.9887085,0.08810290694,271.9887085,0.2171524465,271.9887085,0.4309973717,
271.0119629,-0.0007376410067,271.0119629,0.08548079431,271.0119629,0.2126464844,271.0119629,0.4226786792,
269.9960632,-0.0007849810645,269.9960632,0.08418401331,269.9960632,0.2093597203,269.9960632,0.4151360393,
269.0191345,-0.0003509236849,269.0191345,0.08356644958,269.0191345,0.2065160424,269.0191345,0.4080780745,
268.0030212,-0.0008633185062,268.0030212,0.08072946966,268.0030212,0.199203372,268.0030212,0.394208461,
266.9867859,-0.0004379767634,266.9867859,0.07890413702,266.9867859,0.1936023235,266.9867859,0.383859843,
266.0095215,-0.002706984058,266.0095215,0.07609793544,266.0095215,0.1888913959,266.0095215,0.3747649491,
264.993103,-0.0008545863675,264.993103,0.07707741857,264.993103,0.1867190301,264.993103,0.3669436872,
264.0156555,0.001145306276,264.0156555,0.07495237887,264.0156555,0.1808785796,264.0156555,0.3556682169,
262.9989929,-0.0006149256951,262.9989929,0.07246430963,262.9989929,0.1734049171,262.9989929,0.3431575,
261.9822388,-0.001225935994,261.9822388,0.06700966507,261.9822388,0.1687784493,261.9822388,0.3336606026,
261.0044861,-0.0003067956422,261.0044861,0.06785292178,261.0044861,0.1662010998,261.0044861,0.3272201121,
259.9875183,-0.0008090625633,259.9875183,0.06856333464,259.9875183,0.1649647057,259.9875183,0.3232997358,
259.009552,-0.001291960594,259.009552,0.06621320546,259.009552,0.1620431691,259.009552,0.3166710734,
257.9923706,-0.001022172044,257.9923706,0.06546792388,257.9923706,0.1559740454,257.9923706,0.3074029684,
257.0141907,-0.0006858505076,257.0141907,0.06367260963,257.0141907,0.1520837545,257.0141907,0.2984743118,
255.9968414,0.0001135506973,255.9968414,0.06236283109,255.9968414,0.149830088,255.9968414,0.2927779555,
255.0185089,-0.0005904715508,255.0185089,0.06212293357,255.0185089,0.1480226368,255.0185089,0.2895671725,
254.0009003,-0.0001959643268,254.0009003,0.06108231097,254.0009003,0.1486724764,254.0009003,0.290448308,
252.9832306,-0.0004409247776,252.9832306,0.06295393407,252.9832306,0.1488212943,252.9832306,0.2913458943,
252.0045776,0.002545564901,252.0045776,0.06493040919,252.0045776,0.150573656,252.0045776,0.2923201025,
250.9866791,-0.0007733532693,250.9866791,0.06338013709,250.9866791,0.1495168954,250.9866791,0.2915967405,
250.007843,-0.0001245454187,250.007843,0.06574135274,250.007843,0.1530119032,250.007843,0.2996402681,
248.9897766,-0.001688000979,248.9897766,0.06574114412,248.9897766,0.1577602178,248.9897766,0.3074238896,
248.0107269,-0.0001557020732,248.0107269,0.06921169162,248.0107269,0.1657080799,248.0107269,0.3214349747,
246.9924316,0.0002858751686,246.9924316,0.07024628669,246.9924316,0.1711654812,246.9924316,0.332159847,
246.0132294,-0.0001080345901,246.0132294,0.07328933477,246.0132294,0.1821196228,246.0132294,0.3538329601,
244.994751,-0.001418148633,244.994751,0.08022791892,244.994751,0.1922755688,244.994751,0.3822958767,
244.0153351,-0.0001769721857,244.0153351,0.08811276406,244.0153351,0.2104600519,244.0153351,0.4191187322,
242.9966583,-7.418284804E-005,242.9966583,0.09426142275,242.9966583,0.2332235724,242.9966583,0.4538199902,
242.0170593,0.0001998079679,242.0170593,0.1029342338,242.0170593,0.2588073313,242.0170593,0.5104141831,
240.9981842,0.0008006139542,240.9981842,0.1168465763,240.9981842,0.2864029408,240.9981842,0.5647150874,
240.0183868,-2.189897714E-005,240.0183868,0.1317780614,240.0183868,0.3247698247,240.0183868,0.6437687278,
238.9993439,0.0001325822814,238.9993439,0.1515157521,238.9993439,0.3712981343,238.9993439,0.7377263308,
238.0193939,0.0004333142424,238.0193939,0.1737642139,238.0193939,0.4325250983,238.0193939,0.8460826278,
237.0001221,-0.0002215791319,237.0001221,0.2031344473,237.0001221,0.5090119839,237.0001221,1.015155673,
235.9807892,-2.93019275E-005,235.9807892,0.2405086756,235.9807892,0.6045020819,235.9807892,1.192291737,
235.0005341,0.0004170419124,235.0005341,0.284435451,235.0005341,0.7220846415,235.0005341,1.414128304,
233.9809875,0.0008239289746,233.9809875,0.3339440227,233.9809875,0.8257110119,233.9809875,1.611173153,
233.0005798,0.0006696164492,233.0005798,0.392067343,233.0005798,0.9784466624,233.0005798,1.881659031,
231.9808502,0.0001013294968,231.9808502,0.4487274885,231.9808502,1.119884253,231.9808502,2.079774857,
231.0002594,-0.0009707253193,231.0002594,0.5028606057,231.0002594,1.25481832,231.0002594,2.296831608,
230.0195923,-0.0006305383868,230.0195923,0.5594820976,230.0195923,1.402422547,230.0195923,2.588831186,
228.999588,-0.001334130648,228.999588,0.5952196717,228.999588,1.465829372,228.999588,2.604771137,
228.018692,-0.0002946894092,228.018692,0.6597111225,228.018692,1.657620311,228.018692,2.96033597,
226.9985352,-0.0001935321488,226.9985352,0.7008844614,226.9985352,1.761702895,226.9985352,2.922888041,
226.0175171,0.003518449375,226.0175171,0.7410055995,226.0175171,1.816777468,226.0175171,2.780903101,
224.9971466,0.01241094619,224.9971466,0.7873543501,224.9971466,1.932932496,224.9971466,2.679608822,
224.0159149,0.0134651605,224.0159149,0.8321658969,224.0159149,1.967378855,224.0159149,2.824137688,
222.9953766,0.008337639272,222.9953766,0.8689286113,222.9953766,2.029969931,222.9953766,2.672186375,
222.0139923,0.01208221726,222.0139923,0.8860456347,222.0139923,2.087083101,222.0139923,2.525882959,
220.9932861,0.00117216981,220.9932861,0.9496898055,220.9932861,2.042800903,220.9932861,2.503204823,
220.0117188,0.02177931927,220.0117188,0.9716953635,220.0117188,1.990018249,220.0117188,2.167201757,
218.9908447,-0.01652227342,218.9908447,0.9470709562,218.9908447,1.84425509,218.9908447,2.255423546,
218.0091248,0.003376220353,218.0091248,0.9768767357,218.0091248,1.753244758,218.0091248,1.891237855,
216.9880524,0.005782316439,216.9880524,0.9851785302,216.9880524,1.352256417,216.9880524,1.80447793,
216.0061646,0.0009893747047,216.0061646,0.9105027914,216.0061646,1.285806894,216.0061646,1.639702797,
214.9849243,0.01317955274,214.9849243,0.8567314744,214.9849243,1.185729623,214.9849243,1.783765674,
214.0028839,-0.007519680541,214.0028839,0.8628786206,214.0028839,1.074682474,214.0028839,0.9054635763,
212.9814453,0.004055273719,212.9814453,0.5976917148,212.9814453,1.574167013,212.9814453,0.7630573511,
211.9992371,-0.003601040225,211.9992371,0.5972226858,211.9992371,0.7466807365,211.9992371,0.5935086012,
211.0169373,0.1248512492,211.0169373,0.2715386152,211.0169373,0.3870356083,211.0169373,0.3905860782,
209.9953003,-0.08143683523,209.9953003,0.1699871421,209.9953003,0.4605711699,209.9953003,0.5183327794,
209.0128174,-0.2147973031,209.0128174,0.07579083741,209.0128174,0.01644860953,209.0128174,0.3464112878,
207.9910126,0.05523094162,207.9910126,0.03132937476,207.9910126,0.2316776663,207.9910126,0.7310179472,
207.0083923,-0.1178844422,207.0083923,-0.03500439599,207.0083923,0.1270005554,207.0083923,0.2472203076,
205.9864044,-0.1983812749,205.9864044,0.1832678765,205.9864044,0.2951374948,205.9864044,0.2289711833,
205.0036163,0.07380560786,205.0036163,0.2576068938,205.0036163,0.3113388717,205.0036163,10,
203.9814758,0.04305294901,203.9814758,-0.03689050674,203.9814758,-0.01074042171,203.9814758,0.2021084428,
202.9985199,-0.1152419075,202.9985199,0.2311427295,202.9985199,0.09139630198,202.9985199,0.0621621199,
202.0155182,-0.2449769378,202.0155182,-0.04385114834,202.0155182,-0.004768786952,202.0155182,0.1205924526,
200.993103,0.2147097886,200.993103,0.7526007891,200.993103,0.1227311045,200.993103,0.3299339712,
200.0099487,-0.1143148616,200.0099487,-0.009809586219,200.0099487,0.1311938912,200.0099487,0.1059621498,

baseline,
baseline
Collection Time: 03/06/2019 11:43:42
Operator Name  :
Scan Version 5.0.0.999
Parameter List :
Instrument  Cary 60
Instrument Version  2.00
Start (nm)  800.0
Stop (nm)  200.0
X Mode  Nanometers
Y Mode  Abs
UV-Vis Scan Rate (nm/min)  4800.00
UV-Vis Data Interval (nm)  1.00
UV-Vis Ave. Time (sec)  0.0125
Beam Mode  Dual Beam
Baseline Correction  On
Baseline Type  Baseline correction
Baseline File Name
Baseline Std Ref File Name
Cycle Mode  Off
Method Log     :
Method Name    :
Date/Time stamp: 03/06/2019 11:42:42
Method Modifications:
Common Interval nm Changed: 03/06/2019 11:43:03, Old:     5.00, New:     1.00
Baseline Correction Changed: 03/06/2019 11:43:03, Old:0, New:1
Storage Changed: 03/06/2019 11:43:03, Old:1, New:0
End Method Modifications
<Current Wavelength> , 229.0

bm3wthemeDil2uM,
bm3wthemeDil2uM
Collection Time: 03/06/2019 11:44:12
Operator Name  :
Scan Version 5.0.0.999
Parameter List :
Instrument  Cary 60
Instrument Version  2.00
Start (nm)  800.0
Stop (nm)  200.0
X Mode  Nanometers
Y Mode  Abs
UV-Vis Scan Rate (nm/min)  4800.00
UV-Vis Data Interval (nm)  1.00
UV-Vis Ave. Time (sec)  0.0125
Beam Mode  Dual Beam
Baseline Correction  On
Baseline Type  Baseline correction
Baseline File Name
Baseline Std Ref File Name
Cycle Mode  Off
Method Log     :
Method Name    :
Date/Time stamp: 03/06/2019 11:42:42
Method Modifications:
Common Interval nm Changed: 03/06/2019 11:43:03, Old:     5.00, New:     1.00
Baseline Correction Changed: 03/06/2019 11:43:03, Old:0, New:1
Storage Changed: 03/06/2019 11:43:03, Old:1, New:0
End Method Modifications
<Current Wavelength> , 232.0

bm3wthemeDil5uM1,
bm3wthemeDil5uM1
Collection Time: 03/06/2019 11:44:33
Operator Name  :
Scan Version 5.0.0.999
Parameter List :
Instrument  Cary 60
Instrument Version  2.00
Start (nm)  800.0
Stop (nm)  200.0
X Mode  Nanometers
Y Mode  Abs
UV-Vis Scan Rate (nm/min)  4800.00
UV-Vis Data Interval (nm)  1.00
UV-Vis Ave. Time (sec)  0.0125
Beam Mode  Dual Beam
Baseline Correction  On
Baseline Type  Baseline correction
Baseline File Name
Baseline Std Ref File Name
Cycle Mode  Off
Method Log     :
Method Name    :
Date/Time stamp: 03/06/2019 11:42:42
Method Modifications:
Common Interval nm Changed: 03/06/2019 11:43:03, Old:     5.00, New:     1.00
Baseline Correction Changed: 03/06/2019 11:43:03, Old:0, New:1
Storage Changed: 03/06/2019 11:43:03, Old:1, New:0
End Method Modifications
<Current Wavelength> , 264.0

bm3wthemeDil10uM,
bm3wthemeDil10uM
Collection Time: 03/06/2019 11:44:58
Operator Name  :
Scan Version 5.0.0.999
Parameter List :
Instrument  Cary 60
Instrument Version  2.00
Start (nm)  800.0
Stop (nm)  200.0
X Mode  Nanometers
Y Mode  Abs
UV-Vis Scan Rate (nm/min)  4800.00
UV-Vis Data Interval (nm)  1.00
UV-Vis Ave. Time (sec)  0.0125
Beam Mode  Dual Beam
Baseline Correction  On
Baseline Type  Baseline correction
Baseline File Name
Baseline Std Ref File Name
Cycle Mode  Off
Method Log     :
Method Name    :
Date/Time stamp: 03/06/2019 11:42:42
Method Modifications:
Common Interval nm Changed: 03/06/2019 11:43:03, Old:     5.00, New:     1.00
Baseline Correction Changed: 03/06/2019 11:43:03, Old:0, New:1
Storage Changed: 03/06/2019 11:43:03, Old:1, New:0
End Method Modifications
<Current Wavelength> , 289.0

