baseline,,bm3WT_2in1000,,
Wavelength (nm),Abs,Wavelength (nm),Abs,
800.0101318,0.0001947061246,800.0101318,0.002277064603,
799.0389404,-0.0019785068,799.0389404,0.002174991881,
798.0673218,-0.0004081334337,798.0673218,0.002214902313,
796.9564209,0.0004955070326,796.9564209,0.003514795797,
795.9840088,0.000442176155,795.9840088,0.002771817148,
795.0111694,0.0004163164122,795.0111694,0.003177553648,
794.0380249,0.0001232864743,794.0380249,0.002966597443,
793.0644531,-0.0005649302038,793.0644531,0.001485441113,
791.951355,-0.0004932099255,791.951355,0.001683335169,
790.9769897,0.001872220077,790.9769897,0.003828848014,
790.0022583,-0.002668497618,790.0022583,0.00175529765,
789.0271606,-0.0004932099255,789.0271606,0.001628689002,
788.0516968,0.001341772964,788.0516968,0.003129732795,
786.9364014,0.0007940786891,786.9364014,0.002782290103,
785.960144,0.000694143062,785.960144,0.003613607725,
784.9835205,0.000557786494,784.9835205,0.003508715425,
784.0064697,0.0001767076756,784.0064697,0.002411567373,
783.0291138,-0.001454011421,783.0291138,0.001122986083,
782.0513306,-0.0001265639439,782.0513306,0.001875053858,
780.9334717,-0.0001622747077,780.9334717,0.003614390735,
779.9549561,-0.0008904439746,779.9549561,0.001992216567,
778.9760132,-0.0003776155936,778.9760132,0.002947832225,
777.9967651,-0.002317279577,777.9967651,0.001917354646,
777.0170898,-0.0001902202057,777.0170898,0.00329141668,
776.0371094,0.0004194257199,776.0371094,0.003846658859,
775.0567017,0.001846457017,775.0567017,0.002433823654,
773.9358521,0.0005843545077,773.9358521,0.003432261059,
772.9547119,0.0006959320744,772.9547119,0.003245721804,
771.9731445,0.001741028973,771.9731445,0.004184342921,
770.991272,7.893348811E-5,770.991272,0.001469155191,
770.0090332,-0.001392243081,770.0090332,0.002283570124,
769.0264282,0.0001522879611,769.0264282,0.00281272037,
768.043396,-0.0001102084716,768.043396,0.004390452523,
767.0600586,-0.0005471434561,767.0600586,0.002941446844,
765.935791,-0.0005850945017,765.935791,0.002329710172,
764.9517212,0.001358781126,764.9517212,0.003408961929,
763.9672241,-0.0004775922862,763.9672241,0.002124550054,
762.9823608,0.0008309833938,762.9823608,0.003378177062,
761.9971924,0.0005016490468,761.9971924,0.004313215148,
761.0116577,0.0008138922276,761.0116577,0.003877372714,
760.0256958,-0.0004241156275,760.0256958,0.002308422234,
759.0394287,0.001171339187,759.0394287,0.003547678469,
758.0527954,0.0003599381889,758.0527954,0.002986510284,
757.0657959,0.0004603151756,757.0657959,0.004664187785,
755.9373779,-0.0004584573035,755.9373779,0.002755378839,
754.949646,-0.0008647652576,754.949646,0.003252085298,
753.9615479,0.0003077896545,753.9615479,0.003873272333,
752.9730835,-0.0008970054914,752.9730835,0.002332078526,
751.9842529,-0.001094837789,751.9842529,0.002617253922,
750.9950562,0.0004785067867,750.9950562,0.001742042601,
750.0055542,0.001133497222,750.0055542,0.002681453247,
749.015625,-6.553832645E-5,749.015625,0.002509243321,
748.0253906,-0.000200466442,748.0253906,0.00334937661,
747.03479,0.0006209044368,747.03479,0.003775236895,
746.0438843,-1.299456198E-5,746.0438843,0.002138623269,
745.0525513,0.0001321679738,745.0525513,0.003008587519,
744.0609131,-0.001024599536,744.0609131,0.00278606778,
743.0689087,0.001026166254,743.0689087,0.002296165098,
741.9347534,0.0003672182502,741.9347534,0.003102252493,
740.9420166,0.001068099053,740.9420166,0.003035905538,
739.9489136,-0.001162069966,739.9489136,0.00292810332,
738.9554443,2.66374791E-5,738.9554443,0.002473887755,
737.9616699,0.0006429654313,737.9616699,0.003925641533,
736.9675293,9.094693087E-5,736.9675293,0.0036086482,
735.9730225,-0.0003360768897,735.9730225,0.004156325478,
734.9782104,0.0004368123482,734.9782104,0.005430596415,
733.9830322,-0.0002402071113,733.9830322,0.003959757276,
732.9874878,-0.0003883746685,732.9874878,0.003842036473,
731.9915771,0.00010311605,731.9915771,0.002725421451,
730.9953613,-0.0006650705473,730.9953613,0.002169424668,
729.9987793,-0.0003853228409,729.9987793,0.004069775343,
729.0018921,0.0009497844148,729.0018921,0.005100978538,
728.0046387,-0.0005860768724,728.0046387,0.004991274793,
727.007019,-0.001161708497,727.007019,0.004462420475,
726.0090942,-0.000326506386,726.0090942,0.004237717018,
725.0108032,-0.0007827071822,725.0108032,0.004484023899,
724.012146,4.452409485E-6,724.012146,0.00522742467,
723.0131836,-4.716167314E-5,723.0131836,0.004666438326,
722.013855,0.0001037892507,722.013855,0.005164576694,
721.0142212,-0.0003221090592,721.0142212,0.005815449636,
720.0142212,0.0001095891275,720.0142212,0.005058575887,
719.013916,-0.0003739946987,719.013916,0.004845500458,
718.0131836,-0.0005916606751,718.0131836,0.004757661372,
717.012207,0.0002275713923,717.012207,0.004807179794,
716.0108643,-0.0004486826074,716.0108643,0.005385986529,
715.0091553,0.0002583929454,715.0091553,0.0054419199,
714.0071411,0.0001603413984,714.0071411,0.005099642556,
713.0047607,0.0007718284614,713.0047607,0.005744175054,
712.0020752,1.736983177E-5,712.0020752,0.004907307215,
710.9990234,0.0002843987022,710.9990234,0.005315804388,
709.9956665,-0.001035342575,709.9956665,0.003813074669,
708.9919434,-0.0002099362318,708.9919434,0.005450124387,
707.987915,0.0004499240313,707.987915,0.006899727508,
706.9835815,5.146435433E-5,706.9835815,0.005724424031,
705.9788208,0.00026289979,705.9788208,0.005227005575,
704.9738159,-0.0005053106579,704.9738159,0.005127904471,
703.9684448,0.001392409788,703.9684448,0.005153836682,
702.9627075,-0.0003306967265,702.9627075,0.005021126941,
701.956665,0.0002564762253,701.956665,0.006116468459,
700.9503174,-9.328300803E-5,700.9503174,0.006411207374,
699.9436035,-0.0005441444227,699.9436035,0.006535381544,
698.9365845,9.966212019E-6,698.9365845,0.006393711083,
697.9292603,9.793766367E-5,697.9292603,0.005508373491,
697.0655518,0.0001494913013,697.0655518,0.005840084981,
696.0575562,-0.0004908828414,696.0575562,0.005989369471,
695.0492554,0.000458604889,695.0492554,0.005839324091,
694.0406494,0.0001536862983,694.0406494,0.005109019578,
693.0316772,3.709617522E-5,693.0316772,0.005354956258,
692.0223999,0.001141023822,692.0223999,0.00534410635,
691.0128174,-0.0003701668757,691.0128174,0.004558073822,
690.0028687,-0.0003566139494,690.0028687,0.004572200123,
688.9926147,-0.0007028045366,688.9926147,0.005173771642,
687.9819946,0.0001229498594,687.9819946,0.005059964024,
686.9711304,0.001304487349,686.9711304,0.005080261268,
685.9598389,-8.111904754E-5,685.9598389,0.004524748307,
684.9483032,9.177545144E-5,684.9483032,0.005147942808,
683.9364624,0.000679105462,683.9364624,0.00498753041,
683.0688477,0.0004645131703,683.0688477,0.005447529722,
682.0563965,-0.0002904469729,682.0563965,0.005807159469,
681.0435791,-0.0001385196083,681.0435791,0.004895186052,
680.0304565,-0.0001825612417,680.0304565,0.005525414366,
679.0170288,-0.0001700892753,679.0170288,0.004744209349,
678.0032349,-0.0009192209109,678.0032349,0.005489655305,
676.9891357,-0.0009800749831,676.9891357,0.004570237827,
675.9747314,0.0005429609446,675.9747314,0.005401502363,
674.960022,0.0001911581639,674.960022,0.005599065218,
673.9450073,-2.293436228E-5,673.9450073,0.005931266118,
672.9296265,-0.001323962701,672.9296265,0.003913260531,
672.059082,-0.0003367493919,672.059082,0.005504204892,
671.0431519,0.001323675038,671.0431519,0.006617614534,
670.0268555,-0.0001757301652,670.0268555,0.006081185769,
669.0103149,-0.0005490565673,669.0103149,0.005968925077,
667.9934082,0.001195660559,667.9934082,0.006365366746,
666.9761963,0.000824447663,666.9761963,0.00599091826,
665.9586792,-0.0009497007122,665.9586792,0.005747139454,
664.9407959,0.0003329952888,664.9407959,0.006188434549,
664.0681152,2.588596892E-8,664.0681152,0.007530582137,
663.0497437,0.0002925581939,663.0497437,0.007711830549,
662.0310059,0.0002712401911,662.0310059,0.00666810805,
661.0119629,0.0004738162679,661.0119629,0.00811901968,
659.9925537,-0.0001671911741,659.9925537,0.006104103755,
658.9729004,0.0001365699572,658.9729004,0.007617693394,
657.9529419,-0.00027414941,657.9529419,0.00704429904,
656.9326172,0.0003500675666,656.9326172,0.007546464913,
656.0578613,-0.0002066761517,656.0578613,0.007271381095,
655.0369873,-0.000418012467,655.0369873,0.006871087011,
654.0158081,-0.0002904469729,654.0158081,0.007767458446,
652.9943237,0.0003549639951,652.9943237,0.007989961654,
651.9725342,0.0001259017154,651.9725342,0.006665926427,
650.9504395,0.001524690539,650.9504395,0.008622509427,
649.9280396,0.001004059799,649.9280396,0.007998874411,
649.0514526,0.0005222526379,649.0514526,0.008690454997,
648.0284424,6.733462214E-5,648.0284424,0.006971244235,
647.005188,-0.0002695963194,647.005188,0.007133865263,
645.9815674,-0.001455662539,645.9815674,0.006519299466,
644.9577026,-0.0003819089325,644.9577026,0.008272255771,
643.9334717,-0.0002649914532,643.9334717,0.009614358656,
643.0553589,0.00022739009,643.0553589,0.007518308703,
642.0306396,1.022507786E-5,642.0306396,0.007859967649,
641.0055542,0.0002405213454,641.0055542,0.007324293721,
639.9801636,0.0001500609942,639.9801636,0.007761924528,
638.9545288,-0.0004109264701,638.9545288,0.007560635917,
637.9285278,0.0002167455241,637.9285278,0.007989250124,
637.0488892,-0.001290876651,637.0488892,0.007069425192,
636.0223999,1.423751564E-5,636.0223999,0.007720394526,
634.9955444,-0.0003751844342,634.9955444,0.007164048962,
633.9684448,-0.0005550027709,633.9684448,0.007807359099,
632.940979,-0.001332891872,632.940979,0.007725163829,
632.0601196,0.0006775239599,632.0601196,0.008499215357,
631.0321045,-0.001054297318,631.0321045,0.006842027884,
630.0038452,0.000195094588,630.0038452,0.008370942436,
628.9752808,-0.0004737653362,628.9752808,0.007931431755,
627.9464111,-0.0001757819118,627.9464111,0.007491181139,
627.06427,-0.0004365285859,627.06427,0.007329269312,
626.0348511,0.0001090194928,626.0348511,0.008087160066,
625.005127,-0.0008178990101,625.005127,0.006433958653,
623.9750977,-0.0004486308899,623.9750977,0.006467456929,
622.9448242,-0.001460564439,622.9448242,0.006447147578,
622.0614624,-0.0004387525551,622.0614624,0.007226607762,
621.0306396,0.000682294427,621.0306396,0.008259803057,
619.9994507,-0.0006809915649,619.9994507,0.008013033308,
618.9680176,1.951845843E-5,618.9680176,0.007680686191,
617.9362793,-0.0001592212939,617.9362793,0.007991755381,
617.0517578,0.0006443912862,617.0517578,0.008292650804,
616.0194702,-0.0002387583081,616.0194702,0.006616379134,
614.9868774,5.441571557E-5,614.9868774,0.008346875198,
613.9540405,-0.0004043576191,613.9540405,0.008228883147,
613.0685425,-0.0005190657685,613.0685425,0.007678525988,
612.0351563,-0.0002411384921,612.0351563,0.007737390697,
611.0014648,-0.0004902622895,611.0014648,0.007655999158,
609.9674683,0.0001895784371,609.9674683,0.008702893741,
608.9332275,0.0002702300262,608.9332275,0.008627077565,
608.0465088,-0.0008355713217,608.0465088,0.007646093145,
607.0117188,-0.0002589377982,607.0117188,0.008752414957,
605.9766235,-0.0004564403207,605.9766235,0.009039196186,
604.9412842,-0.000586025184,604.9412842,0.009194264188,
604.0535889,-0.0003320417891,604.0535889,0.009067292325,
603.0177002,-0.000696446863,603.0177002,0.009779189713,
601.9815674,1.879362026E-5,601.9815674,0.009251325391,
600.9450684,-0.0005292525166,600.9450684,0.009744402021,
600.0564575,-0.0003083477204,600.0564575,0.01039610896,
599.0194702,0.0001855125738,599.0194702,0.01046454441,
597.9822388,0.0006686571869,597.9822388,0.009671474807,
596.9446411,-0.0004260810383,596.9446411,0.01083153952,
596.0551147,-8.091200289E-5,596.0551147,0.01136010699,
595.0170288,-0.0002917404054,595.0170288,0.01215288881,
593.9786987,-0.0004285636533,593.9786987,0.01214453019,
592.9400635,-0.0002603348112,592.9400635,0.01258624904,
592.0495605,0.0004704733437,592.0495605,0.0122859329,
591.010437,-0.0004841600312,591.010437,0.01358389016,
589.9710083,-2.697234049E-5,589.9710083,0.01400063466,
588.9312744,3.360128539E-5,588.9312744,0.01476831362,
588.039917,0.0007760553854,588.039917,0.01643212885,
586.9996948,-0.0008514344809,586.9996948,0.01612049155,
585.9591675,5.278469689E-5,585.9591675,0.01785960048,
585.0670776,-0.0004890728742,585.0670776,0.01747737825,
584.026062,-0.0007956266636,584.026062,0.01915189438,
582.9848022,-0.0001385713695,582.9848022,0.02043939009,
581.9432373,-1.920696377E-5,581.9432373,0.02166262828,
581.0502319,8.86943817E-5,581.0502319,0.02242754586,
580.0081787,-0.0006372072385,580.0081787,0.02317642048,
578.9658203,0.0004245820455,578.9658203,0.02559775859,
578.0721436,-0.0003644250392,578.0721436,0.02579464577,
577.0292969,-0.0001468004048,577.0292969,0.02662049234,
575.9862061,0.000829816272,575.9862061,0.02789482661,
574.9428101,-0.0004157884105,574.9428101,0.02886240184,
574.0482178,-0.0008779406198,574.0482178,0.02951531112,
573.0043335,-0.001357872039,573.0043335,0.02883310616,
571.960144,-0.0003462679451,571.960144,0.02996635623,
571.0649414,-0.0003113483544,571.0649414,0.03087374382,
570.0202637,-0.0002747185354,570.0202637,0.03115390614,
568.9753418,-8.00320413E-5,568.9753418,0.03058031946,
567.9301147,-0.000386098749,567.9301147,0.03057068214,
567.0339966,0.0001114533952,567.0339966,0.03131849691,
565.9882813,-6.507244689E-5,565.9882813,0.03061717749,
564.9423218,1.579046966E-6,564.9423218,0.03047873266,
564.0455933,7.802731852E-5,564.0455933,0.02962246537,
562.9990845,-0.0002026398433,562.9990845,0.03030635603,
561.9523926,-0.0009745478746,561.9523926,0.02855883352,
561.0549927,9.211204451E-5,561.0549927,0.02874061093,
560.0077515,-0.0007101442316,560.0077515,0.02772592939,
558.9602661,-0.0004223053984,558.9602661,0.02906224318,
558.0621948,-0.000386874628,558.0621948,0.02831001207,
557.0142212,-0.0008334527374,557.0142212,0.02737506665,
555.9659424,-6.419245619E-5,555.9659424,0.02783402242,
555.0672607,-0.0002483307326,555.0672607,0.02792657167,
554.0185547,-7.99285117E-5,554.0185547,0.02800547518,
552.9695435,-0.0003174012818,552.9695435,0.02744849212,
552.0701904,-0.0002500899718,552.0701904,0.02826439776,
551.020752,-0.0006526641082,551.020752,0.0276149381,
549.9710083,-0.0004255638341,549.9710083,0.02832681127,
549.0710449,-0.0006511132815,549.0710449,0.02968232892,
548.020813,-0.0001730391086,548.020813,0.02932711504,
546.9703369,5.972303552E-5,546.9703369,0.03001275845,
546.0697021,-0.0002362228697,546.0697021,0.02966644801,
545.0187988,-6.937384114E-6,545.0187988,0.03051958047,
543.9675903,0.0001154667698,543.9675903,0.03082157858,
543.0663452,-0.0008638352156,543.0663452,0.03030732647,
542.0146484,-0.0001612914057,542.0146484,0.0314851515,
540.9627075,0.0003112349368,540.9627075,0.03160487488,
540.0608521,0.0003504043561,540.0608521,0.03258031234,
539.0084229,-0.0002536601678,539.0084229,0.03257308528,
537.9557495,-0.000149698637,537.9557495,0.03273843974,
537.0532837,-0.0004998808727,537.0532837,0.03180155158,
536.0001221,0.0002803319367,536.0001221,0.03266631812,
534.9467163,0.001014308538,534.9467163,0.03270809725,
534.0436401,0.0001244257874,534.0436401,0.03278695419,
532.9897461,-0.0001201460473,532.9897461,0.03206954896,
531.9356689,-0.0006143570063,531.9356689,0.03111911565,
531.0319214,3.800226477E-5,531.0319214,0.03161330894,
529.977356,-0.001002647798,529.977356,0.03134993464,
529.0732422,-0.0005196345737,529.0732422,0.03065028787,
528.0181885,0.0005787297268,528.0181885,0.03072429821,
526.9628906,-2.179543844E-5,526.9628906,0.03026497178,
526.0581665,0.001316664508,526.0581665,0.02976756729,
525.0023804,-0.0002973797091,525.0023804,0.02951519936,
523.9464111,3.556877709E-5,523.9464111,0.02923515067,
523.0410767,0.0001333332038,523.0410767,0.02890049852,
521.9846191,-0.00104784139,521.9846191,0.0280804988,
520.9279175,-0.001091739279,520.9279175,0.02820826508,
520.0219727,-0.001738073537,520.0219727,0.02619410679,
518.9647827,0.0002663188206,518.9647827,0.02702575549,
518.0584717,-0.0003209191782,518.0584717,0.02708038688,
517.0008545,0.0001427327952,517.0008545,0.02769135684,
515.9429932,5.62279638E-5,515.9429932,0.02658419311,
515.0360718,-0.0002692341513,515.0360718,0.02624654397,
513.9777222,-0.002400901634,513.9777222,0.02419630811,
513.0704346,0.0002016726212,513.0704346,0.0257906355,
512.0116577,9.187901742E-5,512.0116577,0.0255915802,
510.9526672,-0.0003626662656,510.9526672,0.02478917129,
510.0447693,-0.0002167667699,510.0447693,0.02442492731,
508.985321,-0.0004544233088,508.985321,0.02448857203,
507.9256287,-0.0001379502937,507.9256287,0.02430952154,
507.0171204,4.952268137E-5,507.0171204,0.02390268259,
505.9570007,-0.0008795940084,505.9570007,0.02335576899,
505.0481262,-0.0003783915017,505.0481262,0.02444916219,
503.9875488,-0.000248537719,503.9875488,0.02397831343,
502.9267273,-0.0001612914057,502.9267273,0.0233546216,
502.0172729,-0.0004035300226,502.0172729,0.02301578782,
500.9560242,-0.00022307974,500.9560242,0.02299949341,
500.0462036,-2.811125159E-5,500.0462036,0.02325695008,
498.9844971,-0.0002108159242,498.9844971,0.02334399521,
498.0742798,-9.16266581E-5,498.0742798,0.02346444502,
497.012146,-0.0003284204868,497.012146,0.02299141325,
495.9497986,-3.069967352E-5,495.9497986,0.02322338708,
495.0390015,-0.0002512283099,495.0390015,0.02264986373,
493.9762268,0.0003100951435,493.9762268,0.02257320844,
493.0650635,-0.0003403188894,493.0650635,0.02243062668,
492.0018311,-0.0009734631167,492.0018311,0.02150114067,
490.9383545,-0.001016955357,490.9383545,0.02179581299,
490.0266418,-0.0002853766782,490.0266418,0.02214603685,
488.9627686,4.499214265E-5,488.9627686,0.0228436999,
488.0506592,-0.0002985179017,488.0506592,0.02236077003,
486.9863586,-2.500512528E-5,486.9863586,0.02252688445,
486.0738831,0.0001582956611,486.0738831,0.02238488942,
485.0091553,9.241389307E-6,485.0091553,0.02277767844,
483.9441833,-0.0003720290551,483.9441833,0.02290171012,
483.0311584,-1.076842909E-5,483.0311584,0.02327249013,
481.9657593,-0.000400633493,481.9657593,0.0230565127,
481.0523682,-6.631478755E-5,481.0523682,0.02310848981,
479.9865417,-0.0002850145102,479.9865417,0.02358626947,
479.0728149,-0.0001668806508,479.0728149,0.0240725074,
478.0065918,0.0009141666233,478.0065918,0.02426271141,
476.9401245,2.976896667E-6,476.9401245,0.02405330166,
476.0258179,0.0001848392567,476.0258179,0.02452269755,
474.9589233,-0.0001621711999,474.9589233,0.02464227006,
474.044281,-8.008380246E-5,474.044281,0.02545519359,
472.9769897,4.763044217E-6,472.9769897,0.02555341646,
472.0619812,0.0005907829036,472.0619812,0.02664273232,
470.9942627,-0.0001390889229,470.9942627,0.02667834982,
469.9263306,-0.0005533482181,469.9263306,0.02639074251,
469.0108032,-0.0001297210983,469.0108032,0.02804783173,
467.9424438,2.120112549E-5,467.9424438,0.02885031328,
467.0265503,-0.0003165735397,467.0265503,0.0289005544,
465.9577942,-0.000102548096,465.9577942,0.02971958183,
465.0415344,-0.0004556645581,465.0415344,0.03024973534,
463.9723816,-0.0006113067502,463.9723816,0.0316727832,
463.0557861,0.0001524433319,463.0557861,0.03233581781,
461.9862061,7.577484212E-5,461.9862061,0.03383965045,
461.0692749,-0.001306723221,461.0692749,0.03391252831,
459.9992981,-2.868070624E-5,459.9992981,0.03661842644,
458.9291077,-0.0003127969103,458.9291077,0.0369447358,
458.0116272,0.0004623105051,458.0116272,0.03819352016,
456.94104,-0.0001350519888,456.94104,0.03967410699,
456.0232239,0.000275669503,456.0232239,0.04114236683,
454.95224,-0.0001252182556,454.95224,0.04253963009,
454.0340576,0.0004887949326,454.0340576,0.04460056126,
452.962677,0.0002402105456,452.962677,0.04639502242,
452.0441589,0.0003791878407,452.0441589,0.04827737808,
450.9723816,0.0002626148635,450.9723816,0.0514662452,
450.0535583,6.95870549E-5,450.0535583,0.05240793526,
448.9813538,0.0002416350617,448.9813538,0.05508677661,
448.0621948,-0.0001664666343,448.0621948,0.05816007406,
446.989624,-0.0001045667232,446.989624,0.06167644635,
446.0700989,-0.0006631579017,446.0700989,0.06365936249,
444.9971313,-0.0002123165759,444.9971313,0.06773306429,
443.9239502,0.0003239542712,443.9239502,0.07258547843,
443.0039368,-0.0001589625172,443.0039368,0.0762757808,
441.9303589,-0.0006386547466,441.9303589,0.08069196343,
441.0100098,0.0005825141561,441.0100098,0.08625544608,
439.9360657,-0.000643772597,439.9360657,0.09215665609,
439.0153809,0.0001328153303,439.0153809,0.09808279574,
437.94104,0.0002382162347,437.94104,0.1057899147,
437.0200195,-0.0004530269362,437.0200195,0.1142605245,
435.945282,-2.790417784E-5,435.945282,0.1238538176,
435.0239563,-8.283502098E-7,435.0239563,0.1333329529,
433.9488525,0.0004989278968,433.9488525,0.1440346837,
433.0271606,-4.074260141E-5,433.0271606,0.1544183195,
431.9516907,-5.855011477E-5,431.9516907,0.1680743992,
431.0296936,6.042205132E-5,431.0296936,0.1812200844,
429.9538269,0.0001901740761,429.9538269,0.1946635246,
429.0315247,0.0006664794637,429.0315247,0.2059055567,
427.9552917,-0.0003561484045,427.9552917,0.2191902846,
427.0326538,0.0005644218763,427.0326538,0.2316631824,
425.9560242,-0.0002254082792,425.9560242,0.2457585782,
425.0330811,-0.0003988748649,425.0330811,0.256567359,
423.9560852,-0.0001885124802,423.9560852,0.2687099278,
423.0328064,-0.0005066551385,423.0328064,0.2753267586,
421.9554443,-0.0001670876663,421.9554443,0.2833454907,
421.0318604,0.0001821200858,421.0318604,0.2890034318,
419.9541321,-0.0003841848811,419.9541321,0.2919427752,
419.0302124,-0.0003366976744,419.0302124,0.2923959196,
417.9521484,-0.0002818584908,417.9521484,0.2905280292,
417.0278931,-2.195074558E-5,417.0278931,0.2885216475,
415.9494629,8.918631647E-5,415.9494629,0.2840100527,
415.0249023,-0.0004060645006,415.0249023,0.2761847675,
413.946106,-0.0001041526484,413.946106,0.2693064213,
413.0212402,-0.0002066761517,413.0212402,0.2647132874,
411.9420776,0.0001654946391,411.9420776,0.2555055618,
411.0169067,-0.0002436221548,411.0169067,0.2488632798,
409.9373779,0.0001729786018,409.9373779,0.2395521849,
409.0119019,-7.84274016E-5,409.0119019,0.2309454829,
407.9320068,1.423730623E-6,407.9320068,0.2227811068,
407.0062256,0.0004231569183,407.0062256,0.2179245949,
405.9259644,0.0002312491415,405.9259644,0.210433498,
404.9998779,-0.0003963403578,404.9998779,0.2036462575,
404.0736694,-0.001106870128,404.0736694,0.1980342716,
402.9928894,-7.506866041E-6,402.9928894,0.1927295029,
402.0663452,-0.0005321482313,402.0663452,0.1890810728,
400.9852295,-0.001045052428,400.9852295,0.1837707758,
400.0584106,-0.0001707620395,400.0584106,0.1796439439,
398.9769287,0.0001071034567,398.9769287,0.1765436381,
398.0498047,0.0002306275419,398.0498047,0.1715504974,
396.9679871,-0.0007489080308,396.9679871,0.1667737216,
396.0405579,-0.0003741498804,396.0405579,0.1638223678,
394.958374,-0.0002776676556,394.958374,0.1601340026,
394.0306702,0.0003442126617,394.0306702,0.1561538428,
392.9481506,0.0002584965259,392.9481506,0.153025195,
392.0201111,0.000346000219,392.0201111,0.1490421593,
390.9372559,-0.0003258338547,390.9372559,0.1451586336,
390.0089417,-0.0003188498376,390.0089417,0.1422953606,
388.9257507,6.393881449E-6,388.9257507,0.1378537714,
387.9971619,0.0004124816332,387.9971619,0.1357259899,
387.0684204,0.0009393296787,387.0684204,0.1332025975,
385.9847107,-0.0003900816082,385.9847107,0.1293049604,
385.0556946,-0.0007306635962,385.0556946,0.1253803372,
383.9716492,-0.0002487446764,383.9716492,0.1228434145,
383.0423279,-0.0004216330126,383.0423279,0.1207994074,
381.9579468,0.0007677052636,381.9579468,0.118608892,
381.0283508,0.0005951636122,381.0283508,0.1183224469,
379.943634,9.739393136E-5,379.943634,0.1148201525,
379.0137634,3.89860179E-5,379.0137634,0.1137906238,
377.9287109,0.0001447525719,377.9287109,0.1121708974,
376.9985352,-8.24131057E-5,376.9985352,0.1108384877,
376.0682373,-0.0002030538308,376.0682373,0.1103349924,
374.9827271,2.472180313E-5,374.9827271,0.1100992411,
374.052124,-3.898251816E-5,374.052124,0.1085881442,
372.9662781,-0.0004323392641,372.9662781,0.1083547324,
372.0354004,0.0002771459403,372.0354004,0.1090809628,
370.9492493,-0.0004610948672,370.9492493,0.1080039591,
370.0180969,-0.0004274257808,370.0180969,0.1076476946,
368.9315796,9.415747627E-5,368.9315796,0.1076298803,
368.0001831,0.0008259778842,368.0001831,0.1079514772,
367.068634,-0.0001131587123,367.068634,0.1073503494,
365.9816589,-0.0003259373188,365.9816589,0.1069479585,
365.0498352,-0.0005828196299,365.0498352,0.1067600101,
363.9625244,0.000624352193,363.9625244,0.1074982956,
363.030426,-1.812014034E-6,363.030426,0.1065162644,
361.9428406,-0.0001904789533,361.9428406,0.1064475924,
361.0104675,0.0007277721888,361.0104675,0.1056155115,
359.9225159,5.630563101E-5,359.9225159,0.1047323942,
358.9898987,-0.0006497692084,358.9898987,0.1035859212,
358.0571289,-0.0002765811514,358.0571289,0.102815412,
356.96875,0.0006992507842,356.96875,0.1014813706,
356.0357056,3.354950968E-5,356.0357056,0.1007609367,
354.9470215,-0.000136759918,354.9470215,0.09942168742,
354.0137024,0.0001232346985,354.0137024,0.09766624123,
352.9247131,-6.367901733E-6,352.9247131,0.09516653419,
351.9911194,-0.0004523028911,351.9911194,0.09372569621,
351.0574341,3.290231325E-5,351.0574341,0.09231716394,
349.9679871,-0.0002667506342,349.9679871,0.09010615945,
349.0340271,-1.170030009E-5,349.0340271,0.08980384469,
347.9442749,-9.426646284E-5,347.9442749,0.08630634844,
347.0100708,-0.0006114618736,347.0100708,0.08481456339,
346.0757141,-0.001425269875,346.0757141,0.0835025683,
344.9855347,-0.000636173354,344.9855347,0.08205898851,
344.0509338,-0.0006544733769,344.0509338,0.08020973206,
342.9604187,-0.0002330664865,342.9604187,0.07923633605,
342.0255737,-0.0009795584483,342.0255737,0.07716488093,
340.9347534,1.038039773E-5,340.9347534,0.07508230954,
339.9996643,-0.000338249607,339.9996643,0.07500842959,
339.0644226,-0.0002635427227,339.0644226,0.07161785662,
337.973175,-0.001590726897,337.973175,0.06940669566,
337.0377197,1.780991079E-5,337.0377197,0.06880881637,
335.946167,0.0004475659516,335.946167,0.06744930893,
335.010437,0.000209675185,335.010437,0.06694920361,
334.074585,-1.972465907E-5,334.074585,0.06516909599,
332.9826355,0.0001876879396,332.9826355,0.06354740262,
332.0465393,-0.0002506074088,332.0465393,0.06211006269,
330.9542847,-4.426274973E-5,330.9542847,0.06055736914,
330.0179138,0.0002305757516,330.0179138,0.06002886966,
328.9253845,-0.0003339041432,328.9253845,0.05775832757,
327.9888,-0.0001388818928,327.9888,0.0563923642,
327.0520935,-8.262015035E-5,327.0520935,0.05547711998,
325.9591064,-0.00078999385,325.9591064,0.05362369865,
325.0221558,0.0002389673318,325.0221558,0.0543150343,
323.928894,-8.758928016E-5,323.928894,0.0531341657,
322.9916992,-0.0006194751477,322.9916992,0.05114331841,
322.0544128,-0.0008867756696,322.0544128,0.05067082122,
320.9607544,-0.0006294527557,320.9607544,0.04967965558,
320.0231934,-0.0002486411831,320.0231934,0.05037156492,
318.9292603,-0.0001120717789,318.9292603,0.04931031913,
317.9914551,-0.0001928076526,317.9914551,0.04945565388,
317.0535583,-0.00149054185,317.0535583,0.04793518782,
315.959198,-0.0001718488202,315.959198,0.04905642569,
315.0210876,-0.0003216434561,315.0210876,0.04895647988,
313.9264526,-3.313277557E-5,313.9264526,0.05018498003,
312.9880676,-0.0002678889141,312.9880676,0.05093596503,
312.0495911,-0.0004283050366,312.0495911,0.05209857598,
310.9545593,5.001456884E-5,310.9545593,0.05467083305,
310.0158386,-0.0004506996193,310.0158386,0.05676302314,
309.0770264,-0.0002625596535,309.0770264,0.06063793227,
307.9815979,-0.000496002438,307.9815979,0.06521613896,
307.0425415,-0.0001150737662,307.0425415,0.07104180008,
305.9468689,-0.0007102992968,305.9468689,0.07891137153,
305.0075684,-0.0004854528815,305.0075684,0.08900748938,
304.0681763,-0.000367063185,304.0681763,0.09843808413,
302.9721069,9.237095946E-5,302.9721069,0.1148117557,
302.0325012,-0.0001298763673,302.0325012,0.124325119,
300.9361267,-0.000356200122,300.9361267,0.1435532868,
299.9963074,-0.0003376288514,299.9963074,0.1576039046,
299.056366,0.0001742993045,299.056366,0.1790769845,
297.9596252,-0.0002900330583,297.9596252,0.2010100037,
297.0194397,-0.0002784437384,297.0194397,0.2273433357,
295.9224548,-0.0009823995642,295.9224548,0.2669592798,
294.9820557,9.110227984E-5,294.9820557,0.2940925658,
294.0415649,0.000270152319,294.0415649,0.3301813006,
292.9442139,0.000153634508,292.9442139,0.3648526371,
292.003479,6.598834443E-5,292.003479,0.3807250261,
291.0626831,-3.877544805E-5,291.0626831,0.3940165341,
289.9649353,-9.059144213E-5,289.9649353,0.4194033742,
289.0238953,-0.0001409003598,289.0238953,0.4553929567,
287.9259033,-0.0001938943897,287.9259033,0.5001405478,
286.9846497,-2.919839062E-5,286.9846497,0.5285173059,
286.0433044,0.0003777369566,286.0433044,0.5474228263,
284.9449463,0.000337917445,284.9449463,0.5592947602,
284.0033569,8.172968955E-5,284.0033569,0.5654090047,
283.0617065,-0.0008685370558,283.0617065,0.5707085729,
281.9629822,-0.0003059161536,281.9629822,0.5775974393,
281.0211182,-0.00155255408,281.0211182,0.5803786516,
279.9221191,-0.0008006910211,279.9221191,0.579562068,
278.9800415,0.0001442864741,278.9800415,0.5781064034,
278.0378723,-9.033263632E-5,278.0378723,0.5740774274,
276.9385376,-0.0006377242389,276.9385376,0.5652695298,
275.9961548,-0.0002602830646,275.9961548,0.5586647391,
275.0536804,7.841568004E-5,275.0536804,0.5460529923,
273.9539795,-5.21312104E-5,273.9539795,0.5340000987,
273.0112915,0.0004567650612,273.0112915,0.5207745433,
272.068512,3.789870971E-5,272.068512,0.5108608007,
270.9684753,9.697966743E-5,270.9684753,0.5019805431,
270.0254822,-0.0009628218249,270.0254822,0.4879516959,
268.9252014,-0.0005759431515,268.9252014,0.4676147103,
267.9820251,-0.001392449602,267.9820251,0.4528566301,
267.0387573,-0.001482750988,267.0387573,0.4421761036,
265.9381409,-0.001138782594,265.9381409,0.4235966206,
264.9946594,-0.001836706535,264.9946594,0.4059589207,
264.0510864,-0.001248599263,264.0510864,0.3915497661,
262.9501343,-0.002099137288,262.9501343,0.377034694,
262.0063477,-0.0002158353309,262.0063477,0.3714562953,
261.0625,-0.0003097963054,261.0625,0.3631726503,
259.9612122,-9.059144213E-5,259.9612122,0.3504782021,
259.0171509,-0.002537988592,259.0171509,0.3283292353,
258.072998,-0.0007952132728,258.072998,0.3175725937,
256.9713745,-0.001180709223,256.9713745,0.3065131009,
256.0270386,-8.749369044E-6,256.0270386,0.3041703701,
254.9252014,-0.001243230421,254.9252014,0.2974613011,
253.9806671,-0.0007855495205,253.9806671,0.2939502597,
253.0360413,-0.001143119996,253.0360413,0.2904598713,
251.9338837,-0.0002403623512,251.9338837,0.292729795,
250.9890747,-0.0006538013695,250.9890747,0.2984336317,
250.0441742,-0.001103100367,250.0441742,0.3108564019,
248.947998,-0.0002323938097,248.947998,0.3272902966,
248.0085449,-0.0008277170127,248.0085449,0.3468673825,
247.0690155,-5.321828939E-5,247.0690155,0.3764612675,
245.9727936,-0.001186337089,245.9727936,0.4183230102,
245.0330658,-0.001118282438,245.0330658,0.4735452831,
243.9366302,-9.695801418E-5,243.9366302,0.5572070479,
242.9967346,-0.0004039955384,242.9967346,0.6308172941,
242.0567474,-0.000217077235,242.0567474,0.7218857408,
240.9600067,0.0003655342443,240.9600067,0.873192668,
240.0198364,0.001117432257,240.0198364,1.043785453,
238.9228821,0.0003550417023,238.9228821,1.318162203,
237.9825439,-0.0008017245564,237.9825439,1.536570549,
237.0421143,-8.365539543E-5,237.0421143,1.783655405,
235.9448547,-0.0004452691646,235.9448547,2.048470259,
235.0042572,-0.0006979458267,235.0042572,2.170751095,
234.0635834,-0.0004623877758,234.0635834,2.370876551,
232.9660187,8.553566295E-5,232.9660187,2.347268581,
232.025177,9.83001446E-5,232.025177,2.649843454,
230.9274139,-0.001095560845,230.9274139,2.492020607,
229.9863892,0.001508792862,229.9863892,2.304478168,
229.0452728,-0.001093495172,229.0452728,3.01818037,
227.9472198,-0.001412885147,227.9472198,3.124824524,
227.0059509,0.007140680682,227.0059509,2.782117367,
226.0646057,0.01245726924,226.0646057,2.972863197,
224.9662628,0.01228263043,224.9662628,2.680977106,
224.0247345,0.01162851416,224.0247345,2.654993773,
222.9261932,0.0092657106,222.9261932,2.333657503,
221.9845123,-0.01994774118,221.9845123,2.289997578,
221.0427551,-0.03866101056,221.0427551,2.247694969,
219.943924,-0.002909702249,219.943924,1.829635024,
219.0019989,0.01304618176,219.0019989,1.606577873,
218.0599976,0.03455707431,218.0599976,1.880103946,
216.960907,0.02030293085,216.960907,1.362385035,
216.0187378,0.01943937503,216.0187378,1.180705786,
215.0765076,-0.000295568927,215.0765076,1.159545541,
213.9771271,0.04811913148,213.9771271,0.9436892271,
213.034729,-0.02534647658,213.034729,0.7715992928,
211.9351807,0.00998182781,211.9351807,0.7401865721,
210.9926147,-0.008849104866,210.9926147,0.5026753545,
210.0499878,-0.01075683627,210.0499878,0.4070470333,
208.9501648,-0.08484865725,208.9501648,0.4690503478,
208.0073853,-0.02176667005,208.0073853,0.4584981799,
207.0645294,0.3317706287,207.0645294,0.5239992142,
205.9644318,-0.2855736315,205.9644318,-0.02465008944,
205.0214233,-0.1682797223,205.0214233,0.1115316674,
204.0783539,0.06823474169,204.0783539,0.2610406578,
202.9779968,-0.004101975355,202.9779968,0.2177981436,
202.0347748,-0.1162539721,202.0347748,0.1262844056,
200.9342499,-0.09313096106,200.9342499,0.4042531252,
199.9907532,-0.06372603774,199.9907532,0.2765502036,

baseline,
baseline
Collection Time: 18/09/2019 10:48:11
Operator Name  :
Scan Software Version: 3.00(339)
Parameter List :
Instrument                        Cary 50
Instrument Version                3.00
Start (nm)                        800.0
Stop (nm)                         200.0
X Mode                            Nanometers
Y Mode                            Abs
UV-Vis Scan Rate (nm/min)         4800.00
UV-Vis Data Interval (nm)         1.00
UV-Vis Ave. Time (sec)            0.0125
Beam Mode                         Dual Beam
Baseline Correction               On
Baseline Type                     Baseline correction
Baseline File Name
Baseline Std Ref File Name
Cycle Mode                        Off
Comments
Method Log     :
Method Name    :
Date/Time stamp: 18/09/2019 10:47:31
Method Modifications:
Common Interval nm Changed: 18/09/2019 10:47:53, Old:     5.00, New:     1.00
Baseline Correction Changed: 18/09/2019 10:47:53, Old:0, New:1
Storage Changed: 18/09/2019 10:47:53, Old:1, New:0
End Method Modifications
<Current Wavelength> , 203.0

bm3WT_2in1000,
bm3WT_2in1000
Collection Time: 18/09/2019 10:49:54
Operator Name  :
Scan Software Version: 3.00(339)
Parameter List :
Instrument                        Cary 50
Instrument Version                3.00
Start (nm)                        800.0
Stop (nm)                         200.0
X Mode                            Nanometers
Y Mode                            Abs
UV-Vis Scan Rate (nm/min)         4800.00
UV-Vis Data Interval (nm)         1.00
UV-Vis Ave. Time (sec)            0.0125
Beam Mode                         Dual Beam
Baseline Correction               On
Baseline Type                     Baseline correction
Baseline File Name
Baseline Std Ref File Name
Cycle Mode                        Off
Comments
Method Log     :
Method Name    :
Date/Time stamp: 18/09/2019 10:47:31
Method Modifications:
Common Interval nm Changed: 18/09/2019 10:47:53, Old:     5.00, New:     1.00
Baseline Correction Changed: 18/09/2019 10:47:53, Old:0, New:1
Storage Changed: 18/09/2019 10:47:53, Old:1, New:0
End Method Modifications
<Current Wavelength> , 203.0

