blank,,bm3_workingStock_2in100,,bm3_workingStock_1in100,,
Wavelength (nm),Abs,Wavelength (nm),Abs,Wavelength (nm),Abs,
800.0101318,0.001784018474,800.0101318,0.009332672693,800.0101318,0.007418314926,
799.0389404,0.003156641033,799.0389404,0.009897498414,799.0389404,0.007981419563,
798.0673218,0.0005184169277,798.0673218,0.007637188304,798.0673218,0.005350736901,
796.9564209,-0.0008569631609,796.9564209,0.008115194738,796.9564209,0.00598745374,
795.9840088,0.001117587904,795.9840088,0.01017353591,795.9840088,0.005018927157,
795.0111694,0.001574023627,795.0111694,0.0102133397,795.0111694,0.006042992231,
794.0380249,-0.001167233218,794.0380249,0.008789051324,794.0380249,0.005272149574,
793.0644531,-0.0008187257918,793.0644531,0.008751411922,793.0644531,0.005234027281,
791.951355,0.001645630342,791.951355,0.01146757789,791.951355,0.007145680487,
790.9769897,-0.0008671936812,790.9769897,0.007888910361,790.9769897,0.005141813308,
790.0022583,0.001867176499,790.0022583,0.01076049916,790.0022583,0.007728615776,
789.0271606,0.001590651111,789.0271606,0.01023160014,789.0271606,0.007104656659,
788.0516968,0.002115393523,788.0516968,0.009817237034,788.0516968,0.006054988131,
786.9364014,0.0002415055642,786.9364014,0.009279911406,786.9364014,0.004529823083,
785.960144,0.0009755981155,785.960144,0.01082583424,785.960144,0.0063648941,
784.9835205,-0.00148450525,784.9835205,0.007562058046,784.9835205,0.002923386404,
784.0064697,-0.001091790968,784.0064697,0.007479356602,784.0064697,0.005895945709,
783.0291138,8.879794768E-5,783.0291138,0.0100914482,783.0291138,0.005073792301,
782.0513306,0.0004122484534,782.0513306,0.00891052559,782.0513306,0.006581975613,
780.9334717,-0.0007741801091,780.9334717,0.009480332024,780.9334717,0.005174767226,
779.9549561,1.045805675E-5,779.9549561,0.010321985,779.9549561,0.005954963155,
778.9760132,0.001507442095,778.9760132,0.008900538087,778.9760132,0.006304297596,
777.9967651,-0.001794894692,777.9967651,0.01008651964,777.9967651,0.004721520469,
777.0170898,-0.001022120356,777.0170898,0.008272756822,777.0170898,0.004933907185,
776.0371094,0.0008235918358,776.0371094,0.009537165985,776.0371094,0.005905392114,
775.0567017,0.0007085070829,775.0567017,0.009858226404,775.0567017,0.004929639399,
773.9358521,-0.0008145918255,773.9358521,0.009251854382,773.9358521,0.004935347009,
772.9547119,0.0004612998746,772.9547119,0.01030289941,772.9547119,0.006323865149,
771.9731445,0.0009393556393,771.9731445,0.01070451271,771.9731445,0.005874429829,
770.991272,-0.0002409315202,770.991272,0.01087554451,770.991272,0.005128349643,
770.0090332,0.0004097869387,770.0090332,0.01019134372,770.0090332,0.005604860373,
769.0264282,-3.981079499E-5,769.0264282,0.0103635788,769.0264282,0.00549183134,
768.043396,0.000232285136,768.043396,0.01120078471,768.043396,0.006665374152,
767.0600586,0.001397110173,767.0600586,0.01152339671,767.0600586,0.007368444931,
765.935791,-0.0004401489859,765.935791,0.01088194177,765.935791,0.006087250076,
764.9517212,0.0003113385756,764.9517212,0.01134663541,764.9517212,0.007750830147,
763.9672241,-0.001105734031,763.9672241,0.01040130574,763.9672241,0.00652660476,
762.9823608,0.0006647164701,762.9823608,0.01051227842,762.9823608,0.005183202215,
761.9971924,0.001359819784,761.9971924,0.01197837293,761.9971924,0.006956540048,
761.0116577,-0.0001002706631,761.0116577,0.01040772162,761.0116577,0.006025458686,
760.0256958,0.001276732888,760.0256958,0.01362024155,760.0256958,0.007916089147,
759.0394287,-4.265797907E-5,759.0394287,0.01245471183,759.0394287,0.005774079356,
758.0527954,0.001026659273,758.0527954,0.01275213249,758.0527954,0.008220757358,
757.0657959,0.0007503054221,757.0657959,0.01426629256,757.0657959,0.008334288374,
755.9373779,-0.001997111132,755.9373779,0.01138777006,755.9373779,0.005901981145,
754.949646,0.001578856027,754.949646,0.01366535854,754.949646,0.008682743646,
753.9615479,-0.000118438038,753.9615479,0.01377698127,753.9615479,0.006966535933,
752.9730835,-0.001011118758,752.9730835,0.01323866099,752.9730835,0.006496517453,
751.9842529,0.0009211447323,751.9842529,0.01274677366,751.9842529,0.008049950004,
750.9950562,-0.0003917885479,750.9950562,0.01204237435,750.9950562,0.007272881456,
750.0055542,-0.00167454069,750.0055542,0.01183026098,750.0055542,0.006028477103,
749.015625,9.16459976E-5,749.015625,0.01377404202,749.015625,0.006264797878,
748.0253906,0.0005107197212,748.0253906,0.01417754311,748.0253906,0.006998944096,
747.03479,0.0001448561525,747.03479,0.0142380977,747.03479,0.008284630254,
746.0438843,0.00111865194,746.0438843,0.01434058417,746.0438843,0.008644267917,
745.0525513,0.000339575432,745.0525513,0.01419752184,745.0525513,0.009108819067,
744.0609131,-0.0005196862621,744.0609131,0.01432059892,744.0609131,0.007127839141,
743.0689087,0.0001970369049,743.0689087,0.01422916446,743.0689087,0.008880193345,
741.9347534,-0.0003829434572,741.9347534,0.01418845542,741.9347534,0.007849318907,
740.9420166,0.001550564426,740.9420166,0.01534516551,740.9420166,0.008786066435,
739.9489136,9.035143012E-5,739.9489136,0.01526761707,739.9489136,0.007925606333,
738.9554443,-0.001586187631,738.9554443,0.01493572909,738.9554443,0.009430886246,
737.9616699,-0.000228047269,737.9616699,0.01261521503,737.9616699,0.007124970667,
736.9675293,-0.0003912713146,736.9675293,0.01447304152,736.9675293,0.008027272299,
735.9730225,-4.27097475E-5,735.9730225,0.01545156073,735.9730225,0.009458187968,
734.9782104,-4.876642561E-5,734.9782104,0.01560096722,734.9782104,0.009660860524,
733.9830322,0.001350809238,733.9830322,0.015216114,733.9830322,0.009331746958,
732.9874878,0.001247604261,732.9874878,0.01502776798,732.9874878,0.008602705784,
731.9915771,-0.001637922483,731.9915771,0.01472616103,731.9915771,0.006787964609,
730.9953613,-0.0008799556526,730.9953613,0.01573303156,730.9953613,0.009427261539,
729.9987793,-0.0003247474669,729.9987793,0.01558221132,729.9987793,0.008241467178,
729.0018921,-0.001364684547,729.0018921,0.01490574982,729.0018921,0.007116918918,
728.0046387,-0.002333243145,728.0046387,0.01466444042,728.0046387,0.007470797282,
727.007019,0.0004065999819,727.007019,0.01682702079,727.007019,0.01024450734,
726.0090942,-0.0002358089114,726.0090942,0.01699865051,726.0090942,0.009704668075,
725.0108032,0.0002682873746,725.0108032,0.01534583513,725.0108032,0.009616554715,
724.012146,-0.0009046001942,724.012146,0.01649611816,724.012146,0.008435100317,
723.0131836,-6.719477824E-5,723.0131836,0.01688937284,723.0131836,0.009039433673,
722.013855,-0.001429191674,722.013855,0.01669066958,722.013855,0.008059759624,
721.0142212,7.587840082E-5,721.0142212,0.01784082875,721.0142212,0.009029416367,
720.0142212,0.0004163164122,720.0142212,0.01812352799,720.0142212,0.01032352261,
719.013916,0.0003067275975,719.013916,0.01833404042,719.013916,0.01040406339,
718.0131836,6.024082541E-5,718.0131836,0.01819378696,718.0131836,0.009644715115,
717.012207,0.0004007961252,717.012207,0.01733694226,717.012207,0.009828013368,
716.0108643,-0.0001603081037,716.0108643,0.01778912731,716.0108643,0.01033863239,
715.0091553,-5.963717558E-5,715.0091553,0.0181172397,715.0091553,0.01106679812,
714.0071411,-0.0005241850158,714.0071411,0.0182971023,714.0071411,0.01065142546,
713.0047607,0.0006310145254,713.0047607,0.01833733357,713.0047607,0.01024665404,
712.0020752,0.0003930232488,712.0020752,0.01930604316,712.0020752,0.01040416863,
710.9990234,0.0001322197641,710.9990234,0.0179088302,710.9990234,0.01046213135,
709.9956665,0.0014921166,709.9956665,0.01798415184,709.9956665,0.01139938273,
708.9919434,-9.980482719E-5,708.9919434,0.01888623461,708.9919434,0.01009224262,
707.987915,3.857026513E-6,707.987915,0.01864205487,707.987915,0.01056603808,
706.9835815,0.0001657018001,706.9835815,0.01906384528,706.9835815,0.0117379399,
705.9788208,0.0007232345524,705.9788208,0.01879669912,705.9788208,0.01090906933,
704.9738159,-0.0001012023422,704.9738159,0.01877423562,704.9738159,0.01141152717,
703.9684448,-0.0005726341042,703.9684448,0.01823643781,703.9684448,0.01027079951,
702.9627075,-0.0003893057292,702.9627075,0.01891227067,702.9627075,0.01138476655,
701.956665,0.0002852016769,701.956665,0.01921980269,701.956665,0.01089757588,
700.9503174,0.0003350936749,700.9503174,0.02038740553,700.9503174,0.01100349799,
699.9436035,0.0002377241326,699.9436035,0.01922102086,699.9436035,0.01062617078,
698.9365845,-0.0006676034536,698.9365845,0.01913084835,698.9365845,0.01028023567,
697.9292603,-3.934649158E-6,697.9292603,0.02014240809,697.9292603,0.0110984249,
697.0655518,0.000260283734,697.0655518,0.02001401037,697.0655518,0.01099810842,
696.0575562,0.0003025311162,696.0575562,0.0194082167,696.0575562,0.01167507377,
695.0492554,5.573606541E-5,695.0492554,0.01945634931,695.0492554,0.01101871114,
694.0406494,0.0001670483907,694.0406494,0.01976283081,694.0406494,0.01049633976,
693.0316772,0.0005806737463,693.0316772,0.02014061809,693.0316772,0.01153410971,
692.0223999,5.982659422E-5,692.0223999,0.01992212795,692.0223999,0.01239658892,
691.0128174,-0.0004430969711,691.0128174,0.01936769672,691.0128174,0.01122025494,
690.0028687,0.000130536675,690.0028687,0.02030325495,690.0028687,0.01198675577,
688.9926147,-0.0005904715508,688.9926147,0.01964537986,688.9926147,0.01105410606,
687.9819946,0.0001401433547,687.9819946,0.02085060067,687.9819946,0.01222911105,
686.9711304,0.0002943714208,686.9711304,0.02027705312,686.9711304,0.01093871985,
685.9598389,0.0005007938016,685.9598389,0.02050939947,685.9598389,0.01195277553,
684.9483032,0.0002963141887,684.9483032,0.0210121721,684.9483032,0.01043972559,
683.9364624,-8.076346603E-6,683.9364624,0.02026913315,683.9364624,0.01159562636,
683.0688477,0.000111971247,683.0688477,0.02111977711,683.0688477,0.0119284559,
682.0563965,-0.0003807192261,682.0563965,0.0211145319,682.0563965,0.01181512605,
681.0435791,-0.0005567090702,681.0435791,0.02111330815,681.0435791,0.0120803006,
680.0304565,-3.639414717E-5,680.0304565,0.02158922143,680.0304565,0.01230257563,
679.0170288,0.001474869554,679.0170288,0.02118019201,679.0170288,0.01235274877,
678.0032349,0.0008819497307,678.0032349,0.02224383876,678.0032349,0.01200809795,
676.9891357,-0.0005152908852,676.9891357,0.02229487523,676.9891357,0.01276570093,
675.9747314,-4.141735189E-6,675.9747314,0.02236583829,675.9747314,0.01302508265,
674.960022,-4.845582953E-5,674.960022,0.02291366272,674.960022,0.01247660909,
673.9450073,0.000461844058,673.9450073,0.02276600339,673.9450073,0.01232553087,
672.9296265,0.0007187747979,672.9296265,0.02263110131,672.9296265,0.01276860666,
672.059082,0.0006794943474,672.059082,0.02275896445,672.059082,0.01312776282,
671.0431519,-0.000713969057,671.0431519,0.02261817455,671.0431519,0.01260679401,
670.0268555,-0.0002519526752,670.0268555,0.02277421393,670.0268555,0.01286762673,
669.0103149,-0.00056901481,669.0103149,0.02361261658,669.0103149,0.01255158242,
667.9934082,0.0002724835067,667.9934082,0.02359220013,667.9934082,0.01272006426,
666.9761963,-0.0006993414136,666.9761963,0.02392740734,666.9761963,0.01270348486,
665.9586792,-0.0002719763434,665.9586792,0.02436545491,665.9586792,0.01252011582,
664.9407959,-0.000941383536,664.9407959,0.02332673222,664.9407959,0.01251587924,
664.0681152,-0.001645452692,664.0681152,0.02384954318,664.0681152,0.01294341404,
663.0497437,-0.0003648388665,663.0497437,0.02482148632,663.0497437,0.01381746493,
662.0310059,-0.0002536084212,662.0310059,0.02474685758,662.0310059,0.0136021059,
661.0119629,1.320186357E-6,661.0119629,0.02565015107,661.0119629,0.01358263474,
659.9925537,-8.567410259E-5,659.9925537,0.02634164318,659.9925537,0.01460575406,
658.9729004,-0.0003064335033,658.9729004,0.02502035163,658.9729004,0.01371045318,
657.9529419,-0.0003442504385,657.9529419,0.02633025683,657.9529419,0.01455620304,
656.9326172,-0.0001180239778,656.9326172,0.02611544915,656.9326172,0.01451388467,
656.0578613,8.54579921E-5,656.0578613,0.0268417187,656.0578613,0.01429462153,
655.0369873,6.282979302E-5,655.0369873,0.02630305663,655.0369873,0.0138787711,
654.0158081,-0.0004381319159,654.0158081,0.02762644179,654.0158081,0.0137765808,
652.9943237,0.001036233967,652.9943237,0.02680842951,652.9943237,0.01444440614,
651.9725342,0.0001434060541,651.9725342,0.0271105282,651.9725342,0.014736793,
650.9504395,-0.00116857572,650.9504395,0.02651630528,650.9504395,0.01400229242,
649.9280396,-0.0003641663934,649.9280396,0.02749917842,649.9280396,0.01384934597,
649.0514526,-2.629934716E-5,649.0514526,0.0282996241,649.0514526,0.01574449241,
648.0284424,-0.0003772017953,648.0284424,0.02712899074,648.0284424,0.01507013664,
647.005188,0.0001248400804,647.005188,0.02716125734,647.005188,0.01507528219,
645.9815674,0.0008014697232,645.9815674,0.02749250457,645.9815674,0.01555100735,
644.9577026,0.0002917033853,644.9577026,0.02785759233,644.9577026,0.01454380993,
643.9334717,0.0003394199884,643.9334717,0.02834311314,643.9334717,0.01542846672,
643.0553589,0.0003951996332,643.0553589,0.02780622989,643.0553589,0.01573515125,
642.0306396,-0.000639068312,642.0306396,0.0269651264,642.0306396,0.01398095861,
641.0055542,-0.0007626553997,641.0055542,0.02753356844,641.0055542,0.0148804877,
639.9801636,-0.0001418837055,639.9801636,0.02804556675,639.9801636,0.01531325374,
638.9545288,-0.0001236655517,638.9545288,0.02832675539,638.9545288,0.01581895724,
637.9285278,-0.0006510098465,637.9285278,0.02831462584,637.9285278,0.0150346281,
637.0488892,-0.0006170970155,637.0488892,0.02896928415,637.0488892,0.01533765625,
636.0223999,-0.0003559414763,636.0223999,0.02915051579,636.0223999,0.01476041321,
634.9955444,0.0001450115087,634.9955444,0.02920513786,634.9955444,0.01582215168,
633.9684448,-0.0002130927751,633.9684448,0.029063683,633.9684448,0.01588312536,
632.940979,-0.0003886333143,632.940979,0.03006449342,632.940979,0.01570270211,
632.0601196,-0.0005101715215,632.0601196,0.03011384793,632.0601196,0.0151585592,
631.0321045,-0.000554227212,631.0321045,0.03006321751,631.0321045,0.01671531051,
630.0038452,-0.0001572029141,630.0038452,0.02986421809,630.0038452,0.01611342654,
628.9752808,-0.001234712312,628.9752808,0.02971143275,628.9752808,0.01493755076,
627.9464111,-0.0004705589672,627.9464111,0.03007775359,627.9464111,0.01546279993,
627.06427,-0.0003582175705,627.06427,0.0310318321,627.06427,0.01653268747,
626.0348511,-1.998350854E-5,626.0348511,0.02997273393,626.0348511,0.01579683647,
625.005127,-0.0004417005694,625.005127,0.02934093401,625.005127,0.01583756134,
623.9750977,0.0004408546374,623.9750977,0.03015782498,623.9750977,0.01588833332,
622.9448242,4.633835488E-5,622.9448242,0.03025137261,622.9448242,0.0164298173,
622.0614624,-0.001469851937,622.0614624,0.02922388166,622.0614624,0.01490901876,
621.0306396,-0.0005121365539,621.0306396,0.03004499152,621.0306396,0.01576660946,
619.9994507,0.0005208790535,619.9994507,0.03030893765,619.9994507,0.01651238464,
618.9680176,-0.0004133574548,618.9680176,0.02996951714,618.9680176,0.01552417874,
617.9362793,-0.0006908643991,617.9362793,0.02963923104,617.9362793,0.01626053452,
617.0517578,0.0004779884766,617.0517578,0.03206910565,617.0517578,0.01725618355,
616.0194702,0.0006348252646,616.0194702,0.03087638319,616.0194702,0.01767725125,
614.9868774,-4.04837665E-5,614.9868774,0.03199926764,614.9868774,0.01652940549,
613.9540405,0.0002831294551,613.9540405,0.03151679784,613.9540405,0.017039489,
613.0685425,-0.000245847099,613.0685425,0.03124190867,613.0685425,0.01648264751,
612.0351563,-0.0003387669276,612.0351563,0.03292239457,612.0351563,0.01740044542,
611.0014648,-0.0002126788022,611.0014648,0.03449462727,611.0014648,0.01778543368,
609.9674683,0.00061774184,609.9674683,0.03405475989,609.9674683,0.01849197783,
608.9332275,-0.0003544930369,608.9332275,0.03432331234,608.9332275,0.01797689497,
608.0465088,2.81648463E-5,608.0465088,0.03458190709,608.0465088,0.01941298135,
607.0117188,-0.0003468887298,607.0117188,0.03503401205,607.0117188,0.01831111498,
605.9766235,0.001172247692,605.9766235,0.03641130775,605.9766235,0.02004705556,
604.9412842,-0.0001153325575,604.9412842,0.03723631799,604.9412842,0.01928737015,
604.0535889,0.0001279990829,604.0535889,0.0377310887,604.0535889,0.01930853352,
603.0177002,0.0002086392342,603.0177002,0.03873274103,603.0177002,0.02153353579,
601.9815674,-0.0001149702512,601.9815674,0.04023975879,601.9815674,0.02057087049,
600.9450684,0.00013159831,600.9450684,0.0410329327,600.9450684,0.02209994756,
600.0564575,-0.0003583727521,600.0564575,0.0423101522,600.0564575,0.02212985605,
599.0194702,-0.0002525218588,599.0194702,0.04296643287,599.0194702,0.02278610691,
597.9822388,-0.0003692357568,597.9822388,0.04397623613,597.9822388,0.02354292385,
596.9446411,-0.0002843936672,596.9446411,0.04640311748,596.9446411,0.02486413531,
596.0551147,0.0003047329665,596.0551147,0.04743388668,596.0551147,0.02448405325,
595.0170288,0.0002527205797,595.0170288,0.04901162162,595.0170288,0.02617758326,
593.9786987,-0.0003173495352,593.9786987,0.05141434446,593.9786987,0.02650048584,
592.9400635,3.070184539E-5,592.9400635,0.05341659486,592.9400635,0.02779096924,
592.0495605,-5.094059816E-5,592.0495605,0.05478478596,592.0495605,0.02834761702,
591.010437,-0.0001646035671,591.010437,0.0586258918,591.010437,0.03014212102,
589.9710083,-7.785801427E-5,589.9710083,0.06027730554,589.9710083,0.03160651773,
588.9312744,-0.0004993120674,588.9312744,0.06478268653,588.9312744,0.03399118036,
588.039917,-0.0001128999211,588.039917,0.06862550974,588.039917,0.03542400524,
586.9996948,-0.0002328077535,586.9996948,0.07259076834,586.9996948,0.03666219488,
585.9591675,0.0001090971709,585.9591675,0.0771619156,585.9591675,0.03921581805,
585.0670776,-0.0004971401067,585.0670776,0.08100547642,585.0670776,0.04117187858,
584.026062,-0.0002510730701,584.026062,0.08645310998,584.026062,0.04335895553,
582.9848022,-0.000907028385,582.9848022,0.09129937738,582.9848022,0.04591819644,
581.9432373,-3.27186317E-5,581.9432373,0.09728907794,581.9432373,0.04874423146,
581.0502319,-0.0007009437541,581.0502319,0.1031009704,581.0502319,0.05212612823,
580.0081787,-0.001042470103,580.0081787,0.1094696522,580.0081787,0.0548299253,
578.9658203,-0.0004121161182,578.9658203,0.1150906011,578.9658203,0.05748236552,
578.0721436,4.481092401E-5,578.0721436,0.1196464747,578.0721436,0.06028711796,
577.0292969,5.431215686E-5,577.0292969,0.1255971491,577.0292969,0.06311537325,
575.9862061,1.247721593E-5,575.9862061,0.1301373988,575.9862061,0.06492520869,
574.9428101,-0.0004410282127,574.9428101,0.1337521374,574.9428101,0.06671077013,
574.0482178,-0.0001272367808,574.0482178,0.1371848285,574.0482178,0.06854996085,
573.0043335,-0.0004284602182,573.0043335,0.1389898509,573.0043335,0.06945899874,
571.960144,0.000856582541,571.960144,0.1431365609,571.960144,0.07169824094,
571.0649414,0.0001153631965,571.0649414,0.143158704,571.0649414,0.07161721587,
570.0202637,-0.0001744363835,570.0202637,0.1423946172,570.0202637,0.07129689306,
568.9753418,-0.0003494234988,568.9753418,0.1422191411,568.9753418,0.07114821672,
567.9301147,0.0002443805279,567.9301147,0.1426163316,567.9301147,0.0714468807,
567.0339966,0.0001599529642,567.0339966,0.1403819621,567.0339966,0.07034321874,
565.9882813,-0.0002407245483,565.9882813,0.1390918642,565.9882813,0.06957541406,
564.9423218,-0.0009229406132,564.9423218,0.1367611736,564.9423218,0.06765849143,
564.0455933,0.0003730993776,564.0455933,0.1359669417,564.0455933,0.06794496626,
562.9990845,1.869007065E-5,562.9990845,0.1336961687,562.9990845,0.06661012024,
561.9523926,-0.0009981023613,561.9523926,0.1307955533,561.9523926,0.06463237107,
561.0549927,0.0005715239095,561.0549927,0.1299259067,561.0549927,0.06513925642,
560.0077515,0.0004928118433,560.0077515,0.1283278316,560.0077515,0.06360823661,
558.9602661,-0.0005880415556,558.9602661,0.1258892417,558.9602661,0.06249926612,
558.0621948,0.0007293020026,558.0621948,0.1252424717,558.0621948,0.06314498186,
557.0142212,0.0009429356433,557.0142212,0.1246288046,557.0142212,0.0616122745,
555.9659424,9.827425674E-5,555.9659424,0.123049207,555.9659424,0.06179198623,
555.0672607,-0.0009033085662,555.0672607,0.1221202537,555.0672607,0.06075704098,
554.0185547,0.0001272222871,554.0185547,0.122362867,554.0185547,0.06162486225,
552.9695435,-0.001095973887,552.9695435,0.1216257513,552.9695435,0.06007295102,
552.0701904,0.0001384084462,552.0701904,0.1231877208,552.0701904,0.0617214404,
551.020752,0.0001658830734,551.020752,0.1250281036,551.020752,0.06192311272,
549.9710083,-8.283431271E-6,549.9710083,0.1263122112,549.9710083,0.06357488036,
549.0710449,0.001308044419,549.0710449,0.1276572496,549.0710449,0.06387236714,
548.020813,0.0002980238351,548.020813,0.1294412762,548.020813,0.06510990858,
546.9703369,-0.0002027950977,546.9703369,0.1310708672,546.9703369,0.0656042248,
546.0697021,4.204084689E-5,546.0697021,0.1327007264,546.0697021,0.06640771031,
545.0187988,-0.001370464801,545.0187988,0.1332462132,545.0187988,0.0663543269,
543.9675903,-7.863445353E-5,543.9675903,0.1362335682,543.9675903,0.06851325929,
543.0663452,-0.0001293587993,543.0663452,0.1368432492,543.0663452,0.06795952469,
542.0146484,0.0002072925272,542.0146484,0.1391433924,542.0146484,0.06981676072,
540.9627075,0.0006312218611,540.9627075,0.1403995454,540.9627075,0.07029908895,
540.0608521,0.0001254874223,540.0608521,0.1410076618,540.0608521,0.07036735862,
539.0084229,0.0003067016951,539.0084229,0.141804263,539.0084229,0.07089725882,
537.9557495,-0.0003788570466,537.9557495,0.1428620368,537.9557495,0.07043536007,
537.0532837,0.0004768482468,537.0532837,0.142238453,537.0532837,0.07101719826,
536.0001221,-0.0002063139254,536.0001221,0.1416823119,536.0001221,0.07099479437,
534.9467163,0.0001226391469,534.9467163,0.1414800882,534.9467163,0.0708302781,
534.0436401,0.0002636768331,534.0436401,0.141076982,534.0436401,0.0706942752,
532.9897461,0.0005973669467,532.9897461,0.1395959705,532.9897461,0.06982013583,
531.9356689,0.0001142498077,531.9356689,0.138476029,531.9356689,0.06954087317,
531.0319214,-0.001069687656,531.0319214,0.1357740462,531.0319214,0.06805155426,
529.977356,-0.001169763273,529.977356,0.1340565234,529.977356,0.06852077693,
529.0732422,-0.0005252191913,529.0732422,0.1334816068,529.0732422,0.06652328372,
528.0181885,7.714086678E-6,528.0181885,0.1322636604,528.0181885,0.06684526056,
526.9628906,-0.0005576397525,526.9628906,0.1293922365,526.9628906,0.06455010176,
526.0581665,0.0007268905756,526.0581665,0.1269613653,526.0581665,0.06371376663,
525.0023804,-0.0002135584946,525.0023804,0.1253486872,525.0023804,0.06293394417,
523.9464111,-2.220959323E-5,523.9464111,0.1217393428,523.9464111,0.0615969412,
523.0410767,-0.0001035832902,523.0410767,0.1215132475,523.0410767,0.06089193001,
521.9846191,0.0009085635538,521.9846191,0.1201480851,521.9846191,0.05993795395,
520.9279175,-0.0001372774714,520.9279175,0.1173677891,520.9279175,0.05897165835,
520.0219727,-0.0007261669962,520.0219727,0.1138971075,520.0219727,0.05718871579,
518.9647827,-0.001118127489,518.9647827,0.112278156,518.9647827,0.05639372021,
518.0584717,-8.334482118E-5,518.0584717,0.1118565425,518.0584717,0.05741358176,
517.0008545,-0.0009567778907,517.0008545,0.1083764955,517.0008545,0.05483077839,
515.9429932,-0.0003428537166,515.9429932,0.1071939692,515.9429932,0.05569221452,
515.0360718,0.001225849963,515.0360718,0.1049155146,515.0360718,0.05367691815,
513.9777222,-0.000301156455,513.9777222,0.1037814096,513.9777222,0.0525050275,
513.0704346,-0.0007803816698,513.0704346,0.101795502,513.0704346,0.05119879544,
512.0116577,-0.000176661677,512.0116577,0.1011771411,512.0116577,0.05137990415,
510.9526672,0.000324316934,510.9526672,0.1015237197,510.9526672,0.05164667591,
510.0447693,6.785242294E-5,510.0447693,0.09976726025,510.0447693,0.0503346771,
508.985321,-0.0005720136687,508.985321,0.09790464491,508.985321,0.04953340441,
507.9256287,-0.0004899519845,507.9256287,0.09694236517,507.9256287,0.05031148344,
507.0171204,-0.0006669831346,507.0171204,0.09685587883,507.0171204,0.04874851927,
505.9570007,0.0003926864301,505.9570007,0.09596712887,505.9570007,0.04846004769,
505.0481262,0.0003425287432,505.0481262,0.09495797008,505.0481262,0.04852792248,
503.9875488,0.0009407305624,503.9875488,0.09369762242,503.9875488,0.04827107117,
502.9267273,0.0006047028583,502.9267273,0.09378965944,502.9267273,0.04762718081,
502.0172729,0.0003692649771,502.0172729,0.09249905497,502.0172729,0.04732438549,
500.9560242,-3.779334975E-6,500.9560242,0.09206733853,500.9560242,0.04686049372,
500.0462036,0.0001548256841,500.0462036,0.09246168286,500.0462036,0.04725611955,
498.9844971,6.82925529E-5,498.9844971,0.09183055162,498.9844971,0.04736393318,
498.0742798,-0.0003405775351,498.0742798,0.09125054628,498.0742798,0.04664402455,
497.012146,-0.0002208029473,497.012146,0.09102399647,497.012146,0.04735951498,
495.9497986,-0.0001675016829,495.9497986,0.09118322283,495.9497986,0.04691611975,
495.0390015,-0.0002404140832,495.0390015,0.09128171951,495.0390015,0.04740016535,
493.9762268,-2.329730933E-6,493.9762268,0.09202724695,493.9762268,0.04745741934,
493.0650635,7.15806018E-5,493.0650635,0.09183643758,493.0650635,0.04697230086,
492.0018311,2.001031498E-5,492.0018311,0.09160660952,492.0018311,0.04662520438,
490.9383545,-0.0002155765978,490.9383545,0.09166338295,490.9383545,0.04729390144,
490.0266418,0.0006876871921,490.0266418,0.09201832116,490.0266418,0.04752932489,
488.9627686,0.000104332983,488.9627686,0.09191498905,488.9627686,0.04718625173,
488.0506592,-1.346068302E-6,488.0506592,0.09231264889,488.0506592,0.04771561176,
486.9863586,-7.526987611E-5,486.9863586,0.09310254455,486.9863586,0.04857441038,
486.0738831,4.778812581E-5,486.0738831,0.09277495742,486.0738831,0.04720371217,
485.0091553,0.0004017029714,485.0091553,0.09451434016,485.0091553,0.04843596742,
483.9441833,5.871334361E-5,483.9441833,0.09465022385,483.9441833,0.04853388295,
483.0311584,-0.000812059734,483.0311584,0.09406882524,483.0311584,0.04834959283,
481.9657593,-0.0002126270556,481.9657593,0.09509824961,481.9657593,0.0482531935,
481.0523682,8.796942711E-5,481.0523682,0.09649758041,481.0523682,0.04958513752,
479.9865417,0.0001657277026,479.9865417,0.09716796875,479.9865417,0.04948324338,
479.0728149,-0.00109137781,479.0728149,0.09764611721,479.0728149,0.04929756001,
478.0065918,0.0002846059215,478.0065918,0.09985459596,478.0065918,0.05114654824,
476.9401245,0.0002868853917,476.9401245,0.1006774381,476.9401245,0.05142597109,
476.0258179,-0.0002275815641,476.0258179,0.101897873,476.0258179,0.0516878739,
474.9589233,0.0001716578845,474.9589233,0.1045097709,474.9589233,0.05307495594,
474.044281,-0.001349098166,474.044281,0.1045143828,474.044281,0.05272999033,
472.9769897,0.0003478136787,472.9769897,0.1078271344,472.9769897,0.05503318086,
472.0619812,-0.0006002430455,472.0619812,0.1099838093,472.0619812,0.05544035509,
470.9942627,-0.0001348449587,470.9942627,0.1121059805,470.9942627,0.05708198249,
469.9263306,0.0001466428803,469.9263306,0.115333803,469.9263306,0.05879545212,
469.0108032,-0.0002400518861,469.0108032,0.1184436753,469.0108032,0.05998238549,
467.9424438,-2.72311845E-5,467.9424438,0.1217110455,467.9424438,0.06150408834,
467.0265503,-0.0001562713587,467.0265503,0.1250750571,467.0265503,0.06335552037,
465.9577942,0.0003616480681,465.9577942,0.128756389,465.9577942,0.06469416618,
465.0415344,-4.032846482E-5,465.0415344,0.1320733428,465.0415344,0.06685405225,
463.9723816,-6.253599713E-5,463.9723816,0.1382807195,463.9723816,0.06956611574,
463.0557861,9.67725282E-5,463.0557861,0.142711848,463.0557861,0.07199851424,
461.9862061,-0.0008198625874,461.9862061,0.1472036988,461.9862061,0.07335280627,
461.0692749,-0.0009321363177,461.0692749,0.1511331797,461.0692749,0.0753769204,
459.9992981,0.0001476786711,459.9992981,0.1586648822,459.9992981,0.07978383452,
458.9291077,2.886381299E-5,458.9291077,0.1665631086,458.9291077,0.08353714645,
458.0116272,0.0001518995414,458.0116272,0.1739059389,458.0116272,0.08721014112,
456.94104,-6.134541036E-5,456.94104,0.1810997874,456.94104,0.09060879797,
456.0232239,-0.0008374832105,456.0232239,0.1866362393,456.0232239,0.09273710847,
454.95224,6.596245657E-5,454.95224,0.1967056543,454.95224,0.09800931811,
454.0340576,5.154202154E-5,454.0340576,0.2051252276,454.0340576,0.1019194722,
452.962677,4.786579302E-5,452.962677,0.2163585722,452.962677,0.1074143201,
452.0441589,2.407461761E-5,452.0441589,0.2258169651,452.0441589,0.1114043221,
450.9723816,0.0004142694816,450.9723816,0.2382678688,450.9723816,0.1176302209,
450.0535583,0.0001355082932,450.0535583,0.2467137277,450.0535583,0.1218666807,
448.9813538,-2.044943358E-5,448.9813538,0.2603342831,448.9813538,0.1287775636,
448.0621948,0.0001646141754,448.0621948,0.2751432359,448.0621948,0.1362405121,
446.989624,0.0001095632397,446.989624,0.2911542058,446.989624,0.1432515681,
446.0700989,0.0003796542005,446.0700989,0.303958565,446.0700989,0.1508492231,
444.9971313,0.0003008214408,444.9971313,0.3244621158,444.9971313,0.159150824,
443.9239502,-0.0004171849287,443.9239502,0.3451833725,443.9239502,0.1697199792,
443.0039368,0.0005992074148,443.0039368,0.3664530516,443.0039368,0.1805501431,
441.9303589,0.0003031009983,441.9303589,0.3918599486,441.9303589,0.1921281666,
441.0100098,7.911472494E-5,441.0100098,0.4148240983,441.0100098,0.2028072476,
439.9360657,-5.922305718E-5,439.9360657,0.4473167062,439.9360657,0.2179963887,
439.0153809,3.574999209E-5,439.0153809,0.4713392854,439.0153809,0.2312712371,
437.94104,-0.0001622747077,437.94104,0.5074759722,437.94104,0.2483042926,
437.0200195,-0.0002825310803,437.0200195,0.5493596792,437.0200195,0.2686037719,
435.945282,-2.376266821E-5,435.945282,0.5952076316,435.945282,0.2906097174,
435.0239563,-0.0006902441382,435.0239563,0.6392082572,435.0239563,0.3119855225,
433.9488525,-0.0002562472364,433.9488525,0.688179791,433.9488525,0.3350083828,
433.0271606,0.0006489799125,433.0271606,0.7374874949,433.0271606,0.3589830399,
431.9516907,0.0002333470184,431.9516907,0.7987012267,431.9516907,0.3904317617,
431.0296936,0.0004244784068,431.0296936,0.8651651144,431.0296936,0.4195304513,
429.9538269,-0.0002735285379,429.9538269,0.9289633036,429.9538269,0.4544825852,
429.0315247,-6.015482359E-5,429.0315247,0.9800311923,429.0315247,0.478343308,
427.9552917,-0.0001610326435,427.9552917,1.037983656,427.9552917,0.5097121,
427.0326538,0.0005738826003,427.0326538,1.099065185,427.0326538,0.5372434855,
425.9560242,-0.0002515387605,425.9560242,1.164625883,425.9560242,0.5682159662,
425.0330811,9.092103573E-5,425.0330811,1.206556082,425.0330811,0.5914213061,
423.9560852,-0.0002317728795,423.9560852,1.265279055,423.9560852,0.6164731979,
423.0328064,0.0005004568957,423.0328064,1.292415857,423.0328064,0.6322823763,
421.9554443,0.0008857627399,421.9554443,1.321838498,421.9554443,0.6457836628,
421.0318604,-0.0006234559114,421.0318604,1.340802312,421.0318604,0.6553415656,
419.9541321,-0.0001064818207,419.9541321,1.349153996,419.9541321,0.65928936,
419.0302124,-0.0004096851335,419.0302124,1.346727014,419.0302124,0.6573935747,
417.9521484,0.0002525651653,417.9521484,1.334967375,417.9521484,0.6498448253,
417.0278931,-1.263216927E-5,417.0278931,1.313576102,417.0278931,0.6418938637,
415.9494629,6.730404039E-6,415.9494629,1.283916116,415.9494629,0.6271361709,
415.0249023,0.0003255603951,415.0249023,1.252421975,415.0249023,0.6079562306,
413.946106,-5.829128713E-5,413.946106,1.210259199,413.946106,0.588262558,
413.0212402,0.0004732202506,413.0212402,1.162566185,413.0212402,0.5733501315,
411.9420776,0.0003330211912,411.9420776,1.124097824,411.9420776,0.5509018898,
411.0169067,0.0003323217388,411.0169067,1.083107591,411.0169067,0.5283346772,
409.9373779,0.0005599636934,409.9373779,1.026478648,409.9373779,0.4995608032,
409.0119019,0.0005478595267,409.0119019,0.9889524579,409.0119019,0.4794984758,
407.9320068,0.0006619424676,407.9320068,0.9424089789,407.9320068,0.4586695731,
407.0062256,-0.000245329662,407.0062256,0.9081152678,407.0062256,0.4420368075,
405.9259644,0.0003081264149,405.9259644,0.8673663735,405.9259644,0.423361361,
404.9998779,-0.0005590875517,404.9998779,0.8299051523,404.9998779,0.4035770893,
404.0736694,-0.0002448640007,404.0736694,0.8018726707,404.0736694,0.3886129856,
402.9928894,0.0001389263198,402.9928894,0.7690162063,402.9928894,0.3752075732,
402.0663452,0.0002825077681,402.0663452,0.7492495179,402.0663452,0.3644762039,
400.9852295,-0.0002908091119,400.9852295,0.7176927328,400.9852295,0.349075824,
400.0584106,0.0002260951151,400.0584106,0.6953205466,400.0584106,0.3359538615,
398.9769287,0.001052659238,398.9769287,0.6700123549,398.9769287,0.323407799,
398.0498047,0.0002727684332,398.0498047,0.6476108432,398.0498047,0.3133658171,
396.9679871,0.0001651320927,396.9679871,0.6238504648,396.9679871,0.3033444881,
396.0405579,0.0002280116751,396.0405579,0.6080886722,396.0405579,0.2947044969,
394.958374,0.0007006249507,394.958374,0.5859643221,394.958374,0.2843414843,
394.0306702,-0.000271769386,394.0306702,0.5632174015,394.0306702,0.2737876773,
392.9481506,-0.001082650269,392.9481506,0.5482068658,392.9481506,0.2653687894,
392.0201111,-0.0001578239608,392.0201111,0.5330520272,392.0201111,0.2585955858,
390.9372559,0.0004094760225,390.9372559,0.517267108,390.9372559,0.2504290044,
390.0089417,-2.925015906E-5,390.0089417,0.5017264485,390.0089417,0.2427704334,
388.9257507,0.0003171153076,388.9257507,0.4849976599,388.9257507,0.2348880619,
387.9971619,0.0004359054146,387.9971619,0.473154366,387.9971619,0.2298461795,
387.0684204,1.555774543E-5,387.0684204,0.4650637507,387.0684204,0.2251000702,
385.9847107,2.899238098E-6,385.9847107,0.450867027,385.9847107,0.2195917368,
385.0556946,-0.0003502511827,385.0556946,0.4412336349,385.0556946,0.2154100984,
383.9716492,0.0003136181622,383.9716492,0.4326965809,383.9716492,0.2106614113,
383.0423279,-1.51689128E-5,383.0423279,0.4249388874,383.0423279,0.2075980008,
381.9579468,0.0004849854449,381.9579468,0.4181607664,381.9579468,0.2040482461,
381.0283508,0.0001596422226,381.0283508,0.4135603607,381.0283508,0.2021842152,
379.943634,0.0003023757017,379.943634,0.4082308114,379.943634,0.19948107,
379.0137634,8.175558469E-5,379.0137634,0.4052165151,379.0137634,0.1983446479,
377.9287109,-0.0004683351726,377.9287109,0.4026297927,377.9287109,0.1960823238,
376.9985352,-0.0001872704888,376.9985352,0.4010710418,376.9985352,0.1960717589,
376.0682373,0.0003858463897,376.0682373,0.4007305801,376.0682373,0.1963868737,
374.9827271,4.970390364E-5,374.9827271,0.4003430307,374.9827271,0.1953878254,
374.052124,0.0001897856127,374.052124,0.4013240039,374.052124,0.1965429038,
372.9662781,0.0008358074119,372.9662781,0.4020478427,372.9662781,0.1970613003,
372.0354004,-0.0002419663797,372.0354004,0.4038197398,372.0354004,0.1976046711,
370.9492493,-0.0004873663129,370.9492493,0.4056459665,370.9492493,0.1988487095,
370.0180969,-0.000136759918,370.0180969,0.4085370004,370.0180969,0.200092718,
368.9315796,-0.0002257187443,368.9315796,0.411930263,368.9315796,0.2021799684,
368.0001831,-0.0002374647156,368.0001831,0.4151165783,368.0001831,0.2037080675,
367.068634,-0.0004470276181,367.068634,0.4182765782,367.068634,0.2052960992,
365.9816589,-0.0003013634123,365.9816589,0.4211120605,365.9816589,0.2067790776,
365.0498352,-0.0008708104724,365.0498352,0.4244178236,365.0498352,0.2078209966,
363.9625244,-7.951441512E-5,363.9625244,0.4264380634,363.9625244,0.2096400857,
363.030426,-0.0007470474229,363.030426,0.4279738963,363.030426,0.2100821882,
361.9428406,0.0003834886884,361.9428406,0.4302406609,361.9428406,0.2114300579,
361.0104675,0.0001799965539,361.0104675,0.4307176471,361.0104675,0.2115875334,
359.9225159,-3.882721649E-5,359.9225159,0.4295276105,359.9225159,0.2115316242,
358.9898987,-0.0001256323158,358.9898987,0.4290803075,358.9898987,0.2111976594,
358.0571289,-0.001130262506,358.0571289,0.4258897007,358.0571289,0.2090058029,
356.96875,-0.0001400722686,356.96875,0.4242613018,356.96875,0.2093108892,
356.0357056,0.0005691651604,356.0357056,0.422085166,356.0357056,0.2088847309,
354.9470215,-6.1604238E-5,354.9470215,0.4177865088,354.9470215,0.2064568698,
354.0137024,-0.0002129892819,354.0137024,0.4135162234,354.0137024,0.2036022842,
352.9247131,0.0002348492126,352.9247131,0.4072434008,352.9247131,0.2014146298,
351.9911194,0.0001747395436,351.9911194,0.4033527374,351.9911194,0.1986453533,
351.0574341,-0.0004264948075,351.0574341,0.3976352513,351.0574341,0.1966700703,
349.9679871,-0.0002599208674,349.9679871,0.3904429674,349.9679871,0.1924366206,
349.0340271,-0.0005598114221,349.0340271,0.3844335973,349.0340271,0.1901761442,
347.9442749,0.0003515701683,347.9442749,0.378056705,347.9442749,0.1879048347,
347.0100708,0.0004952478921,347.0100708,0.3724094033,347.0100708,0.1847192198,
346.0757141,-1.258039811E-5,346.0757141,0.3673251271,346.0757141,0.1823105365,
344.9855347,-0.0005362331867,344.9855347,0.3618331254,344.9855347,0.1795181036,
344.0509338,0.0003192136064,344.0509338,0.3545968831,344.0509338,0.1766824722,
342.9604187,-0.0001242348808,342.9604187,0.3470440209,342.9604187,0.1732723415,
342.0255737,2.684457831E-5,342.0255737,0.3420822024,342.0255737,0.1699434519,
340.9347534,-0.0009514570702,340.9347534,0.3347270191,340.9347534,0.1661206037,
339.9996643,8.271354454E-5,339.9996643,0.3311134875,339.9996643,0.1650030762,
339.0644226,-0.0004294429091,339.0644226,0.3240867257,339.0644226,0.1612397581,
337.973175,-0.001038493123,337.973175,0.3168877065,337.973175,0.1580902636,
337.0377197,-0.0002907573944,337.0377197,0.3109738827,337.0377197,0.1557978392,
335.946167,-0.0008504010621,335.946167,0.3022371829,335.946167,0.1515264958,
335.010437,-0.000160049327,335.010437,0.2988764942,335.010437,0.1495520622,
334.074585,0.0005643700133,334.074585,0.2928305864,334.074585,0.1472103894,
332.9826355,0.0001131623067,332.9826355,0.2872582674,332.9826355,0.1439422965,
332.0465393,0.0001041517389,332.0465393,0.2811347246,332.0465393,0.1421556473,
330.9542847,5.594317918E-5,330.9542847,0.2750216424,330.9542847,0.1383121461,
330.0179138,-0.0003146593517,330.0179138,0.2701410949,330.0179138,0.1360354573,
328.9253845,0.001170872012,328.9253845,0.2653744221,328.9253845,0.133165136,
327.9888,-0.000300794316,327.9888,0.2592204511,327.9888,0.1306440383,
327.0520935,-0.0003314727219,327.0520935,0.2565753162,327.0520935,0.1289273202,
325.9591064,0.0003739802341,325.9591064,0.2506295741,325.9591064,0.1262122989,
325.0221558,0.0001603413984,325.0221558,0.2467595935,325.0221558,0.1248553246,
323.928894,0.0002416609641,323.928894,0.2422926575,323.928894,0.1229895577,
322.9916992,-0.0001715900726,322.9916992,0.2387805134,322.9916992,0.1210217848,
322.0544128,0.001126178307,322.0544128,0.2368283272,322.0544128,0.1201924309,
320.9607544,7.765790855E-8,320.9607544,0.2337831706,320.9607544,0.1186507344,
320.0231934,0.001208795118,320.0231934,0.2326320261,320.0231934,0.1179302782,
318.9292603,-0.0002033125638,318.9292603,0.2307339311,318.9292603,0.1170869693,
317.9914551,-0.0003551655391,317.9914551,0.2291459888,317.9914551,0.115954347,
317.0535583,-0.0006175106391,317.0535583,0.2287407815,317.0535583,0.1159193888,
315.959198,-0.0001879432239,315.959198,0.2304005027,315.959198,0.1168549061,
315.0210876,8.374918252E-5,315.0210876,0.2322492301,315.0210876,0.1180868,
313.9264526,-4.239914779E-5,313.9264526,0.2351980805,313.9264526,0.119264625,
312.9880676,0.0003284877166,312.9880676,0.2404264063,312.9880676,0.122388497,
312.0495911,6.578122702E-5,312.0495911,0.2462081462,312.0495911,0.1249587908,
310.9545593,-3.059613664E-5,310.9545593,0.2577424049,310.9545593,0.1298892498,
310.0158386,-0.0001727803465,310.0158386,0.2656218708,310.0158386,0.1349347383,
309.0770264,-0.0002473993809,309.0770264,0.284694016,309.0770264,0.1432575434,
307.9815979,4.970390364E-5,307.9815979,0.3101409078,307.9815979,0.1544785649,
307.0425415,0.0004770555825,307.0425415,0.3354872167,307.0425415,0.1655591577,
305.9468689,0.0002118247503,305.9468689,0.3696698844,305.9468689,0.1863281429,
305.0075684,-0.0002235454449,305.0075684,0.4031769037,305.0075684,0.1985205561,
304.0681763,-0.0004728344793,304.0681763,0.4459556639,304.0681763,0.2226830125,
302.9721069,-0.0001064818207,302.9721069,0.5173677802,302.9721069,0.2512308359,
302.0325012,-0.0004205985751,302.0325012,0.5719274282,302.0325012,0.2780112922,
300.9361267,5.441571557E-5,300.9361267,0.6460723877,300.9361267,0.3191084862,
299.9963074,0.0009837705875,299.9963074,0.7047370672,299.9963074,0.3434249461,
299.056366,-0.0001146079449,299.056366,0.789565742,299.056366,0.3858467042,
297.9596252,0.0007678608526,297.9596252,0.8894088268,297.9596252,0.4515538216,
297.0194397,0.0007273832452,297.0194397,1.011876464,297.0194397,0.4971193969,
295.9224548,-2.914662218E-5,295.9224548,1.144159198,295.9224548,0.569267571,
294.9820557,-0.0001265121828,294.9820557,1.267223239,294.9820557,0.6308962107,
294.0415649,-0.0005332857836,294.0415649,1.44334197,294.0415649,0.7064247131,
292.9442139,-0.0002744080848,292.9442139,1.570575595,292.9442139,0.7708035111,
292.003479,0.0001480153005,292.003479,1.645623326,292.003479,0.8013224006,
291.0626831,-4.384861677E-5,291.0626831,1.702035666,291.0626831,0.836889267,
289.9649353,-5.989599958E-5,289.9649353,1.821036339,289.9649353,0.8990773559,
289.0238953,0.0003864163882,289.0238953,1.934484243,289.0238953,0.96884197,
287.9259033,-0.0001913586893,287.9259033,2.116535664,287.9259033,1.04486835,
286.9846497,0.0007961533265,286.9846497,2.24037075,286.9846497,1.101862907,
286.0433044,0.0002218217269,286.0433044,2.310617685,286.0433044,1.140136003,
284.9449463,-0.0002840314992,284.9449463,2.368749857,284.9449463,1.170288801,
284.0033569,-0.0004504927492,284.0033569,2.383780956,284.0033569,1.178817034,
283.0617065,-0.0002930338087,283.0617065,2.421676397,283.0617065,1.188468695,
281.9629822,-0.0003896678099,281.9629822,2.461087942,281.9629822,1.2035743,
281.0211182,-0.0002981040161,281.0211182,2.445716858,281.0211182,1.207594514,
279.9221191,-0.0001974650368,279.9221191,2.419559717,279.9221191,1.207171321,
278.9800415,-1.812014034E-6,278.9800415,2.420387268,278.9800415,1.200687647,
278.0378723,0.0001313652756,278.0378723,2.359560728,278.0378723,1.185183048,
276.9385376,-0.0006951029645,276.9385376,2.329840183,276.9385376,1.169765592,
275.9961548,-4.591928155E-5,275.9961548,2.33024168,275.9961548,1.146610975,
275.0536804,0.0003882559249,275.0536804,2.281179428,275.0536804,1.12740922,
273.9539795,7.564538828E-5,273.9539795,2.236070156,273.9539795,1.095831156,
273.0112915,0.0004545365227,273.0112915,2.168525696,273.0112915,1.07450819,
272.068512,0.0001328412181,272.068512,2.094999075,272.068512,1.051089168,
270.9684753,0.0001117899956,270.9684753,2.110548735,270.9684753,1.031680107,
270.0254822,-0.0005378877977,270.0254822,2.059033871,270.0254822,1.00124383,
268.9252014,-0.001295573893,268.9252014,1.957190037,268.9252014,0.9572402239,
267.9820251,-0.0009604972438,267.9820251,1.884548306,267.9820251,0.9265646935,
267.0387573,-0.000277615909,267.0387573,1.845222473,267.0387573,0.9049932957,
265.9381409,-0.0003537688463,265.9381409,1.76774931,265.9381409,0.8693243861,
264.9946594,-0.0002134032547,264.9946594,1.713745475,264.9946594,0.8363215327,
264.0510864,-0.00134135643,264.0510864,1.629835963,264.0510864,0.7999531031,
262.9501343,-0.0006614520098,262.9501343,1.592158556,262.9501343,0.772375226,
262.0063477,-0.001507412991,262.0063477,1.551587343,262.0063477,0.7571012378,
261.0625,-0.001047118334,261.0625,1.529912114,261.0625,0.7455470562,
259.9612122,-0.000101150581,259.9612122,1.465192199,259.9612122,0.7179874182,
259.0171509,-0.0006197853363,259.0171509,1.380143642,259.0171509,0.6792430878,
258.072998,-0.001131140278,258.072998,1.32978189,258.072998,0.6504335403,
256.9713745,-0.0009145195945,256.9713745,1.282994986,256.9713745,0.6281086802,
256.0270386,0.0005751786521,256.0270386,1.273034096,256.0270386,0.6221204996,
254.9252014,-0.002153026406,254.9252014,1.258370042,254.9252014,0.6118801832,
253.9806671,0.0002886467846,253.9806671,1.242702842,253.9806671,0.606595397,
253.0360413,0.0007085329853,253.0360413,1.229121327,253.0360413,0.604406476,
251.9338837,0.0009009890491,251.9338837,1.243421316,251.9338837,0.6082905531,
250.9890747,0.0008376229671,250.9890747,1.277906418,250.9890747,0.619330883,
250.0441742,-0.0002900848049,250.0441742,1.330724955,250.0441742,0.6496532559,
248.947998,-0.0004018748587,248.947998,1.394957662,248.947998,0.6815821528,
248.0085449,-0.000293861609,248.0085449,1.486726165,248.0085449,0.7212530971,
247.0690155,0.0006581573398,247.0690155,1.60019052,247.0690155,0.7868174911,
245.9727936,-0.0003668045392,245.9727936,1.775225878,245.9727936,0.8815135956,
245.0330658,-0.0001178687016,245.0330658,1.999730349,245.0330658,0.9951714873,
243.9366302,-0.000711384695,243.9366302,2.244509935,243.9366302,1.149962306,
242.9967346,-0.0003178668849,242.9967346,2.480003119,242.9967346,1.32203424,
242.0567474,-0.0005279080942,242.0567474,2.508161783,242.0567474,1.465198398,
240.9600067,-9.323124686E-5,240.9600067,2.964869022,240.9600067,1.810209513,
240.0198364,-0.0002900330583,240.0198364,2.770050764,240.0198364,2.084350109,
238.9228821,0.0008399312501,238.9228821,3.321821213,238.9228821,2.552022457,
237.9825439,6.950938405E-5,237.9825439,2.881754637,237.9825439,2.449156046,
237.0421143,-0.0007701491122,237.0421143,2.922613382,237.0421143,2.777703047,
235.9448547,-0.0008674003766,235.9448547,3.555655479,235.9448547,10,
235.0042572,4.196318332E-5,235.0042572,10,235.0042572,2.734886885,
234.0635834,0.001157193445,234.0635834,3.135503769,234.0635834,2.797380209,
232.9660187,0.0009083300829,232.9660187,2.682768822,232.9660187,2.46047163,
232.025177,0.0004173787602,232.025177,3.233973503,232.025177,10,
230.9274139,-0.0009141579503,230.9274139,10,230.9274139,2.581718445,
229.9863892,-0.0009182909853,229.9863892,10,229.9863892,2.60848403,
229.0452728,-0.001514584292,229.0452728,3.058333635,229.0452728,3.000748158,
227.9472198,-0.001890421961,227.9472198,2.964984417,227.9472198,2.84146595,
227.0059509,-0.006061925087,227.0059509,3.010546207,227.0059509,2.978514433,
226.0646057,-0.0009349776665,226.0646057,3.569689035,226.0646057,2.953757048,
224.9662628,-0.01703436859,224.9662628,2.576460838,224.9662628,2.706091404,
224.0247345,0.01298896689,224.0247345,2.850934744,224.0247345,2.724856138,
222.9261932,0.009100888856,222.9261932,2.665008307,222.9261932,2.42551136,
221.9845123,-0.00892529171,221.9845123,2.341893673,221.9845123,2.3295331,
221.0427551,-0.022437701,221.0427551,2.349570036,221.0427551,2.262222767,
219.943924,-0.05207519978,219.943924,1.913226604,219.943924,1.953775644,
219.0019989,-0.03688051924,219.0019989,1.978347659,219.0019989,1.802459598,
218.0599976,-0.006746228319,218.0599976,1.92590332,218.0599976,1.661919951,
216.960907,0.0185431689,216.960907,1.842735529,216.960907,1.676804185,
216.0187378,0.02937076241,216.0187378,1.438732982,216.0187378,1.810532689,
215.0765076,-0.01994027384,215.0765076,1.299153328,215.0765076,0.9394999743,
213.9771271,-0.009738718159,213.9771271,0.918097496,213.9771271,0.807174921,
213.034729,0.025609456,213.034729,0.8998929858,213.034729,0.8933368921,
211.9351807,-0.03365208581,211.9351807,0.5010874867,211.9351807,0.6272125244,
210.9926147,0.001767435577,210.9926147,0.9311984181,210.9926147,0.6827814579,
210.0499878,0.02661801688,210.0499878,0.4904067516,210.0499878,0.4996367395,
208.9501648,-0.03179474548,208.9501648,0.7600669861,208.9501648,0.4324954152,
208.0073853,0.1013627201,208.0073853,0.5126926303,208.0073853,0.687045753,
207.0645294,0.1760448813,207.0645294,0.8430435658,207.0645294,0.6483643651,
205.9644318,-0.1266314238,205.9644318,0.3430608809,205.9644318,0.2662573457,
205.0214233,-0.1045415923,205.0214233,0.1427061409,205.0214233,0.5036544204,
204.0783539,0.03266807646,204.0783539,0.6214991212,204.0783539,0.888764441,
202.9779968,0.08390311897,202.9779968,0.6419124603,202.9779968,0.6850119233,
202.0347748,-0.03651960194,202.0347748,0.3083890378,202.0347748,0.2583321035,
200.9342499,0.07846537232,200.9342499,0.3847301304,200.9342499,0.4662734866,
199.9907532,-0.1277429163,199.9907532,0.4050274789,199.9907532,0.2299922705,

blank,
blank
Collection Time: 18/10/2019 12:00:16
Operator Name  :
Scan Software Version: 3.00(339)
Parameter List :
Instrument                        Cary 50
Instrument Version                3.00
Start (nm)                        800.0
Stop (nm)                         200.0
X Mode                            Nanometers
Y Mode                            Abs
UV-Vis Scan Rate (nm/min)         4800.00
UV-Vis Data Interval (nm)         1.00
UV-Vis Ave. Time (sec)            0.0125
Beam Mode                         Dual Beam
Baseline Correction               On
Baseline Type                     Baseline correction
Baseline File Name
Baseline Std Ref File Name
Cycle Mode                        Off
Comments
Method Log     :
Method Name    :
Date/Time stamp: 18/10/2019 11:59:36
Method Modifications:
Common Interval nm Changed: 18/10/2019 11:59:56, Old:     5.00, New:     1.00
Baseline Correction Changed: 18/10/2019 11:59:56, Old:0, New:1
Storage Changed: 18/10/2019 11:59:56, Old:1, New:0
End Method Modifications
<Current Wavelength> , 203.0

bm3_workingStock_2in100,
bm3_workingStock_2in100
Collection Time: 18/10/2019 12:00:46
Operator Name  :
Scan Software Version: 3.00(339)
Parameter List :
Instrument                        Cary 50
Instrument Version                3.00
Start (nm)                        800.0
Stop (nm)                         200.0
X Mode                            Nanometers
Y Mode                            Abs
UV-Vis Scan Rate (nm/min)         4800.00
UV-Vis Data Interval (nm)         1.00
UV-Vis Ave. Time (sec)            0.0125
Beam Mode                         Dual Beam
Baseline Correction               On
Baseline Type                     Baseline correction
Baseline File Name
Baseline Std Ref File Name
Cycle Mode                        Off
Comments
Method Log     :
Method Name    :
Date/Time stamp: 18/10/2019 11:59:36
Method Modifications:
Common Interval nm Changed: 18/10/2019 11:59:56, Old:     5.00, New:     1.00
Baseline Correction Changed: 18/10/2019 11:59:56, Old:0, New:1
Storage Changed: 18/10/2019 11:59:56, Old:1, New:0
End Method Modifications
<Current Wavelength> , 203.0

bm3_workingStock_21n100,
bm3_workingStock_21n100
Collection Time: 18/10/2019 12:03:22
Operator Name  :
Scan Software Version: 3.00(339)
Parameter List :
Instrument                        Cary 50
Instrument Version                3.00
Start (nm)                        800.0
Stop (nm)                         200.0
X Mode                            Nanometers
Y Mode                            Abs
UV-Vis Scan Rate (nm/min)         4800.00
UV-Vis Data Interval (nm)         1.00
UV-Vis Ave. Time (sec)            0.0125
Beam Mode                         Dual Beam
Baseline Correction               On
Baseline Type                     Baseline correction
Baseline File Name
Baseline Std Ref File Name
Cycle Mode                        Off
Comments
Method Log     :
Method Name    :
Date/Time stamp: 18/10/2019 11:59:36
Method Modifications:
Common Interval nm Changed: 18/10/2019 11:59:56, Old:     5.00, New:     1.00
Baseline Correction Changed: 18/10/2019 11:59:56, Old:0, New:1
Storage Changed: 18/10/2019 11:59:56, Old:1, New:0
End Method Modifications
<Current Wavelength> , 203.0

